-- MySQL dump 10.13  Distrib 8.0.18, for Win64 (x86_64)
--
-- Host: 127.0.0.1    Database: contapos
-- ------------------------------------------------------
-- Server version	8.0.40

/*!40101 SET @OLD_CHARACTER_SET_CLIENT=@@CHARACTER_SET_CLIENT */;
/*!40101 SET @OLD_CHARACTER_SET_RESULTS=@@CHARACTER_SET_RESULTS */;
/*!40101 SET @OLD_COLLATION_CONNECTION=@@COLLATION_CONNECTION */;
/*!50503 SET NAMES utf8mb4 */;
/*!40103 SET @OLD_TIME_ZONE=@@TIME_ZONE */;
/*!40103 SET TIME_ZONE='+00:00' */;
/*!40014 SET @OLD_UNIQUE_CHECKS=@@UNIQUE_CHECKS, UNIQUE_CHECKS=0 */;
/*!40014 SET @OLD_FOREIGN_KEY_CHECKS=@@FOREIGN_KEY_CHECKS, FOREIGN_KEY_CHECKS=0 */;
/*!40101 SET @OLD_SQL_MODE=@@SQL_MODE, SQL_MODE='NO_AUTO_VALUE_ON_ZERO' */;
/*!40111 SET @OLD_SQL_NOTES=@@SQL_NOTES, SQL_NOTES=0 */;

--
-- Table structure for table `arqueoscajas`
--

DROP TABLE IF EXISTS `arqueoscajas`;
/*!40101 SET @saved_cs_client     = @@character_set_client */;
/*!50503 SET character_set_client = utf8mb4 */;
CREATE TABLE `arqueoscajas` (
  `id` int NOT NULL AUTO_INCREMENT,
  `id_cierrecajaid` int NOT NULL,
  `cienmil` int DEFAULT NULL,
  `cincuentamil` int DEFAULT NULL,
  `veintemil` int DEFAULT NULL,
  `diezmil` int DEFAULT NULL,
  `cincomil` int DEFAULT NULL,
  `dosmil` int DEFAULT NULL,
  `mil` int DEFAULT NULL,
  `quinientos` int DEFAULT NULL,
  `docientos` int DEFAULT NULL,
  `cien` int DEFAULT NULL,
  `cincuenta` int DEFAULT NULL,
  `dato1` int DEFAULT NULL,
  `dato2` int DEFAULT NULL,
  PRIMARY KEY (`id`),
  KEY `id_cierrecajaid_idx` (`id_cierrecajaid`),
  CONSTRAINT `id_cierrecajaid` FOREIGN KEY (`id_cierrecajaid`) REFERENCES `cierrescajas` (`id`) ON DELETE CASCADE ON UPDATE CASCADE
) ENGINE=InnoDB AUTO_INCREMENT=4 DEFAULT CHARSET=utf8mb3 COLLATE=utf8mb3_unicode_ci;
/*!40101 SET character_set_client = @saved_cs_client */;

--
-- Dumping data for table `arqueoscajas`
--

LOCK TABLES `arqueoscajas` WRITE;
/*!40000 ALTER TABLE `arqueoscajas` DISABLE KEYS */;
INSERT INTO `arqueoscajas` VALUES (1,1,4,3,5,0,0,0,0,0,0,0,0,0,0),(2,3,11,10,6,12,0,0,0,0,0,0,0,0,0),(3,4,0,0,0,0,0,0,0,0,0,0,0,0,0);
/*!40000 ALTER TABLE `arqueoscajas` ENABLE KEYS */;
UNLOCK TABLES;

--
-- Table structure for table `caja`
--

DROP TABLE IF EXISTS `caja`;
/*!40101 SET @saved_cs_client     = @@character_set_client */;
/*!50503 SET character_set_client = utf8mb4 */;
CREATE TABLE `caja` (
  `id` int NOT NULL AUTO_INCREMENT,
  `idtipoconsecutivo` int NOT NULL,
  `nombre` varchar(33) CHARACTER SET utf8mb3 COLLATE utf8mb3_spanish_ci NOT NULL,
  `negocio` varchar(45) CHARACTER SET utf8mb3 COLLATE utf8mb3_spanish_ci DEFAULT NULL,
  PRIMARY KEY (`id`),
  KEY `idconsecutivo_idx` (`idtipoconsecutivo`),
  CONSTRAINT `idconsecutivo` FOREIGN KEY (`idtipoconsecutivo`) REFERENCES `consecutivos` (`id`) ON UPDATE CASCADE
) ENGINE=InnoDB AUTO_INCREMENT=13 DEFAULT CHARSET=utf8mb3 COLLATE=utf8mb3_unicode_ci;
/*!40101 SET character_set_client = @saved_cs_client */;

--
-- Dumping data for table `caja`
--

LOCK TABLES `caja` WRITE;
/*!40000 ALTER TABLE `caja` DISABLE KEYS */;
INSERT INTO `caja` VALUES (1,1,'Caja principal','Negocios pos sas'),(2,2,'Caja bodega','Negocios pos sas'),(3,1,'Caja auxiliar','Negocios pos sas');
/*!40000 ALTER TABLE `caja` ENABLE KEYS */;
UNLOCK TABLES;

--
-- Table structure for table `categoriagastos`
--

DROP TABLE IF EXISTS `categoriagastos`;
/*!40101 SET @saved_cs_client     = @@character_set_client */;
/*!50503 SET character_set_client = utf8mb4 */;
CREATE TABLE `categoriagastos` (
  `id` int NOT NULL AUTO_INCREMENT,
  `nombre` varchar(45) CHARACTER SET utf8mb3 COLLATE utf8mb3_spanish_ci NOT NULL,
  PRIMARY KEY (`id`)
) ENGINE=InnoDB AUTO_INCREMENT=11 DEFAULT CHARSET=utf8mb3 COLLATE=utf8mb3_unicode_ci;
/*!40101 SET character_set_client = @saved_cs_client */;

--
-- Dumping data for table `categoriagastos`
--

LOCK TABLES `categoriagastos` WRITE;
/*!40000 ALTER TABLE `categoriagastos` DISABLE KEYS */;
INSERT INTO `categoriagastos` VALUES (1,'Rebastecimiento'),(2,'Arriendo o alquiler de esepacio'),(3,'Marketing o publicidad'),(4,'Papeleria'),(5,'Mantenimiento y/o reparacion'),(6,'Alquiler de equipos'),(7,'Servicios publicos'),(8,'Insumos de aseo'),(9,'Logistica distribucion o transporte '),(10,'Otros');
/*!40000 ALTER TABLE `categoriagastos` ENABLE KEYS */;
UNLOCK TABLES;

--
-- Table structure for table `categorias`
--

DROP TABLE IF EXISTS `categorias`;
/*!40101 SET @saved_cs_client     = @@character_set_client */;
/*!50503 SET character_set_client = utf8mb4 */;
CREATE TABLE `categorias` (
  `id` int NOT NULL AUTO_INCREMENT,
  `nombre` varchar(45) CHARACTER SET utf8mb3 COLLATE utf8mb3_general_ci NOT NULL,
  `codigo` varchar(15) CHARACTER SET utf8mb3 COLLATE utf8mb3_general_ci DEFAULT NULL,
  `totalproductos` int DEFAULT NULL,
  `foto` varchar(99) CHARACTER SET utf8mb3 COLLATE utf8mb3_general_ci DEFAULT NULL,
  `fechacreacion` date DEFAULT NULL,
  `visible` tinyint(1) DEFAULT NULL,
  PRIMARY KEY (`id`),
  UNIQUE KEY `nombre_UNIQUE` (`nombre`),
  UNIQUE KEY `referencia_UNIQUE` (`codigo`)
) ENGINE=InnoDB AUTO_INCREMENT=13 DEFAULT CHARSET=utf8mb3 COLLATE=utf8mb3_unicode_ci;
/*!40101 SET character_set_client = @saved_cs_client */;

--
-- Dumping data for table `categorias`
--

LOCK TABLES `categorias` WRITE;
/*!40000 ALTER TABLE `categorias` DISABLE KEYS */;
INSERT INTO `categorias` VALUES (1,'Categoria_Otros',NULL,0,NULL,NULL,0),(5,'Equipos Electricos','E001',7,NULL,'2025-02-06',1),(6,'Equipos Neumaticos','E002',NULL,NULL,'2024-01-14',1),(7,'Herramientas Manuales','H001',5,NULL,'2024-01-14',1),(8,'Herramientas Electricas','H002',2,NULL,'2025-01-29',1),(9,'Proteinas ',NULL,5,NULL,'2024-11-02',1),(10,'Obra Negra',NULL,1,NULL,'2025-02-02',1),(11,'Equipos Electronicos',NULL,2,NULL,'2025-06-22',1),(12,'Acabados',NULL,2,NULL,'2025-06-22',1);
/*!40000 ALTER TABLE `categorias` ENABLE KEYS */;
UNLOCK TABLES;

--
-- Table structure for table `cierrescajas`
--

DROP TABLE IF EXISTS `cierrescajas`;
/*!40101 SET @saved_cs_client     = @@character_set_client */;
/*!50503 SET character_set_client = utf8mb4 */;
CREATE TABLE `cierrescajas` (
  `id` int NOT NULL AUTO_INCREMENT,
  `idcaja` int DEFAULT NULL,
  `id_usuario` int DEFAULT NULL,
  `nombrecaja` varchar(33) CHARACTER SET utf8mb3 COLLATE utf8mb3_spanish_ci DEFAULT NULL,
  `nombreusuario` varchar(80) CHARACTER SET utf8mb3 COLLATE utf8mb3_spanish_ci DEFAULT NULL,
  `fechainicio` datetime NOT NULL,
  `fechacierre` datetime DEFAULT NULL,
  `ncambiosaventa` int DEFAULT NULL,
  `totalcotizaciones` int DEFAULT NULL,
  `totalfacturas` int DEFAULT NULL,
  `facturaselectronicas` int DEFAULT NULL,
  `facturaspos` int DEFAULT NULL,
  `valorfe` varchar(11) CHARACTER SET utf8mb3 COLLATE utf8mb3_spanish_ci DEFAULT NULL,
  `valorpos` varchar(11) CHARACTER SET utf8mb3 COLLATE utf8mb3_spanish_ci DEFAULT NULL,
  `descuentofe` varchar(11) CHARACTER SET utf8mb3 COLLATE utf8mb3_spanish_ci DEFAULT NULL,
  `descuentopos` varchar(11) CHARACTER SET utf8mb3 COLLATE utf8mb3_spanish_ci DEFAULT NULL,
  `basecaja` varchar(11) CHARACTER SET utf8mb3 COLLATE utf8mb3_spanish_ci DEFAULT NULL,
  `ventasenefectivo` varchar(11) CHARACTER SET utf8mb3 COLLATE utf8mb3_spanish_ci DEFAULT NULL,
  `gastoscaja` varchar(11) CHARACTER SET utf8mb3 COLLATE utf8mb3_spanish_ci DEFAULT NULL,
  `dineroencaja` varchar(11) CHARACTER SET utf8mb3 COLLATE utf8mb3_spanish_ci DEFAULT NULL,
  `domicilios` varchar(10) CHARACTER SET utf8mb3 COLLATE utf8mb3_spanish_ci DEFAULT NULL,
  `ndomicilios` int DEFAULT NULL,
  `realencaja` varchar(11) CHARACTER SET utf8mb3 COLLATE utf8mb3_general_ci DEFAULT NULL,
  `ingresoventas` varchar(11) CHARACTER SET utf8mb3 COLLATE utf8mb3_spanish_ci DEFAULT NULL,
  `totaldescuentos` varchar(11) CHARACTER SET utf8mb3 COLLATE utf8mb3_spanish_ci DEFAULT NULL,
  `realventas` varchar(11) CHARACTER SET utf8mb3 COLLATE utf8mb3_spanish_ci DEFAULT NULL,
  `valorimpuestototal` varchar(14) CHARACTER SET utf8mb3 COLLATE utf8mb3_spanish_ci DEFAULT NULL,
  `totalbruto` varchar(14) CHARACTER SET utf8mb3 COLLATE utf8mb3_spanish_ci DEFAULT NULL,
  `estado` tinyint(1) NOT NULL,
  `dato1` varchar(11) CHARACTER SET utf8mb3 COLLATE utf8mb3_spanish_ci DEFAULT NULL,
  `dato2` varchar(11) CHARACTER SET utf8mb3 COLLATE utf8mb3_spanish_ci DEFAULT NULL,
  PRIMARY KEY (`id`),
  KEY `idcaja_idx` (`idcaja`),
  KEY `id_usuario_idx` (`id_usuario`),
  CONSTRAINT `id_usuario` FOREIGN KEY (`id_usuario`) REFERENCES `usuarios` (`id`) ON DELETE SET NULL ON UPDATE CASCADE,
  CONSTRAINT `idcaja` FOREIGN KEY (`idcaja`) REFERENCES `caja` (`id`) ON UPDATE CASCADE
) ENGINE=InnoDB AUTO_INCREMENT=12 DEFAULT CHARSET=utf8mb3 COLLATE=utf8mb3_unicode_ci;
/*!40101 SET character_set_client = @saved_cs_client */;

--
-- Dumping data for table `cierrescajas`
--

LOCK TABLES `cierrescajas` WRITE;
/*!40000 ALTER TABLE `cierrescajas` DISABLE KEYS */;
INSERT INTO `cierrescajas` VALUES (1,1,1,'Caja Principal','Julian Rodriguez','2024-01-08 13:36:58','2025-01-12 01:46:24',0,1,9,2,7,'0','0','0','0','300000','857000','0','1157000','60000',NULL,'0','3383600','56000','3327600','0','3383600',1,NULL,NULL),(2,1,1,'Caja Principal','Julian Rodriguez','2025-01-12 01:46:24','2025-04-01 03:54:28',2,6,5,1,4,'0','0','0','0','100000','14473600','4344571','10229029','0',NULL,'0','16603100','0','16603100','0','16603100',1,NULL,NULL),(3,1,1,'Caja Principal','Julian Rodriguez','2025-04-01 03:54:28','2025-06-29 23:46:16',0,1,5,2,3,'0','0','0','0','800000','1581300','198000','2183300','0',0,'0','4035300','0','4035300','0','4035300',1,NULL,NULL),(4,1,1,'Caja Principal','Julian Rodriguez','2025-06-29 23:46:16','2025-07-28 05:46:10',0,0,1,0,1,'0','0','0','0','0','598000','0','598000','0',0,'0','598000','0','598000','0','598000',1,NULL,NULL),(5,1,1,'Caja Principal','Julian Rodriguez','2025-07-28 05:46:10','2025-07-28 05:46:44',0,0,0,0,0,'0','0','0','0','0','0','0','0','0',0,'0','0','0','0','0','0',1,NULL,NULL),(6,1,1,'Caja Principal','Julian Rodriguez','2025-07-28 05:46:44','2025-07-28 05:47:17',0,0,0,0,0,'0','0','0','0','0','0','0','0','0',0,'0','0','0','0','0','0',1,NULL,NULL),(7,1,1,'Caja Principal','Julian Rodriguez','2025-07-28 05:47:17','2025-07-28 05:47:30',0,0,0,0,0,'0','0','0','0','0','0','0','0','0',0,'0','0','0','0','0','0',1,NULL,NULL),(8,1,1,'Caja Principal','Julian Rodriguez','2025-07-28 05:47:30','2025-07-28 05:51:02',0,0,0,0,0,'0','0','0','0','0','0','0','0','0',0,'0','0','0','0','0','0',1,NULL,NULL),(9,1,1,'Caja Principal','Julian Rodriguez','2025-07-28 05:51:02','2025-07-28 05:51:32',0,0,0,0,0,'0','0','0','0','0','0','0','0','0',0,'0','0','0','0','0','0',1,NULL,NULL),(10,1,1,'Caja Principal','Julian Rodriguez','2025-07-28 05:51:32','2025-08-15 03:55:24',3,6,29,0,29,'0','0','0','0','0','167057737','0','167057737','0',0,'0','167091737','0','167091737','0','167091737',1,NULL,NULL),(11,1,1,'Caja Principal',NULL,'2025-08-15 03:55:24','2025-08-15 03:55:24',0,0,2,1,1,'0','0','0','0','0','1695000','0','0','0',0,'0','1695000','0','0','270630.251','0',0,NULL,NULL);
/*!40000 ALTER TABLE `cierrescajas` ENABLE KEYS */;
UNLOCK TABLES;

--
-- Table structure for table `clientes`
--

DROP TABLE IF EXISTS `clientes`;
/*!40101 SET @saved_cs_client     = @@character_set_client */;
/*!50503 SET character_set_client = utf8mb4 */;
CREATE TABLE `clientes` (
  `id` int NOT NULL AUTO_INCREMENT,
  `nombre` varchar(35) CHARACTER SET utf8mb3 COLLATE utf8mb3_general_ci NOT NULL,
  `apellido` varchar(35) CHARACTER SET utf8mb3 COLLATE utf8mb3_general_ci NOT NULL,
  `tipodocumento` varchar(36) COLLATE utf8mb3_unicode_ci NOT NULL,
  `identificacion` varchar(11) CHARACTER SET utf8mb3 COLLATE utf8mb3_general_ci NOT NULL,
  `telefono` varchar(14) CHARACTER SET utf8mb3 COLLATE utf8mb3_general_ci NOT NULL,
  `email` varchar(55) CHARACTER SET utf8mb3 COLLATE utf8mb3_general_ci DEFAULT NULL,
  `fecha_nacimiento` date DEFAULT NULL,
  `total_compras` int DEFAULT NULL,
  `ultima_compra` datetime DEFAULT NULL,
  `data1` varchar(45) CHARACTER SET utf8mb3 COLLATE utf8mb3_general_ci DEFAULT NULL,
  PRIMARY KEY (`id`),
  UNIQUE KEY `identificacion_UNIQUE` (`identificacion`)
) ENGINE=InnoDB AUTO_INCREMENT=26 DEFAULT CHARSET=utf8mb3 COLLATE=utf8mb3_unicode_ci;
/*!40101 SET character_set_client = @saved_cs_client */;

--
-- Dumping data for table `clientes`
--

LOCK TABLES `clientes` WRITE;
/*!40000 ALTER TABLE `clientes` DISABLE KEYS */;
INSERT INTO `clientes` VALUES (1,'N/a','N/a','6','N/a','N/a','N/a',NULL,NULL,NULL,NULL),(4,'Juan Guillero','Alzate Mendoza','3','41558620','(320) 554-8746','juang@correo.com',NULL,1831464,'2024-02-09 01:54:34',NULL),(6,'Steven','Morales','3','1092445120','(311) 547-8233',NULL,NULL,1422700,'2024-02-04 01:11:06',NULL),(7,'Sofia','Reyes Betankourt','3','1093556004','(315) 447-8063',NULL,NULL,4640700,'2024-02-09 01:53:59',NULL),(8,'Manuel','Pinilla','3','1093556980','(312) 554-8880',NULL,NULL,1988000,'2024-02-09 01:55:22',NULL),(9,'Luis Fernando','Montes','3','1094887112','(314) 550-5659',NULL,NULL,421000,'2024-02-09 10:43:40',NULL),(10,'Maria Luisa','Beltran Loaiza','3','1094995623','(316) 554-5878',NULL,NULL,1116000,'2024-02-04 01:12:45',NULL),(11,'Dario','Londoño Perez','3','1092445164','(318) 445-2123',NULL,NULL,2418416,'2024-02-04 01:09:28',NULL),(12,'Tomas','Restrepo','3','1094554123','(317) 445-2231',NULL,NULL,NULL,NULL,NULL),(13,'Lina','Ospina Ruiz','3','47889520','(319) ___-____',NULL,NULL,147700,'2024-02-04 01:13:06',NULL),(14,'Lucas Manuel','Gomez Serna','3','41556230','(316) 554-2220',NULL,NULL,1721410,'2024-02-09 10:41:55',NULL),(15,'Luisa Fernanda','Marin Escobar','3','456687210','(318) ___-____',NULL,NULL,1963295,'2024-02-08 23:59:21',NULL),(16,'Leidy','Cardona Patiño','3','1093456203','(315) 447-8556',NULL,NULL,5003682,'2024-02-04 01:04:38',NULL),(17,'Ana','Rincon','3','1090450155','3152208540','anar@gmail.com',NULL,NULL,NULL,NULL),(18,'Miguel','Perdomo','3','1092452012','3145520127','miguel45@hotmail.com',NULL,NULL,NULL,NULL),(24,'Robert','Salamanca','3','41285112','3125842041','robertj@entel.cl',NULL,NULL,NULL,NULL),(25,'Andrea','Carvajal','3','1094887510','3124507832','andrecvj@gmail.com',NULL,NULL,NULL,NULL);
/*!40000 ALTER TABLE `clientes` ENABLE KEYS */;
UNLOCK TABLES;

--
-- Table structure for table `compras`
--

DROP TABLE IF EXISTS `compras`;
/*!40101 SET @saved_cs_client     = @@character_set_client */;
/*!50503 SET character_set_client = utf8mb4 */;
CREATE TABLE `compras` (
  `id` int NOT NULL AUTO_INCREMENT,
  `idusuario` int DEFAULT NULL,
  `idproveedor` int DEFAULT NULL,
  `idorigenpago` int DEFAULT NULL,
  `idformapago` int DEFAULT NULL,
  `nombreusuario` varchar(45) COLLATE utf8mb3_unicode_ci NOT NULL,
  `nombreproveedor` varchar(45) CHARACTER SET utf8mb3 COLLATE utf8mb3_spanish_ci DEFAULT NULL,
  `nombreorigenpago` varchar(45) CHARACTER SET utf8mb3 COLLATE utf8mb3_spanish_ci DEFAULT NULL,
  `formapago` varchar(45) CHARACTER SET utf8mb3 COLLATE utf8mb3_spanish_ci DEFAULT NULL,
  `nfactura` varchar(45) CHARACTER SET utf8mb3 COLLATE utf8mb3_spanish_ci DEFAULT NULL,
  `impuesto` int DEFAULT NULL,
  `cantidaditems` int NOT NULL,
  `observacion` varchar(255) CHARACTER SET utf8mb3 COLLATE utf8mb3_spanish_ci DEFAULT NULL,
  `estado` varchar(22) CHARACTER SET utf8mb3 COLLATE utf8mb3_spanish_ci NOT NULL,
  `subtotal` decimal(12,2) NOT NULL,
  `valortotal` decimal(12,2) NOT NULL,
  `fechacompra` datetime NOT NULL,
  PRIMARY KEY (`id`),
  KEY `idusuario_idx` (`idusuario`),
  KEY `id_usuario_idx` (`idusuario`),
  CONSTRAINT `usuario_id` FOREIGN KEY (`idusuario`) REFERENCES `usuarios` (`id`) ON DELETE SET NULL ON UPDATE CASCADE
) ENGINE=InnoDB AUTO_INCREMENT=26 DEFAULT CHARSET=utf8mb3 COLLATE=utf8mb3_unicode_ci;
/*!40101 SET character_set_client = @saved_cs_client */;

--
-- Dumping data for table `compras`
--

LOCK TABLES `compras` WRITE;
/*!40000 ALTER TABLE `compras` DISABLE KEYS */;
INSERT INTO `compras` VALUES (1,1,1,1,1,'Julian Rodriguez','Predeterminado','Caja Principal','Contado','5021',19,7,NULL,'paga',777540.00,777540.00,'2025-03-11 00:00:00'),(2,1,1,1,1,'Julian Rodriguez','Predeterminado','Caja Principal','Contado','5021',19,14,NULL,'paga',600.00,600.00,'2025-03-13 00:00:00'),(3,1,1,1,1,'Julian Rodriguez','Predeterminado','Caja Principal','Contado','5021',19,14,NULL,'paga',600.00,600.00,'2025-03-13 00:00:00'),(4,1,1,1,1,'Julian Rodriguez','Predeterminado','Caja Principal','Contado','5021',19,14,NULL,'paga',600.00,600.00,'2025-03-13 00:00:00'),(5,1,1,1,1,'Julian Rodriguez','Predeterminado','Caja Principal','Contado','5021',19,14,NULL,'paga',600.00,600.00,'2025-03-13 00:00:00'),(6,1,1,1,1,'Julian Rodriguez','Predeterminado','Caja Principal','Contado','5021',19,14,NULL,'paga',600.00,600.00,'2025-03-13 00:00:00'),(7,1,1,1,1,'Julian Rodriguez','Predeterminado','Caja Principal','Contado','5021',19,9,NULL,'paga',3050.00,3050.00,'2025-03-14 00:00:00'),(8,1,1,1,1,'Julian Rodriguez','Predeterminado','Caja Principal','Contado','5021',19,209,NULL,'paga',1206000.00,1206000.00,'2025-03-14 00:00:00'),(9,1,1,1,1,'Julian Rodriguez','Predeterminado','Caja Principal','Contado','5021',19,15057,NULL,'paga',1401700.00,1401700.00,'2025-03-14 00:00:00'),(10,1,1,1,1,'Julian Rodriguez','Predeterminado','Caja Principal','Contado','5021',19,10,NULL,'paga',95709.00,95709.00,'2025-03-14 00:00:00'),(11,1,1,1,1,'Julian Rodriguez','Predeterminado','Caja Principal','Contado','5021',19,6,NULL,'paga',500.00,500.00,'2025-03-14 00:00:00'),(12,1,1,1,1,'Julian Rodriguez','Predeterminado','Caja Principal','Contado','5021',19,138,NULL,'paga',1970000.00,1970000.00,'2025-03-23 00:00:00'),(13,1,1,1,1,'Julian Rodriguez','Predeterminado','Caja Principal','Contado','5021',19,138,NULL,'paga',1970000.00,1970000.00,'2025-03-23 00:00:00'),(14,1,1,1,1,'Julian Rodriguez','Predeterminado','Caja Principal','Contado','5021',19,138,NULL,'paga',1970000.00,1970000.00,'2025-03-23 00:00:00'),(15,1,1,1,1,'Julian Rodriguez','Predeterminado','Caja Principal','Contado','5021',19,4,NULL,'paga',0.00,0.00,'2025-03-23 00:00:00'),(16,1,1,1,1,'Julian Rodriguez','Predeterminado','Caja Principal','Contado','5021',19,4,NULL,'paga',12100.00,12100.00,'2025-03-23 00:00:00'),(17,1,1,1,1,'Julian Rodriguez','Predeterminado','Caja Principal','Contado','5021',19,1,NULL,'paga',0.00,0.00,'2025-03-23 00:00:00'),(18,1,1,1,1,'Julian Rodriguez','Predeterminado','Caja Principal','Contado','5021',19,2,NULL,'paga',0.00,0.00,'2025-03-23 00:00:00'),(19,1,1,1,1,'Julian Rodriguez','Predeterminado','Caja Principal','Contado','5021',19,2,NULL,'paga',1.00,1.00,'2025-03-23 00:00:00'),(20,1,1,1,1,'Julian Rodriguez','Predeterminado','Caja Principal','Contado','5021',19,3,NULL,'paga',950.00,950.00,'2025-03-24 00:00:00'),(21,1,1,1,1,'Julian Rodriguez','Predeterminado','Caja Principal','Contado','5021',19,1,NULL,'paga',100.00,100.00,'2025-03-24 00:00:00'),(22,1,1,1,1,'Julian Rodriguez','Predeterminado','Caja Principal','Contado','5021',19,0,NULL,'paga',0.00,0.00,'2025-03-23 00:00:00'),(23,1,1,1,1,'Julian Rodriguez','Predeterminado','Caja Principal','Contado','5021',19,0,NULL,'paga',0.00,0.00,'2025-03-23 00:00:00'),(24,1,1,1,1,'Julian Rodriguez','Predeterminado','Caja Principal','Contado','5021',19,4,NULL,'paga',62420.00,62420.00,'2025-03-24 00:00:00'),(25,1,1,1,1,'Julian Rodriguez','Predeterminado','Caja Principal','Contado','5021',19,1027,NULL,'paga',309000.00,309000.00,'2025-03-24 00:00:00');
/*!40000 ALTER TABLE `compras` ENABLE KEYS */;
UNLOCK TABLES;

--
-- Table structure for table `consecutivos`
--

DROP TABLE IF EXISTS `consecutivos`;
/*!40101 SET @saved_cs_client     = @@character_set_client */;
/*!50503 SET character_set_client = utf8mb4 */;
CREATE TABLE `consecutivos` (
  `id` int NOT NULL AUTO_INCREMENT,
  `idtipofacturador` int NOT NULL,
  `idnegocio` int DEFAULT NULL,
  `nombre` varchar(33) CHARACTER SET utf8mb3 COLLATE utf8mb3_unicode_ci NOT NULL,
  `rangoinicial` int DEFAULT NULL,
  `rangofinal` varchar(11) COLLATE utf8mb3_unicode_ci DEFAULT NULL,
  `siguientevalor` varchar(11) COLLATE utf8mb3_unicode_ci DEFAULT NULL,
  `fechainicio` date DEFAULT NULL,
  `fechafin` date DEFAULT NULL,
  `resolucion` varchar(22) COLLATE utf8mb3_unicode_ci DEFAULT NULL,
  `consecutivoremplazo` varchar(33) COLLATE utf8mb3_unicode_ci DEFAULT NULL,
  `prefijo` varchar(11) COLLATE utf8mb3_unicode_ci DEFAULT NULL,
  `mostrarresolucion` tinyint(1) DEFAULT NULL,
  `mostrarimpuestodiscriminado` tinyint(1) DEFAULT NULL,
  `tokenfacturaelectronica` varchar(45) COLLATE utf8mb3_unicode_ci DEFAULT NULL,
  `estado` tinyint(1) DEFAULT NULL,
  PRIMARY KEY (`id`),
  KEY `idtipofacturador_idx` (`idtipofacturador`),
  CONSTRAINT `idtipofacturador` FOREIGN KEY (`idtipofacturador`) REFERENCES `tipofacturador` (`id`) ON UPDATE CASCADE
) ENGINE=InnoDB AUTO_INCREMENT=4 DEFAULT CHARSET=utf8mb3 COLLATE=utf8mb3_unicode_ci;
/*!40101 SET character_set_client = @saved_cs_client */;

--
-- Dumping data for table `consecutivos`
--

LOCK TABLES `consecutivos` WRITE;
/*!40000 ALTER TABLE `consecutivos` DISABLE KEYS */;
INSERT INTO `consecutivos` VALUES (1,2,1,'Facturacion POS',1,'5000','1',NULL,'2025-03-21',NULL,NULL,'FAP',1,1,NULL,1),(2,2,1,'Documento equivalente Pos',1,'500','1',NULL,'2025-05-12',NULL,NULL,'DOCP',1,1,NULL,1),(3,1,1,'Factura electronica 512',1,'1500','1',NULL,'2025-09-15','9560055445801',NULL,'FE',1,1,'abcde',1);
/*!40000 ALTER TABLE `consecutivos` ENABLE KEYS */;
UNLOCK TABLES;

--
-- Table structure for table `conversionunidades`
--

DROP TABLE IF EXISTS `conversionunidades`;
/*!40101 SET @saved_cs_client     = @@character_set_client */;
/*!50503 SET character_set_client = utf8mb4 */;
CREATE TABLE `conversionunidades` (
  `id` int NOT NULL AUTO_INCREMENT,
  `idproducto` int DEFAULT NULL,
  `idsubproducto` int DEFAULT NULL,
  `idunidadmedidabase` int NOT NULL,
  `idunidadmedidadestino` int NOT NULL,
  `nombreunidadbase` varchar(22) CHARACTER SET utf8mb3 COLLATE utf8mb3_spanish_ci DEFAULT NULL,
  `nombreunidaddestino` varchar(22) CHARACTER SET utf8mb3 COLLATE utf8mb3_spanish_ci DEFAULT NULL,
  `factorconversion` decimal(11,3) NOT NULL,
  PRIMARY KEY (`id`),
  KEY `idsubproducto_idx` (`idsubproducto`),
  KEY `idunidadmedidabase_idx` (`idunidadmedidabase`),
  KEY `idunidadmedidadestino_idx` (`idunidadmedidadestino`),
  KEY `idproducto_idx` (`idproducto`),
  CONSTRAINT `idsubproducto` FOREIGN KEY (`idsubproducto`) REFERENCES `subproductos` (`id`) ON DELETE CASCADE ON UPDATE CASCADE,
  CONSTRAINT `idunidadmedidabase` FOREIGN KEY (`idunidadmedidabase`) REFERENCES `unidadesmedida` (`id`) ON DELETE CASCADE ON UPDATE CASCADE,
  CONSTRAINT `idunidadmedidadestino` FOREIGN KEY (`idunidadmedidadestino`) REFERENCES `unidadesmedida` (`id`) ON DELETE CASCADE ON UPDATE CASCADE,
  CONSTRAINT `producto_id` FOREIGN KEY (`idproducto`) REFERENCES `productos` (`id`) ON DELETE CASCADE ON UPDATE CASCADE
) ENGINE=InnoDB AUTO_INCREMENT=63 DEFAULT CHARSET=utf8mb3 COLLATE=utf8mb3_unicode_ci;
/*!40101 SET character_set_client = @saved_cs_client */;

--
-- Dumping data for table `conversionunidades`
--

LOCK TABLES `conversionunidades` WRITE;
/*!40000 ALTER TABLE `conversionunidades` DISABLE KEYS */;
INSERT INTO `conversionunidades` VALUES (13,NULL,4,7,7,'metros','metros',1.000),(14,NULL,4,7,5,'metros','milimetros',0.001),(15,NULL,4,7,6,'metros','centimetros',0.010),(19,NULL,7,7,7,'metros','metros',1.000),(20,NULL,7,7,5,'metros','milimetros',0.001),(21,NULL,7,7,6,'metros','centimetros',0.010),(22,NULL,8,1,1,'unidad','unidad',1.000),(23,NULL,9,8,8,'mililitros','mililitros',1.000),(24,NULL,9,8,9,'mililitros','litros',1000.000),(25,15,NULL,3,3,'libras','libras',1.000),(26,15,NULL,3,2,'libras','gramos',0.002),(27,15,NULL,3,4,'libras','kilogramos',2.204),(28,22,NULL,1,1,'unidad','unidad',1.000),(29,2,NULL,1,1,'unidad','unidad',1.000),(30,3,NULL,1,1,'unidad','unidad',1.000),(31,17,NULL,1,1,'unidad','unidad',1.000),(32,4,NULL,1,1,'unidad','unidad',1.000),(36,NULL,1,4,4,'kilogramos','kilogramos',1.000),(37,NULL,1,4,2,'kilogramos','gramos',0.001),(38,NULL,1,4,3,'kilogramos','libras',0.453),(42,NULL,3,4,4,'kilogramos','kilogramos',1.000),(43,NULL,3,4,2,'kilogramos','gramos',0.001),(44,NULL,3,4,3,'kilogramos','libras',0.453),(45,13,NULL,3,3,'libras','libras',1.000),(46,13,NULL,3,2,'libras','gramos',0.002),(47,13,NULL,3,4,'libras','kilogramos',2.204),(48,26,NULL,2,2,'gramos','gramos',1.000),(49,26,NULL,2,3,'gramos','libras',453.592),(50,26,NULL,2,4,'gramos','kilogramos',1000.000),(51,26,NULL,1,1,'unidad','unidad',1.000),(52,26,NULL,5,5,'milimetros','milimetros',1.000),(53,26,NULL,5,6,'milimetros','centimetros',10.000),(54,26,NULL,5,7,'milimetros','metros',1000.000),(59,6,NULL,1,1,'unidad','unidad',1.000),(62,NULL,2,1,1,'unidad','unidad',1.000);
/*!40000 ALTER TABLE `conversionunidades` ENABLE KEYS */;
UNLOCK TABLES;

--
-- Table structure for table `declaracionesdineros`
--

DROP TABLE IF EXISTS `declaracionesdineros`;
/*!40101 SET @saved_cs_client     = @@character_set_client */;
/*!50503 SET character_set_client = utf8mb4 */;
CREATE TABLE `declaracionesdineros` (
  `id` int NOT NULL AUTO_INCREMENT,
  `id_mediopago` int NOT NULL,
  `idcierrecajaid` int NOT NULL,
  `nombremediopago` varchar(33) CHARACTER SET utf8mb3 COLLATE utf8mb3_general_ci DEFAULT NULL,
  `valordeclarado` varchar(11) CHARACTER SET utf8mb3 COLLATE utf8mb3_spanish_ci NOT NULL,
  `valorsistema` varchar(11) CHARACTER SET utf8mb3 COLLATE utf8mb3_spanish_ci DEFAULT NULL,
  PRIMARY KEY (`id`),
  KEY `idmediopago_idx` (`id_mediopago`),
  KEY `idcierrecajaid_idx` (`idcierrecajaid`),
  CONSTRAINT `id_mediopago` FOREIGN KEY (`id_mediopago`) REFERENCES `mediospago` (`id`) ON UPDATE CASCADE,
  CONSTRAINT `idcierrecajaid` FOREIGN KEY (`idcierrecajaid`) REFERENCES `cierrescajas` (`id`) ON UPDATE CASCADE
) ENGINE=InnoDB AUTO_INCREMENT=37 DEFAULT CHARSET=utf8mb3 COLLATE=utf8mb3_unicode_ci;
/*!40101 SET character_set_client = @saved_cs_client */;

--
-- Dumping data for table `declaracionesdineros`
--

LOCK TABLES `declaracionesdineros` WRITE;
/*!40000 ALTER TABLE `declaracionesdineros` DISABLE KEYS */;
INSERT INTO `declaracionesdineros` VALUES (1,2,1,'Daviplata','654100','0'),(2,3,1,'Nequi','1150000','0'),(4,1,1,'Efectivo','920000','0'),(13,7,1,'Transf. Bancaria','250000','0'),(26,4,1,'Codigo QR','120000','0'),(28,6,3,'Tarjeta Debito','100000','0'),(29,1,3,'Efectivo','1186500','0'),(30,2,3,'Daviplata','80000','0'),(31,3,3,'Nequi','12000','0'),(32,4,3,'Codigo QR','50000','0'),(34,1,4,'Efectivo','0','0'),(35,2,8,'Daviplata','54','0'),(36,3,8,'Nequi','0','0');
/*!40000 ALTER TABLE `declaracionesdineros` ENABLE KEYS */;
UNLOCK TABLES;

--
-- Table structure for table `detallecompra`
--

DROP TABLE IF EXISTS `detallecompra`;
/*!40101 SET @saved_cs_client     = @@character_set_client */;
/*!50503 SET character_set_client = utf8mb4 */;
CREATE TABLE `detallecompra` (
  `id` int NOT NULL AUTO_INCREMENT,
  `idcompra` int NOT NULL,
  `iditem` int NOT NULL,
  `idpx` int DEFAULT NULL,
  `idsx` int DEFAULT NULL,
  `tipo` int NOT NULL,
  `nombreitem` varchar(55) CHARACTER SET utf8mb3 COLLATE utf8mb3_spanish_ci DEFAULT NULL,
  `unidad` varchar(45) CHARACTER SET utf8mb3 COLLATE utf8mb3_spanish_ci DEFAULT NULL,
  `cantidad` int NOT NULL,
  `factor` decimal(7,3) DEFAULT NULL,
  `impuesto` int DEFAULT NULL,
  `valorunidad` decimal(10,2) NOT NULL,
  `subtotal` decimal(11,2) DEFAULT NULL,
  `valorcompra` decimal(11,2) NOT NULL,
  PRIMARY KEY (`id`),
  KEY `idcompra_idx` (`idcompra`),
  KEY `idpx_idx` (`idpx`),
  KEY `idsx_idx` (`idsx`),
  CONSTRAINT `idcompra` FOREIGN KEY (`idcompra`) REFERENCES `compras` (`id`) ON DELETE CASCADE ON UPDATE CASCADE,
  CONSTRAINT `idpx` FOREIGN KEY (`idpx`) REFERENCES `productos` (`id`) ON DELETE SET NULL ON UPDATE CASCADE,
  CONSTRAINT `idsx` FOREIGN KEY (`idsx`) REFERENCES `subproductos` (`id`) ON DELETE SET NULL ON UPDATE CASCADE
) ENGINE=InnoDB AUTO_INCREMENT=74 DEFAULT CHARSET=utf8mb3 COLLATE=utf8mb3_unicode_ci;
/*!40101 SET character_set_client = @saved_cs_client */;

--
-- Dumping data for table `detallecompra`
--

LOCK TABLES `detallecompra` WRITE;
/*!40000 ALTER TABLE `detallecompra` DISABLE KEYS */;
INSERT INTO `detallecompra` VALUES (1,1,5,6,NULL,0,'Vitamina women Blend','Unidades',3,1.000,0,0.00,0.00,331240.00),(2,1,6,7,NULL,0,'Remachadora','Unidades',4,1.000,0,0.00,0.00,446300.00),(3,2,1,NULL,1,1,'Arena Media','Kilogramos',5,1.000,0,0.00,0.00,100.00),(4,2,5,NULL,5,1,'Estuco blanco','Mililitros',6,1.000,0,0.00,0.00,200.00),(5,2,3,NULL,3,1,'Cemento','Kilogramos',3,1.000,0,0.00,0.00,300.00),(6,3,1,NULL,1,1,'Arena Media','Kilogramos',5,1.000,0,0.00,0.00,100.00),(7,3,5,NULL,5,1,'Estuco blanco','Mililitros',6,1.000,0,0.00,0.00,200.00),(8,3,3,NULL,3,1,'Cemento','Kilogramos',3,1.000,0,0.00,0.00,300.00),(9,4,1,NULL,1,1,'Arena Media','Kilogramos',5,1.000,0,0.00,0.00,100.00),(10,4,5,NULL,5,1,'Estuco blanco','Mililitros',6,1.000,0,0.00,0.00,200.00),(11,4,3,NULL,3,1,'Cemento','Kilogramos',3,1.000,0,0.00,0.00,300.00),(12,5,1,NULL,1,1,'Arena Media','Kilogramos',5,1.000,0,0.00,0.00,100.00),(13,5,5,NULL,5,1,'Estuco blanco','Mililitros',6,1.000,0,0.00,0.00,200.00),(14,5,3,NULL,3,1,'Cemento','Kilogramos',3,1.000,0,0.00,0.00,300.00),(15,6,1,NULL,1,1,'Arena Media','Kilogramos',5,1.000,0,0.00,0.00,100.00),(16,6,5,NULL,5,1,'Estuco blanco','Mililitros',6,1.000,0,0.00,0.00,200.00),(17,6,3,NULL,3,1,'Cemento','Kilogramos',3,1.000,0,0.00,0.00,300.00),(18,7,1,NULL,1,1,'Arena Media','Kilogramos',3,1.000,0,0.00,0.00,750.00),(19,7,3,NULL,3,1,'Cemento','Kilogramos',2,1.000,0,0.00,0.00,800.00),(20,7,5,NULL,5,1,'Estuco blanco','Mililitros',4,1.000,0,0.00,0.00,1500.00),(21,8,3,NULL,3,1,'Cemento','Kilogramos',0,0.001,0,0.00,0.00,500.00),(22,8,4,NULL,4,1,'Tubo de aluminio','Centimetros',200,100.000,0,0.00,0.00,2500.00),(23,8,2,NULL,2,1,'Naranjas','Unidad',2,1.000,0,0.00,0.00,3000.00),(24,8,4,5,NULL,0,'Pistola de impacto ingersoll rand','Unidades',7,1.000,0,0.00,0.00,1200000.00),(25,9,4,5,NULL,0,'Pistola de impacto ingersoll rand','Unidades',5,1.000,0,0.00,0.00,551150.00),(26,9,13,14,NULL,0,'Soldador sm h143','Unidades',6,1.000,0,0.00,0.00,0.00),(27,9,6,7,NULL,0,'Remachadora','Unidades',5,1.000,0,0.00,0.00,0.00),(28,9,7,8,NULL,0,'Taladro Rotomartillo dewalt 1/2 650w','Unidades',6,1.000,0,0.00,0.00,0.00),(29,9,12,13,NULL,0,'proteina 5kg','Unidades',8,1.000,0,0.00,0.00,0.00),(30,9,4,NULL,4,1,'Tubo de aluminio','Centimetros',6,1.000,0,0.00,0.00,0.00),(31,9,2,NULL,2,1,'Naranjas','Unidad',4,1.000,0,0.00,0.00,0.00),(32,9,5,NULL,5,1,'Estuco blanco','Mililitros',15000,1000.000,0,0.00,0.00,0.00),(33,9,3,NULL,3,1,'Cemento','Kilogramos',7,1.000,0,0.00,0.00,0.00),(34,9,14,15,NULL,0,'Arena','Unidades',5,1.000,0,0.00,0.00,0.00),(35,9,1,NULL,1,1,'Arena Media','Kilogramos',0,0.001,0,0.00,0.00,50.00),(36,9,5,6,NULL,0,'Vitamina women Blend','Unidades',5,1.000,0,0.00,0.00,850500.00),(37,10,3,4,NULL,0,'Atornillador Inalambrico Dewalt 12W de 1/2','Unidades',3,1.000,0,0.00,0.00,40054.00),(38,10,3,NULL,3,1,'Cemento','Kilogramos',0,0.001,0,0.00,0.00,68.00),(39,10,2,NULL,2,1,'Naranjas','Unidad',7,1.000,0,0.00,0.00,55587.00),(40,11,2,NULL,2,1,'Naranjas','Unidad',6,1.000,0,0.00,0.00,500.00),(41,12,3,4,NULL,0,'Atornillador Inalambrico Dewalt 12W de 1/2','Unidades',2,1.000,0,0.00,0.00,500000.00),(42,12,13,14,NULL,0,'Soldador sm h143','Unidades',6,1.000,0,0.00,0.00,870000.00),(43,12,8,9,NULL,0,'Llave 3/8','Unidades',30,1.000,0,0.00,0.00,420000.00),(44,12,14,15,NULL,0,'Arena','Unidades',100,1.000,0,0.00,0.00,180000.00),(45,13,3,4,NULL,0,'Atornillador Inalambrico Dewalt 12W de 1/2','Unidades',2,1.000,0,0.00,0.00,500000.00),(46,13,13,14,NULL,0,'Soldador sm h143','Unidades',6,1.000,0,0.00,0.00,870000.00),(47,13,8,9,NULL,0,'Llave 3/8','Unidades',30,1.000,0,0.00,0.00,420000.00),(48,13,14,15,NULL,0,'Arena','Unidades',100,1.000,0,0.00,0.00,180000.00),(49,14,3,4,NULL,0,'Atornillador Inalambrico Dewalt 12W de 1/2','Unidades',2,1.000,0,0.00,0.00,500000.00),(50,14,13,14,NULL,0,'Soldador sm h143','Unidades',6,1.000,0,0.00,0.00,870000.00),(51,14,8,9,NULL,0,'Llave 3/8','Unidades',30,1.000,0,0.00,0.00,420000.00),(52,14,14,15,NULL,0,'Arena','Unidades',100,1.000,0,0.00,0.00,180000.00),(53,15,4,5,NULL,0,'Pistola de impacto ingersoll rand','Unidades',3,1.000,0,0.00,0.00,0.00),(54,15,8,9,NULL,0,'Llave 3/8','Unidades',1,1.000,0,0.00,0.00,0.00),(55,16,4,5,NULL,0,'Pistola de impacto ingersoll rand','Unidades',3,1.000,0,0.00,0.00,12100.00),(56,16,8,9,NULL,0,'Llave 3/8','Unidades',1,1.000,0,0.00,0.00,0.00),(57,17,4,5,NULL,0,'Pistola de impacto ingersoll rand','Unidades',1,1.000,0,0.00,0.00,0.00),(58,18,4,5,NULL,0,'Pistola de impacto ingersoll rand','Unidades',1,1.000,0,0.00,0.00,0.00),(59,18,5,6,NULL,0,'Vitamina women Blend','Unidades',1,1.000,0,0.00,0.00,0.00),(60,19,4,5,NULL,0,'Pistola de impacto ingersoll rand','Unidades',1,1.000,0,0.00,0.00,0.00),(61,19,5,6,NULL,0,'Vitamina women Blend','Unidades',1,1.000,0,0.00,0.00,1.00),(62,20,4,5,NULL,0,'Pistola de impacto ingersoll rand','Unidades',1,1.000,0,0.00,0.00,100.00),(63,20,2,NULL,2,1,'Naranjas','Unidad',1,1.000,0,0.00,0.00,200.00),(64,20,4,NULL,4,1,'Tubo de aluminio','Centimetros',1,1.000,0,0.00,0.00,650.00),(65,21,5,6,NULL,0,'Vitamina women Blend','Unidades',1,1.000,0,0.00,0.00,100.00),(66,24,7,8,NULL,0,'Taladro Rotomartillo dewalt 1/2 650w','Unidades',1,1.000,0,0.00,0.00,400.00),(67,24,4,5,NULL,0,'Pistola de impacto ingersoll rand','Unidades',1,1.000,0,0.00,0.00,1100.00),(68,24,3,NULL,3,1,'Cemento','Kilogramos',1,1.000,0,0.00,0.00,2050.00),(69,24,6,7,NULL,0,'Remachadora','Unidades',1,1.000,0,0.00,0.00,58870.00),(70,25,4,5,NULL,0,'Pistola de impacto ingersoll rand','Unidades',4,1.000,0,0.00,0.00,150000.00),(71,25,4,NULL,4,1,'Tubo de aluminio','Centimetros',1000,100.000,0,0.00,0.00,87000.00),(72,25,2,NULL,2,1,'Naranjas','Unidad',20,1.000,0,0.00,0.00,12000.00),(73,25,5,6,NULL,0,'Vitamina women Blend','Unidades',3,1.000,0,0.00,0.00,60000.00);
/*!40000 ALTER TABLE `detallecompra` ENABLE KEYS */;
UNLOCK TABLES;

--
-- Table structure for table `direcciones`
--

DROP TABLE IF EXISTS `direcciones`;
/*!40101 SET @saved_cs_client     = @@character_set_client */;
/*!50503 SET character_set_client = utf8mb4 */;
CREATE TABLE `direcciones` (
  `id` int NOT NULL AUTO_INCREMENT,
  `idcliente` int NOT NULL,
  `idtarifa` int DEFAULT NULL,
  `iddepartamento` int DEFAULT NULL,
  `idciudad` int DEFAULT NULL,
  `pais` varchar(35) CHARACTER SET utf8mb3 COLLATE utf8mb3_general_ci DEFAULT NULL,
  `departamento` varchar(35) CHARACTER SET utf8mb3 COLLATE utf8mb3_general_ci NOT NULL,
  `ciudad` varchar(35) CHARACTER SET utf8mb3 COLLATE utf8mb3_spanish_ci NOT NULL,
  `direccion` varchar(77) COLLATE utf8mb3_spanish_ci NOT NULL,
  `codigopostal` varchar(12) COLLATE utf8mb3_spanish_ci DEFAULT NULL,
  `observacion` varchar(99) COLLATE utf8mb3_spanish_ci DEFAULT NULL,
  PRIMARY KEY (`id`),
  KEY `idcliente_idx` (`idcliente`),
  KEY `idtarifa_idx` (`idtarifa`),
  CONSTRAINT `id_cliente` FOREIGN KEY (`idcliente`) REFERENCES `clientes` (`id`) ON DELETE CASCADE ON UPDATE CASCADE,
  CONSTRAINT `idtarifa` FOREIGN KEY (`idtarifa`) REFERENCES `tarifas` (`id`) ON DELETE SET NULL ON UPDATE SET NULL
) ENGINE=InnoDB AUTO_INCREMENT=9 DEFAULT CHARSET=utf8mb3 COLLATE=utf8mb3_spanish_ci;
/*!40101 SET character_set_client = @saved_cs_client */;

--
-- Dumping data for table `direcciones`
--

LOCK TABLES `direcciones` WRITE;
/*!40000 ALTER TABLE `direcciones` DISABLE KEYS */;
INSERT INTO `direcciones` VALUES (1,1,1,1,1,NULL,'Quindio','Armenia','Almacen',NULL,NULL),(2,24,2,1,1,NULL,'Quindio','Armenia','Cr 15 #15-51',NULL,NULL),(3,17,2,1,1,NULL,'Quindio','Armenia','Av centenario #35-41',NULL,NULL),(4,18,2,1,1,NULL,'Quindio','Armenia','Barrio la castilla Mz F casa 14',NULL,NULL),(5,17,2,1,1,NULL,'Quindio','Calarca','Barrio Simon bolivar mz C casa 3',NULL,NULL),(6,6,2,1,1,NULL,'Quindio','Armenia','Barrio el placer Mz J casa 3',NULL,NULL),(7,1,2,1,1,NULL,'Quindio','Calarca','Av colon 25-50',NULL,NULL),(8,13,1,1,1,NULL,'Quindio','Armenia','cl 45  5| 10',NULL,NULL);
/*!40000 ALTER TABLE `direcciones` ENABLE KEYS */;
UNLOCK TABLES;

--
-- Table structure for table `fabricantes_marcas`
--

DROP TABLE IF EXISTS `fabricantes_marcas`;
/*!40101 SET @saved_cs_client     = @@character_set_client */;
/*!50503 SET character_set_client = utf8mb4 */;
CREATE TABLE `fabricantes_marcas` (
  `id` int NOT NULL AUTO_INCREMENT,
  `nombre` varchar(55) CHARACTER SET utf8mb3 COLLATE utf8mb3_general_ci NOT NULL,
  `telefono` varchar(15) CHARACTER SET utf8mb3 COLLATE utf8mb3_general_ci DEFAULT NULL,
  `email` varchar(55) CHARACTER SET utf8mb3 COLLATE utf8mb3_general_ci DEFAULT NULL,
  `direccion` varchar(77) CHARACTER SET utf8mb3 COLLATE utf8mb3_general_ci DEFAULT NULL,
  `pais` varchar(35) CHARACTER SET utf8mb3 COLLATE utf8mb3_general_ci DEFAULT NULL,
  `ciudad` varchar(35) CHARACTER SET utf8mb3 COLLATE utf8mb3_general_ci DEFAULT NULL,
  PRIMARY KEY (`id`)
) ENGINE=InnoDB DEFAULT CHARSET=utf8mb3 COLLATE=utf8mb3_unicode_ci;
/*!40101 SET character_set_client = @saved_cs_client */;

--
-- Dumping data for table `fabricantes_marcas`
--

LOCK TABLES `fabricantes_marcas` WRITE;
/*!40000 ALTER TABLE `fabricantes_marcas` DISABLE KEYS */;
/*!40000 ALTER TABLE `fabricantes_marcas` ENABLE KEYS */;
UNLOCK TABLES;

--
-- Table structure for table `factmediospago`
--

DROP TABLE IF EXISTS `factmediospago`;
/*!40101 SET @saved_cs_client     = @@character_set_client */;
/*!50503 SET character_set_client = utf8mb4 */;
CREATE TABLE `factmediospago` (
  `id` int NOT NULL AUTO_INCREMENT,
  `id_factura` int NOT NULL,
  `idmediopago` int NOT NULL,
  `valor` varchar(10) COLLATE utf8mb3_unicode_ci NOT NULL,
  PRIMARY KEY (`id`),
  KEY `idfactura_idx` (`id_factura`),
  KEY `idmediopago_idx` (`idmediopago`),
  CONSTRAINT `id_factura` FOREIGN KEY (`id_factura`) REFERENCES `facturas` (`id`) ON DELETE CASCADE ON UPDATE CASCADE,
  CONSTRAINT `idmediopago` FOREIGN KEY (`idmediopago`) REFERENCES `mediospago` (`id`)
) ENGINE=InnoDB AUTO_INCREMENT=83 DEFAULT CHARSET=utf8mb3 COLLATE=utf8mb3_unicode_ci;
/*!40101 SET character_set_client = @saved_cs_client */;

--
-- Dumping data for table `factmediospago`
--

LOCK TABLES `factmediospago` WRITE;
/*!40000 ALTER TABLE `factmediospago` DISABLE KEYS */;
INSERT INTO `factmediospago` VALUES (1,1,7,'593000'),(2,2,1,'490000'),(3,3,3,'405100'),(4,4,1,'116100'),(5,4,2,'500000'),(6,5,1,'41200'),(7,5,3,'150000'),(8,6,3,'600000'),(9,6,2,'154400'),(10,7,1,'209700'),(11,8,4,'114100'),(12,9,4,'10000'),(13,15,1,'319500'),(14,14,1,'300000'),(15,14,3,'143400'),(16,16,1,'328000'),(17,17,1,'19100'),(18,17,4,'250000'),(19,22,1,'1409900'),(20,23,2,'250000'),(21,23,3,'88000'),(22,24,1,'1027900'),(23,24,2,'1000000'),(24,25,1,'7053000'),(25,26,1,'537800'),(26,35,1,'2429900'),(27,36,1,'8892400'),(28,37,1,'3217300'),(30,17,5,'1000000'),(32,17,7,'250000'),(33,38,1,'481400'),(34,38,3,'650000'),(36,39,1,'868700'),(37,39,2,'500000'),(38,39,3,'500000'),(39,39,4,'220000'),(40,39,5,'384000'),(42,40,1,'328000'),(43,42,1,'51200'),(44,42,7,'200000'),(45,43,1,'30000'),(46,44,1,'150000'),(48,45,1,'598000'),(51,48,1,'427800'),(52,46,1,'95600'),(53,47,1,'120500'),(54,50,1,'47220000'),(55,51,1,'3000'),(56,52,1,'104850000'),(57,56,1,'57'),(58,57,1,'1132100'),(59,58,1,'124280'),(60,59,1,'191200'),(61,60,1,'974000'),(62,61,1,'675000'),(63,62,1,'1417100'),(64,63,1,'420000'),(65,64,1,'74000'),(66,65,1,'347600'),(67,66,1,'95600'),(68,67,1,'787400'),(69,69,1,'300000'),(70,70,1,'300000'),(71,71,1,'300000'),(72,72,1,'598000'),(73,73,1,'1196000'),(74,74,1,'1794000'),(75,75,1,'600000'),(76,76,1,'2392000'),(77,77,1,'191200'),(78,78,1,'331200'),(79,80,1,'100100'),(80,80,2,'34000'),(81,81,1,'191200'),(82,82,1,'1503800');
/*!40000 ALTER TABLE `factmediospago` ENABLE KEYS */;
UNLOCK TABLES;

--
-- Table structure for table `facturas`
--

DROP TABLE IF EXISTS `facturas`;
/*!40101 SET @saved_cs_client     = @@character_set_client */;
/*!50503 SET character_set_client = utf8mb4 */;
CREATE TABLE `facturas` (
  `id` int NOT NULL AUTO_INCREMENT,
  `idcliente` int DEFAULT NULL,
  `idvendedor` int DEFAULT NULL,
  `idcaja` int DEFAULT NULL,
  `idconsecutivo` int DEFAULT NULL,
  `iddireccion` int DEFAULT NULL,
  `idtarifazona` int DEFAULT NULL,
  `idcierrecaja` int DEFAULT NULL,
  `cliente` varchar(55) CHARACTER SET utf8mb3 COLLATE utf8mb3_general_ci DEFAULT NULL,
  `vendedor` varchar(55) CHARACTER SET utf8mb3 COLLATE utf8mb3_general_ci DEFAULT NULL,
  `caja` varchar(33) COLLATE utf8mb3_unicode_ci DEFAULT NULL,
  `tipofacturador` varchar(33) COLLATE utf8mb3_unicode_ci DEFAULT NULL,
  `direccion` varchar(77) CHARACTER SET utf8mb3 COLLATE utf8mb3_general_ci DEFAULT NULL,
  `tarifazona` varchar(55) COLLATE utf8mb3_unicode_ci DEFAULT NULL,
  `totalunidades` int DEFAULT NULL,
  `recibido` varchar(15) CHARACTER SET utf8mb3 COLLATE utf8mb3_unicode_ci DEFAULT NULL,
  `transaccion` varchar(25) CHARACTER SET utf8mb3 COLLATE utf8mb3_unicode_ci DEFAULT NULL,
  `tipoventa` varchar(33) COLLATE utf8mb3_unicode_ci DEFAULT NULL,
  `cotizacion` tinyint(1) DEFAULT NULL,
  `estado` varchar(11) COLLATE utf8mb3_unicode_ci DEFAULT NULL,
  `cambioaventa` tinyint(1) DEFAULT NULL,
  `subtotal` varchar(14) CHARACTER SET utf8mb3 COLLATE utf8mb3_spanish_ci DEFAULT NULL,
  `base` decimal(13,3) DEFAULT NULL,
  `valorimpuestototal` decimal(12,3) DEFAULT NULL,
  `dctox100` int DEFAULT NULL,
  `descuento` varchar(10) COLLATE utf8mb3_unicode_ci DEFAULT NULL,
  `total` varchar(15) CHARACTER SET utf8mb3 COLLATE utf8mb3_spanish_ci DEFAULT NULL,
  `observacion` varchar(255) CHARACTER SET utf8mb3 COLLATE utf8mb3_general_ci DEFAULT NULL,
  `departamento` varchar(22) COLLATE utf8mb3_unicode_ci DEFAULT NULL,
  `ciudad` varchar(22) COLLATE utf8mb3_unicode_ci DEFAULT NULL,
  `entrega` varchar(11) CHARACTER SET utf8mb3 COLLATE utf8mb3_unicode_ci DEFAULT NULL,
  `valortarifa` varchar(9) COLLATE utf8mb3_unicode_ci DEFAULT NULL,
  `fechacreacion` datetime DEFAULT NULL,
  `fechapago` datetime DEFAULT NULL,
  `opc1` varchar(45) CHARACTER SET utf8mb3 COLLATE utf8mb3_unicode_ci DEFAULT NULL,
  `opc2` varchar(45) CHARACTER SET utf8mb3 COLLATE utf8mb3_unicode_ci DEFAULT NULL,
  PRIMARY KEY (`id`),
  KEY `idcliente_idx` (`idcliente`),
  KEY `idvendedor_idx` (`idvendedor`),
  KEY `iddireccion_idx` (`iddireccion`),
  KEY `idcierrecaja_idx` (`idcierrecaja`),
  CONSTRAINT `idcierrecaja` FOREIGN KEY (`idcierrecaja`) REFERENCES `cierrescajas` (`id`) ON UPDATE CASCADE,
  CONSTRAINT `idcliente` FOREIGN KEY (`idcliente`) REFERENCES `clientes` (`id`) ON DELETE SET NULL ON UPDATE CASCADE,
  CONSTRAINT `iddireccion` FOREIGN KEY (`iddireccion`) REFERENCES `direcciones` (`id`) ON DELETE SET NULL ON UPDATE CASCADE,
  CONSTRAINT `idvendedor` FOREIGN KEY (`idvendedor`) REFERENCES `usuarios` (`id`) ON DELETE SET NULL ON UPDATE CASCADE
) ENGINE=InnoDB AUTO_INCREMENT=83 DEFAULT CHARSET=utf8mb3 COLLATE=utf8mb3_unicode_ci;
/*!40101 SET character_set_client = @saved_cs_client */;

--
-- Dumping data for table `facturas`
--

LOCK TABLES `facturas` WRITE;
/*!40000 ALTER TABLE `facturas` DISABLE KEYS */;
INSERT INTO `facturas` VALUES (1,18,1,1,3,4,2,1,'Miguel Perdomo','Julian Rodriguez','Caja Principal','Factura electronica 512','Barrio la castilla Mz F casa 14','Tarifa A',4,NULL,NULL,NULL,NULL,'Paga',0,'619000',0.000,0.000,4,'26000','593000',NULL,NULL,'Armenia','Domicilio','20000','2025-01-02 05:49:50','2025-01-02 05:49:50',NULL,NULL),(2,18,1,1,1,4,2,1,'Miguel Perdomo','Julian Rodriguez','Caja Principal','Facturacion POS','Barrio la castilla Mz F casa 14','Tarifa A',2,NULL,NULL,NULL,NULL,'Paga',0,'500000',0.000,0.000,6,'30000','490000',NULL,NULL,'Armenia','Domicilio','20000','2025-01-02 06:28:41','2025-01-02 06:28:41',NULL,NULL),(3,18,1,1,2,4,0,1,'Miguel Perdomo','Julian Rodriguez','Caja Principal','Documento equivalente Pos','Barrio la castilla Mz F casa 14',NULL,3,NULL,NULL,NULL,NULL,'Paga',0,'405100',0.000,0.000,0,'0','405100',NULL,NULL,'Armenia','Presencial','0','2025-01-02 06:52:19','2025-01-02 06:52:19',NULL,NULL),(4,1,1,1,2,1,0,1,'-Seleccionar-','Julian Rodriguez','Caja Principal','Documento equivalente Pos','Almacen',NULL,4,NULL,NULL,NULL,NULL,'Paga',0,'616100',0.000,0.000,0,'0','616100',NULL,NULL,'Armenia','Presencial','0','2025-01-02 06:52:36','2025-01-02 06:52:36',NULL,NULL),(5,1,1,1,1,1,0,1,'-Seleccionar-','Julian Rodriguez','Caja Principal','Facturacion POS','-Seleccionar-',NULL,2,NULL,NULL,NULL,NULL,'Paga',0,'191200',0.000,0.000,0,'0','191200',NULL,NULL,NULL,'Presencial','0','2025-01-02 07:36:39','2025-01-02 07:36:39',NULL,NULL),(6,18,1,1,3,4,2,1,'Miguel Perdomo','Julian Rodriguez','Caja Principal','Factura electronica 512','Barrio la castilla Mz F casa 14','Tarifa A',4,NULL,NULL,NULL,NULL,'Paga',0,'734400',0.000,0.000,0,'0','754400',NULL,NULL,'Armenia','Domicilio','20000','2025-01-02 07:49:17','2025-01-02 07:49:17',NULL,NULL),(7,1,1,1,1,1,0,1,'-Seleccionar-','Julian Rodriguez','Caja Principal','Facturacion POS','-Seleccionar-',NULL,3,NULL,NULL,NULL,NULL,'Paga',0,'209700',0.000,0.000,0,'0','209700',NULL,NULL,NULL,'Presencial','0','2025-01-02 18:44:00','2025-01-02 18:44:00',NULL,NULL),(8,1,1,1,1,1,0,1,'-Seleccionar-','Julian Rodriguez','Caja Principal','Facturacion POS','-Seleccionar-',NULL,2,NULL,NULL,NULL,NULL,'Paga',0,'114100',0.000,0.000,0,'0','114100',NULL,NULL,NULL,'Presencial','0','2025-01-09 21:12:02','2025-01-09 21:12:02',NULL,NULL),(9,1,1,1,1,1,0,1,'-Seleccionar-','Julian Rodriguez','Caja Principal','Facturacion POS','-Seleccionar-',NULL,1,NULL,NULL,NULL,NULL,'Paga',0,'10000',0.000,0.000,0,'0','10000',NULL,NULL,NULL,'Presencial','0','2025-01-09 21:12:33','2025-01-09 21:12:33',NULL,NULL),(10,1,1,1,1,1,0,1,'-Seleccionar-','Julian Rodriguez','Caja Principal','Facturacion POS','-Seleccionar-',NULL,2,NULL,NULL,NULL,NULL,'Guardado',0,'811900',0.000,0.000,0,'0','811900',NULL,NULL,NULL,'Presencial','0','2025-01-11 03:19:20','2025-01-11 03:19:20',NULL,NULL),(11,1,1,1,1,1,0,1,'-Seleccionar-','Julian Rodriguez','Caja Principal','Facturacion POS','-Seleccionar-',NULL,2,NULL,NULL,NULL,NULL,'Guardado',0,'811900',0.000,0.000,0,'0','811900',NULL,NULL,NULL,'Presencial','0','2025-01-11 03:20:07','2025-01-11 03:20:07',NULL,NULL),(12,1,1,1,1,1,0,1,'-Seleccionar-','Julian Rodriguez','Caja Principal','Facturacion POS','-Seleccionar-',NULL,1,NULL,NULL,NULL,NULL,'Guardado',0,'598000',0.000,0.000,0,'0','598000',NULL,NULL,NULL,'Presencial','0','2025-01-11 03:26:25','2025-01-11 03:26:25',NULL,NULL),(13,1,1,1,1,1,0,1,'-Seleccionar-','Julian Rodriguez','Caja Principal','Facturacion POS','-Seleccionar-',NULL,1,NULL,NULL,NULL,NULL,'Guardado',0,'598000',0.000,0.000,0,'0','598000',NULL,NULL,NULL,'Presencial','0','2025-01-11 03:39:32','2025-01-11 03:39:32',NULL,NULL),(14,1,1,1,1,1,0,2,'-Seleccionar-','Julian Rodriguez','Caja Principal','Facturacion POS','-Seleccionar-',NULL,3,NULL,NULL,NULL,NULL,'Eliminada',1,'443400',0.000,0.000,0,'0','443400',NULL,NULL,NULL,'Presencial','0','2025-01-16 00:00:00','2025-01-12 05:38:13',NULL,NULL),(15,1,1,1,1,1,0,2,'-Seleccionar-','Julian Rodriguez','Caja Principal','Facturacion POS','-Seleccionar-',NULL,3,NULL,NULL,NULL,NULL,'Eliminada',0,'319500',0.000,0.000,0,'0','319500',NULL,NULL,NULL,'Presencial','0','2025-01-16 00:00:00','2025-01-12 05:39:04',NULL,NULL),(16,1,1,1,3,1,0,2,'-Seleccionar-','Julian Rodriguez','Caja Principal','Factura electronica 512','-Seleccionar-',NULL,3,NULL,NULL,NULL,NULL,'Eliminada',0,'328000',0.000,0.000,0,'0','328000',NULL,NULL,NULL,'Presencial','0','2025-01-16 00:00:00','2025-01-16 20:22:57',NULL,NULL),(17,1,1,1,3,1,0,2,'-Seleccionar-','Julian Rodriguez','Caja Principal','Factura electronica 512','-Seleccionar-',NULL,2,NULL,NULL,'Contado',0,'Paga',0,'1519100',0.000,0.000,0,'0','1519100',NULL,NULL,NULL,'Presencial','0','2025-01-16 21:01:12','2025-01-16 21:01:12',NULL,NULL),(18,1,1,1,1,1,0,2,'-Seleccionar-','Julian Rodriguez','Caja Principal','Facturacion POS','-Seleccionar-',NULL,3,NULL,NULL,'Contado',0,'Eliminada',0,'242400',0.000,0.000,0,'0','242400',NULL,NULL,NULL,'Presencial','0','2025-01-17 00:00:00','2025-01-17 17:21:51',NULL,NULL),(19,1,1,1,1,1,0,2,'-Seleccionar-','Julian Rodriguez','Caja Principal','Facturacion POS','-Seleccionar-',NULL,2,NULL,NULL,'Contado',0,'Eliminada',0,'309500',0.000,0.000,0,'0','309500',NULL,NULL,NULL,'Presencial','0','2025-01-17 00:00:00','2025-01-17 17:38:15',NULL,NULL),(20,1,1,1,1,1,0,2,'-Seleccionar-','Julian Rodriguez','Caja Principal','Facturacion POS','-Seleccionar-',NULL,4,NULL,NULL,'Contado',1,'Eliminada',0,'415100',0.000,0.000,0,'0','415100',NULL,NULL,NULL,'Presencial','0','2025-01-18 00:00:00','2025-01-17 18:41:21',NULL,NULL),(21,1,1,1,1,1,0,2,'-Seleccionar-','Julian Rodriguez','Caja Principal','Facturacion POS','-Seleccionar-',NULL,4,NULL,NULL,'Contado',1,'Guardado',0,'211200',0.000,0.000,0,'0','211200',NULL,NULL,NULL,'Presencial','0','2025-01-18 15:49:06','2025-01-18 15:49:06',NULL,NULL),(22,1,1,1,1,1,0,2,'-Seleccionar-','Julian Rodriguez','Caja Principal','Facturacion POS','-Seleccionar-',NULL,3,NULL,NULL,'Contado',0,'Paga',0,'1409900',0.000,0.000,0,'0','1409900',NULL,NULL,NULL,'Presencial','0','2025-01-26 02:10:43','2025-01-26 02:10:43',NULL,NULL),(23,1,1,1,1,1,0,2,'-Seleccionar-','Julian Rodriguez','Caja Principal','Facturacion POS','-Seleccionar-',NULL,4,NULL,NULL,'Contado',0,'Paga',0,'338000',0.000,0.000,0,'0','338000',NULL,NULL,NULL,'Presencial','0','2025-01-26 05:26:56','2025-01-26 05:26:56',NULL,NULL),(24,1,1,1,2,1,0,2,'-Seleccionar-','Julian Rodriguez','Caja Principal','Documento equivalente Pos','-Seleccionar-',NULL,6,NULL,NULL,'Contado',0,'Paga',0,'2027900',0.000,0.000,0,'0','2027900',NULL,NULL,NULL,'Presencial','0','2025-01-26 23:16:55','2025-01-26 23:16:55',NULL,NULL),(25,1,1,1,3,1,0,2,'-Seleccionar-','Julian Rodriguez','Caja Principal','Factura electronica 512','-Seleccionar-',NULL,12,NULL,NULL,'Contado',0,'Eliminada',0,'7053000',0.000,0.000,0,'0','7053000',NULL,NULL,NULL,'Presencial','0','2025-01-26 00:00:00','2025-01-26 23:20:51',NULL,NULL),(26,1,1,1,1,1,0,2,'-Seleccionar-','Julian Rodriguez','Caja Principal','Facturacion POS','-Seleccionar-',NULL,6,NULL,NULL,'Contado',1,'Eliminada',1,'537800',0.000,0.000,0,'0','537800',NULL,NULL,NULL,'Presencial','0','2025-01-26 00:00:00','2025-01-26 23:25:16',NULL,NULL),(27,1,1,1,1,1,0,2,'-Seleccionar-','Julian Rodriguez','Caja Principal','Facturacion POS','-Seleccionar-',NULL,4,NULL,NULL,'Contado',0,'Paga',0,'2328100',0.000,0.000,0,'0','2328100',NULL,NULL,NULL,'Presencial','0','2025-03-20 05:35:52','2025-03-20 05:35:52',NULL,NULL),(28,1,1,1,1,1,0,2,'-Seleccionar-','Julian Rodriguez','Caja Principal','Facturacion POS','-Seleccionar-',NULL,4,NULL,NULL,'Contado',0,'Paga',0,'2328100',0.000,0.000,0,'0','2328100',NULL,NULL,NULL,'Presencial','0','2025-03-20 05:50:13','2025-03-20 05:50:13',NULL,NULL),(29,1,1,1,1,1,0,2,'-Seleccionar-','Julian Rodriguez','Caja Principal','Facturacion POS','-Seleccionar-',NULL,4,NULL,NULL,'Contado',0,'Paga',0,'2328100',0.000,0.000,0,'0','2328100',NULL,NULL,NULL,'Presencial','0','2025-03-20 05:51:45','2025-03-20 05:51:45',NULL,NULL),(30,1,1,1,1,1,0,2,'-Seleccionar-','Julian Rodriguez','Caja Principal','Facturacion POS','-Seleccionar-',NULL,4,NULL,NULL,'Contado',0,'Paga',0,'1620900',0.000,0.000,0,'0','1620900',NULL,NULL,NULL,'Presencial','0','2025-03-20 05:55:53','2025-03-20 05:55:53',NULL,NULL),(31,1,1,1,1,1,0,2,'-Seleccionar-','Julian Rodriguez','Caja Principal','Facturacion POS','-Seleccionar-',NULL,4,NULL,NULL,'Contado',0,'Paga',0,'1620900',0.000,0.000,0,'0','1620900',NULL,NULL,NULL,'Presencial','0','2025-03-20 05:56:14','2025-03-20 05:56:14',NULL,NULL),(32,1,1,1,1,1,0,2,'-Seleccionar-','Julian Rodriguez','Caja Principal','Facturacion POS','-Seleccionar-',NULL,4,NULL,NULL,'Contado',0,'Paga',0,'1620900',0.000,0.000,0,'0','1620900',NULL,NULL,NULL,'Presencial','0','2025-03-20 05:56:31','2025-03-20 05:56:31',NULL,NULL),(33,1,1,1,1,1,0,2,'-Seleccionar-','Julian Rodriguez','Caja Principal','Facturacion POS','-Seleccionar-',NULL,4,NULL,NULL,'Contado',0,'Paga',0,'1620900',0.000,0.000,0,'0','1620900',NULL,NULL,NULL,'Presencial','0','2025-03-20 05:59:37','2025-03-20 05:59:37',NULL,NULL),(34,1,1,1,1,1,0,2,'-Seleccionar-','Julian Rodriguez','Caja Principal','Facturacion POS','-Seleccionar-',NULL,4,NULL,NULL,'Contado',0,'Paga',0,'1620900',0.000,0.000,0,'0','1620900',NULL,NULL,NULL,'Presencial','0','2025-03-20 06:02:10','2025-03-20 06:02:10',NULL,NULL),(35,1,1,1,1,1,0,2,'-Seleccionar-','Julian Rodriguez','Caja Principal','Facturacion POS','-Seleccionar-',NULL,6,NULL,NULL,'Contado',0,'Paga',0,'2429900',0.000,0.000,0,'0','2429900',NULL,NULL,NULL,'Presencial','0','2025-03-20 06:05:00','2025-03-20 06:05:00',NULL,NULL),(36,1,1,1,1,1,0,2,'-Seleccionar-','Julian Rodriguez','Caja Principal','Facturacion POS','-Seleccionar-',NULL,16,NULL,NULL,'Contado',0,'Paga',0,'8892400',0.000,0.000,0,'0','8892400',NULL,NULL,NULL,'Presencial','0','2025-03-20 06:14:30','2025-03-20 06:14:30',NULL,NULL),(37,1,1,1,1,1,0,2,'-Seleccionar-','Julian Rodriguez','Caja Principal','Facturacion POS','Almacen',NULL,18,NULL,NULL,'Contado',0,'Eliminada',0,'3217300',0.000,0.000,0,'0','3217300',NULL,NULL,'Armenia','Presencial','0','2025-03-20 06:18:56','2025-03-20 06:18:56',NULL,NULL),(38,17,1,1,1,3,0,3,'Ana Rincon','Julian Rodriguez','Caja Principal','Facturacion POS','Av centenario #35-41',NULL,5,'440.000',NULL,'Contado',0,'Paga',0,'1131400',0.000,0.000,0,'0','1131400',NULL,NULL,'Armenia','Presencial','0','2025-04-01 03:59:49','2025-04-01 03:59:49',NULL,NULL),(39,1,1,1,3,1,0,3,'-Seleccionar-','Julian Rodriguez','Caja Principal','Factura electronica 512','-Seleccionar-',NULL,6,NULL,NULL,'Contado',0,'Paga',0,'2472700',0.000,0.000,0,'0','2472700',NULL,NULL,NULL,'Presencial','0','2025-04-01 04:01:10','2025-04-01 04:01:10',NULL,NULL),(40,1,1,1,1,1,0,3,'-Seleccionar-','Julian Rodriguez','Caja Principal','Facturacion POS','-Seleccionar-',NULL,3,NULL,NULL,'Contado',0,'Eliminada',0,'328000',0.000,0.000,0,'0','328000',NULL,NULL,NULL,'Presencial','0','2025-04-01 05:03:59','2025-04-01 05:03:59',NULL,NULL),(41,1,1,1,1,1,0,3,'-Seleccionar-','Julian Rodriguez','Caja Principal','Facturacion POS','-Seleccionar-',NULL,2,NULL,NULL,'Contado',1,'Guardado',0,'191200',0.000,0.000,0,'0','191200',NULL,NULL,NULL,'Presencial','0','2025-04-01 05:04:24','2025-04-01 05:04:24',NULL,NULL),(42,13,1,1,3,8,0,3,'Lina Ospina Ruiz','Julian Rodriguez','Caja Principal','Factura electronica 512','cl 45 5| 10',NULL,8,'55.000',NULL,'Contado',0,'Paga',0,'251200',0.000,0.000,0,'0','251200',NULL,NULL,'Armenia','Domicilio','0','2025-04-06 19:52:10','2025-04-06 19:52:10',NULL,NULL),(43,1,1,1,1,1,0,3,'-Seleccionar-','Julian Rodriguez','Caja Principal','Facturacion POS','-Seleccionar-',NULL,3,NULL,NULL,'Contado',0,'Paga',0,'30000',0.000,0.000,0,'0','30000',NULL,NULL,NULL,'Presencial','0','2025-04-10 01:52:59','2025-04-10 01:52:59',NULL,NULL),(44,1,1,1,1,1,0,3,'-Seleccionar-','Julian Rodriguez','Caja Principal','Facturacion POS','-Seleccionar-',NULL,1,NULL,NULL,'Contado',0,'Paga',0,'150000',0.000,0.000,0,'0','150000',NULL,NULL,NULL,'Presencial','0','2025-06-22 20:23:40','2025-06-22 20:23:40',NULL,NULL),(45,1,1,1,1,1,0,4,'-Seleccionar-','Julian Rodriguez','Caja Principal','Facturacion POS','-Seleccionar-',NULL,1,NULL,NULL,'Contado',0,'Paga',0,'598000',0.000,0.000,0,'0','598000',NULL,NULL,NULL,'Presencial','0','2025-07-19 05:27:52','2025-07-19 05:27:52',NULL,NULL),(46,1,1,1,1,1,0,10,'-Seleccionar-','Julian Rodriguez','Caja Principal','Facturacion POS','-Seleccionar-',NULL,1,NULL,NULL,'Contado',1,'Eliminada',1,'95600',0.000,0.000,0,'0','95600',NULL,NULL,NULL,'Presencial','0','2025-07-31 00:42:39','2025-07-31 00:42:39',NULL,NULL),(47,1,1,1,1,1,0,10,'-Seleccionar-','Julian Rodriguez','Caja Principal','Facturacion POS','-Seleccionar-',NULL,1,NULL,NULL,'Contado',1,'Paga',1,'120500',0.000,0.000,0,'0','120500',NULL,NULL,NULL,'Presencial','0','2025-07-31 01:12:27','2025-07-31 01:12:27',NULL,NULL),(48,1,1,1,1,1,0,10,'-Seleccionar-','Julian Rodriguez','Caja Principal','Facturacion POS','Almacen',NULL,2,NULL,NULL,'Contado',1,'Paga',1,'427800',0.000,0.000,0,'0','427800',NULL,NULL,'Armenia','Presencial','0','2025-07-31 01:12:38','2025-07-31 01:12:38',NULL,NULL),(49,1,1,1,1,1,0,10,'-Seleccionar-','Julian Rodriguez','Caja Principal','Facturacion POS','-Seleccionar-',NULL,1,NULL,NULL,'Contado',1,'Guardado',0,'213900',0.000,0.000,0,'0','213900',NULL,NULL,NULL,'Presencial','0','2025-07-31 03:25:38','2025-07-31 03:25:38',NULL,NULL),(50,1,1,1,1,1,0,10,'-Seleccionar-','Julian Rodriguez','Caja Principal','Facturacion POS','-Seleccionar-',NULL,787,NULL,NULL,'Contado',0,'Paga',0,'47220000',0.000,0.000,0,'0','47220000',NULL,NULL,NULL,'Presencial','0','2025-08-01 05:39:52','2025-08-01 05:39:52',NULL,NULL),(51,1,1,1,1,1,0,10,'-Seleccionar-','Julian Rodriguez','Caja Principal','Facturacion POS','-Seleccionar-',NULL,1,NULL,NULL,'Contado',0,'Paga',0,'3000',0.000,0.000,0,'0','3000',NULL,NULL,NULL,'Presencial','0','2025-08-01 05:42:33','2025-08-01 05:42:33',NULL,NULL),(52,1,1,1,1,1,0,10,'-Seleccionar-','Julian Rodriguez','Caja Principal','Facturacion POS','Almacen',NULL,699,NULL,NULL,'Contado',0,'Paga',0,'104850000',0.000,0.000,0,'0','104850000',NULL,NULL,'Armenia','Presencial','0','2025-08-01 05:42:48','2025-08-01 05:42:48',NULL,NULL),(53,1,1,1,1,1,0,10,'-Seleccionar-','Julian Rodriguez','Caja Principal','Facturacion POS','-Seleccionar-',NULL,3,NULL,NULL,'Contado',0,'Paga',0,'33',0.000,0.000,50,'16.5','16.5',NULL,NULL,NULL,'Presencial','0','2025-08-03 23:06:44','2025-08-03 23:06:44',NULL,NULL),(54,1,1,1,1,1,0,10,'-Seleccionar-','Julian Rodriguez','Caja Principal','Facturacion POS','-Seleccionar-',NULL,5,NULL,NULL,'Contado',0,'Paga',0,'63',0.000,0.000,0,'0','63',NULL,NULL,NULL,'Presencial','0','2025-08-03 23:43:06','2025-08-03 23:43:06',NULL,NULL),(55,1,1,1,1,1,0,10,'-Seleccionar-','Julian Rodriguez','Caja Principal','Facturacion POS','-Seleccionar-',NULL,3,NULL,NULL,'Contado',0,'Paga',0,'58',0.000,0.000,0,'0','58',NULL,NULL,NULL,'Presencial','0','2025-08-04 04:53:04','2025-08-04 04:53:04',NULL,NULL),(56,1,1,1,1,1,0,10,'-Seleccionar-','Julian Rodriguez','Caja Principal','Facturacion POS','-Seleccionar-',NULL,2,NULL,NULL,'Contado',0,'Paga',0,'57',0.000,0.000,0,'0','57',NULL,NULL,NULL,'Presencial','0','2025-08-04 05:27:27','2025-08-04 05:27:27',NULL,NULL),(57,1,1,1,1,1,0,10,'-Seleccionar-','Julian Rodriguez','Caja Principal','Facturacion POS','-Seleccionar-',NULL,2,NULL,NULL,'Contado',0,'Paga',0,'1132100',0.000,0.000,0,'0','1132100',NULL,NULL,NULL,'Presencial','0','2025-08-04 05:28:17','2025-08-04 05:28:17',NULL,NULL),(58,1,1,1,1,1,0,10,'-Seleccionar-','Julian Rodriguez','Caja Principal','Facturacion POS','-Seleccionar-',NULL,1,NULL,NULL,'Contado',0,'Paga',0,'124280',0.000,0.000,0,'0','124280',NULL,NULL,NULL,'Presencial','0','2025-08-05 06:54:44','2025-08-05 06:54:44',NULL,NULL),(59,1,1,1,1,1,0,10,'-Seleccionar-','Julian Rodriguez','Caja Principal','Facturacion POS','-Seleccionar-',NULL,2,NULL,NULL,'Contado',0,'Paga',0,'191200',0.000,0.000,0,'0','191200',NULL,NULL,NULL,'Presencial','0','2025-08-06 02:28:12','2025-08-06 02:28:12',NULL,NULL),(60,1,1,1,1,1,0,10,'-Seleccionar-','Julian Rodriguez','Caja Principal','Facturacion POS','Almacen',NULL,2,NULL,NULL,'Contado',0,'Paga',0,'974000',0.000,0.000,0,'0','974000',NULL,NULL,'Armenia','Presencial','0','2025-08-06 02:29:43','2025-08-06 02:29:43',NULL,NULL),(61,1,1,1,1,1,0,10,'-Seleccionar-','Julian Rodriguez','Caja Principal','Facturacion POS','-Seleccionar-',NULL,3,NULL,NULL,'Contado',0,'Paga',0,'675000',0.000,0.000,0,'0','675000',NULL,NULL,NULL,'Presencial','0','2025-08-06 02:31:23','2025-08-06 02:31:23',NULL,NULL),(62,1,1,1,1,1,0,10,'-Seleccionar-','Julian Rodriguez','Caja Principal','Facturacion POS','-Seleccionar-',NULL,5,NULL,NULL,'Contado',0,'Paga',0,'1417100',0.000,0.000,0,'0','1417100',NULL,NULL,NULL,'Presencial','0','2025-08-06 02:32:48','2025-08-06 02:32:48',NULL,NULL),(63,1,1,1,1,1,0,10,'-Seleccionar-','Julian Rodriguez','Caja Principal','Facturacion POS','-Seleccionar-',NULL,3,NULL,NULL,'Contado',0,'Paga',0,'420000',0.000,0.000,0,'0','420000',NULL,NULL,NULL,'Presencial','0','2025-08-06 02:34:09','2025-08-06 02:34:09',NULL,NULL),(64,1,1,1,1,1,0,10,'-Seleccionar-','Julian Rodriguez','Caja Principal','Facturacion POS','Almacen',NULL,4,NULL,NULL,'Contado',0,'Paga',0,'74000',0.000,0.000,0,'0','74000',NULL,NULL,'Armenia','Presencial','0','2025-08-06 02:35:19','2025-08-06 02:35:19',NULL,NULL),(65,1,1,1,1,1,0,10,'-Seleccionar-','Julian Rodriguez','Caja Principal','Facturacion POS','-Seleccionar-',NULL,5,NULL,NULL,'Contado',0,'Paga',0,'347600',0.000,0.000,0,'0','347600',NULL,NULL,NULL,'Presencial','0','2025-08-06 02:58:06','2025-08-06 02:58:06',NULL,NULL),(66,1,1,1,1,1,0,10,'-Seleccionar-','Julian Rodriguez','Caja Principal','Facturacion POS','-Seleccionar-',NULL,1,NULL,NULL,'Contado',0,'Paga',0,'95600',0.000,0.000,0,'0','95600',NULL,NULL,NULL,'Presencial','0','2025-08-06 04:06:52','2025-08-06 04:06:52',NULL,NULL),(67,1,1,1,1,1,0,10,'-Seleccionar-','Julian Rodriguez','Caja Principal','Facturacion POS','-Seleccionar-',NULL,42,NULL,NULL,'Contado',0,'Paga',0,'787400',0.000,0.000,0,'0','787400',NULL,NULL,NULL,'Presencial','0','2025-08-06 04:09:15','2025-08-06 04:09:15',NULL,NULL),(68,1,1,1,1,1,0,10,'-Seleccionar-','Julian Rodriguez','Caja Principal','Facturacion POS','-Seleccionar-',NULL,2,NULL,NULL,'Contado',1,'Guardado',0,'205000',0.000,0.000,0,'0','205000',NULL,NULL,NULL,'Presencial','0','2025-08-06 04:11:32','2025-08-06 04:11:32',NULL,NULL),(69,1,1,1,1,1,0,10,'-Seleccionar-','Julian Rodriguez','Caja Principal','Facturacion POS','-Seleccionar-',NULL,2,NULL,NULL,'Contado',0,'Paga',0,'300000',0.000,0.000,0,'0','300000',NULL,NULL,NULL,'Presencial','0','2025-08-08 05:27:04','2025-08-08 05:27:04',NULL,NULL),(70,1,1,1,1,1,0,10,'-Seleccionar-','Julian Rodriguez','Caja Principal','Facturacion POS','-Seleccionar-',NULL,2,NULL,NULL,'Contado',0,'Paga',0,'300000',0.000,0.000,0,'0','300000',NULL,NULL,NULL,'Presencial','0','2025-08-08 05:27:34','2025-08-08 05:27:34',NULL,NULL),(71,1,1,1,1,1,0,10,'-Seleccionar-','Julian Rodriguez','Caja Principal','Facturacion POS','-Seleccionar-',NULL,2,NULL,NULL,'Contado',0,'Paga',0,'300000',0.000,0.000,0,'0','300000',NULL,NULL,NULL,'Presencial','0','2025-08-08 05:34:17','2025-08-08 05:34:17',NULL,NULL),(72,1,1,1,1,1,0,10,'-Seleccionar-','Julian Rodriguez','Caja Principal','Facturacion POS','Almacen',NULL,1,NULL,NULL,'Contado',0,'Paga',0,'598000',0.000,0.000,0,'0','598000',NULL,NULL,'Armenia','Presencial','0','2025-08-08 05:37:20','2025-08-08 05:37:20',NULL,NULL),(73,1,1,1,1,1,0,10,'-Seleccionar-','Julian Rodriguez','Caja Principal','Facturacion POS','-Seleccionar-',NULL,2,NULL,NULL,'Contado',0,'Paga',0,'1196000',0.000,0.000,0,'0','1196000',NULL,NULL,NULL,'Presencial','0','2025-08-09 05:57:23','2025-08-09 05:57:23',NULL,NULL),(74,1,1,1,1,1,0,10,'-Seleccionar-','Julian Rodriguez','Caja Principal','Facturacion POS','Almacen',NULL,3,NULL,NULL,'Contado',0,'Paga',0,'1794000',0.000,0.000,0,'0','1794000',NULL,NULL,'Armenia','Presencial','0','2025-08-09 05:57:48','2025-08-09 05:57:48',NULL,NULL),(75,1,1,1,1,1,0,10,'-Seleccionar-','Julian Rodriguez','Caja Principal','Facturacion POS','Almacen',NULL,4,NULL,NULL,'Contado',0,'Paga',0,'600000',0.000,0.000,0,'0','600000',NULL,NULL,'Armenia','Presencial','0','2025-08-09 05:59:18','2025-08-09 05:59:18',NULL,NULL),(76,1,1,1,1,1,0,10,'-Seleccionar-','Julian Rodriguez','Caja Principal','Facturacion POS','-Seleccionar-',NULL,4,NULL,NULL,'Contado',0,'Paga',0,'2392000',0.000,0.000,0,'0','2392000',NULL,NULL,NULL,'Presencial','0','2025-08-09 06:07:45','2025-08-09 06:07:45',NULL,NULL),(77,1,1,1,1,1,0,10,'-Seleccionar-','Julian Rodriguez','Caja Principal','Facturacion POS','-Seleccionar-',NULL,2,NULL,NULL,'Contado',0,'Paga',0,'191200',0.000,0.000,0,'0','191200',NULL,NULL,NULL,'Presencial','0','2025-08-11 02:04:40','2025-08-11 02:04:40',NULL,NULL),(78,1,1,1,1,1,0,10,'-Seleccionar-','Julian Rodriguez','Caja Principal','Facturacion POS','-Seleccionar-',NULL,3,NULL,NULL,'Contado',0,'Paga',0,'331200',0.000,0.000,0,'0','331200',NULL,NULL,NULL,'Presencial','0','2025-08-11 02:08:36','2025-08-11 02:08:36',NULL,NULL),(79,1,1,1,1,1,0,10,'-Seleccionar-','Julian Rodriguez','Caja Principal','Facturacion POS','Almacen',NULL,3,NULL,NULL,'Contado',1,'Guardado',0,'331200',0.000,0.000,0,'0','331200',NULL,NULL,'Armenia','Presencial','0','2025-08-11 02:13:50','2025-08-11 02:13:50',NULL,NULL),(80,1,1,1,1,1,0,10,'-Seleccionar-','Julian Rodriguez','Caja Principal','Facturacion POS','-Seleccionar-',NULL,4,NULL,NULL,'Contado',0,'Paga',0,'134100',0.000,0.000,0,'0','134100',NULL,NULL,NULL,'Presencial','0','2025-08-11 04:50:45','2025-08-11 04:50:45',NULL,NULL),(81,1,1,1,3,1,0,11,'-Seleccionar-','Julian Rodriguez','Caja Principal','Factura electronica 512','-Seleccionar-',NULL,2,NULL,NULL,'Contado',0,'Paga',0,'191200',160672.270,30527.730,0,'0','191200',NULL,NULL,NULL,'Presencial','0','2025-08-15 03:55:50','2025-08-15 03:55:50',NULL,NULL),(82,1,1,1,1,1,0,11,'-Seleccionar-','Julian Rodriguez','Caja Principal','Facturacion POS','-Seleccionar-',NULL,6,NULL,NULL,'Contado',0,'Paga',0,'1503800',1263697.479,240102.521,0,'0','1503800',NULL,NULL,NULL,'Presencial','0','2025-08-15 05:20:45','2025-08-15 05:20:45',NULL,NULL);
/*!40000 ALTER TABLE `facturas` ENABLE KEYS */;
UNLOCK TABLES;

--
-- Table structure for table `gastos`
--

DROP TABLE IF EXISTS `gastos`;
/*!40101 SET @saved_cs_client     = @@character_set_client */;
/*!50503 SET character_set_client = utf8mb4 */;
CREATE TABLE `gastos` (
  `id` int NOT NULL AUTO_INCREMENT,
  `idg_usuario` int DEFAULT NULL,
  `id_compra` int DEFAULT NULL,
  `idg_caja` int DEFAULT NULL,
  `idg_cierrecaja` int NOT NULL,
  `idcategoriagastos` int NOT NULL,
  `operacion` varchar(22) CHARACTER SET utf8mb3 COLLATE utf8mb3_spanish_ci DEFAULT NULL,
  `valor` decimal(11,1) NOT NULL,
  `descripcion` varchar(255) CHARACTER SET utf8mb3 COLLATE utf8mb3_spanish_ci DEFAULT NULL,
  `fecha` datetime DEFAULT NULL,
  PRIMARY KEY (`id`),
  KEY `idg_usuario_idx` (`idg_usuario`),
  KEY `id_compra_idx` (`id_compra`),
  KEY `idg_caja_idx` (`idg_caja`),
  KEY `idg_cierrecaja_idx` (`idg_cierrecaja`),
  KEY `idcategoriagastos_idx` (`idcategoriagastos`),
  CONSTRAINT `id_compra` FOREIGN KEY (`id_compra`) REFERENCES `compras` (`id`) ON DELETE SET NULL ON UPDATE CASCADE,
  CONSTRAINT `idcategoriagastos` FOREIGN KEY (`idcategoriagastos`) REFERENCES `categoriagastos` (`id`) ON UPDATE CASCADE,
  CONSTRAINT `idg_caja` FOREIGN KEY (`idg_caja`) REFERENCES `caja` (`id`) ON DELETE SET NULL ON UPDATE CASCADE,
  CONSTRAINT `idg_cierrecaja` FOREIGN KEY (`idg_cierrecaja`) REFERENCES `cierrescajas` (`id`) ON UPDATE CASCADE,
  CONSTRAINT `idg_usuario` FOREIGN KEY (`idg_usuario`) REFERENCES `usuarios` (`id`) ON DELETE SET NULL ON UPDATE CASCADE
) ENGINE=InnoDB AUTO_INCREMENT=13 DEFAULT CHARSET=utf8mb3 COLLATE=utf8mb3_unicode_ci;
/*!40101 SET character_set_client = @saved_cs_client */;

--
-- Dumping data for table `gastos`
--

LOCK TABLES `gastos` WRITE;
/*!40000 ALTER TABLE `gastos` DISABLE KEYS */;
INSERT INTO `gastos` VALUES (1,1,NULL,1,2,1,'gasto',20000.0,NULL,'2025-03-23 22:21:49'),(2,1,13,1,2,1,'compra',1970000.0,NULL,'2025-03-23 23:13:33'),(3,1,14,1,2,1,'compra',1970000.0,NULL,'2025-03-23 23:17:22'),(4,1,16,1,2,1,'compra',12100.0,NULL,'2025-03-23 23:47:40'),(5,1,19,1,2,1,'compra',1.0,NULL,'2025-03-23 23:48:09'),(6,1,20,1,2,1,'compra',950.0,NULL,'2025-03-24 20:50:30'),(7,1,21,1,2,1,'compra',100.0,NULL,'2025-03-24 22:43:08'),(8,1,24,1,2,1,'compra',62420.0,NULL,'2025-03-24 23:45:59'),(9,1,25,1,2,1,'compra',309000.0,NULL,'2025-03-25 00:59:26'),(10,1,NULL,1,3,4,'gasto',20000.0,NULL,'2025-04-01 04:32:43'),(11,1,NULL,1,3,7,'gasto',100000.0,NULL,'2025-04-01 05:02:40'),(12,1,NULL,1,3,1,'gasto',78000.0,NULL,'2025-04-06 19:55:03');
/*!40000 ALTER TABLE `gastos` ENABLE KEYS */;
UNLOCK TABLES;

--
-- Table structure for table `ingresoscajas`
--

DROP TABLE IF EXISTS `ingresoscajas`;
/*!40101 SET @saved_cs_client     = @@character_set_client */;
/*!50503 SET character_set_client = utf8mb4 */;
CREATE TABLE `ingresoscajas` (
  `id` int NOT NULL AUTO_INCREMENT,
  `idusuario` int DEFAULT NULL,
  `id_caja` int NOT NULL,
  `id_cierrecaja` int NOT NULL,
  `operacion` varchar(45) COLLATE utf8mb3_unicode_ci DEFAULT NULL,
  `fecha` datetime DEFAULT NULL,
  `valor` varchar(11) COLLATE utf8mb3_unicode_ci NOT NULL,
  `descripcion` varchar(255) COLLATE utf8mb3_unicode_ci DEFAULT NULL,
  PRIMARY KEY (`id`),
  KEY `idusuario_idx` (`idusuario`),
  KEY `idcaja_idx` (`id_caja`),
  KEY `idcierrecaja_idx` (`id_cierrecaja`),
  CONSTRAINT `id_caja` FOREIGN KEY (`id_caja`) REFERENCES `caja` (`id`) ON DELETE CASCADE ON UPDATE CASCADE,
  CONSTRAINT `id_cierrecaja` FOREIGN KEY (`id_cierrecaja`) REFERENCES `cierrescajas` (`id`) ON UPDATE CASCADE,
  CONSTRAINT `idusuario` FOREIGN KEY (`idusuario`) REFERENCES `usuarios` (`id`) ON DELETE SET NULL ON UPDATE CASCADE
) ENGINE=InnoDB AUTO_INCREMENT=9 DEFAULT CHARSET=utf8mb3 COLLATE=utf8mb3_unicode_ci;
/*!40101 SET character_set_client = @saved_cs_client */;

--
-- Dumping data for table `ingresoscajas`
--

LOCK TABLES `ingresoscajas` WRITE;
/*!40000 ALTER TABLE `ingresoscajas` DISABLE KEYS */;
INSERT INTO `ingresoscajas` VALUES (1,1,1,1,'ingreso','2025-01-03 20:37:00','200000','Base de caja en apertura'),(2,1,1,1,'ingreso','2025-01-03 20:38:38','100000','Ingreso por sencilla para devolver'),(3,1,1,2,'ingreso','2025-03-02 06:29:41','100000',NULL),(4,1,1,3,'ingreso','2025-04-01 04:02:50','300000',NULL),(5,1,1,3,'ingreso','2025-04-01 04:06:04','100000',NULL),(6,1,1,3,'ingreso','2025-04-01 04:11:06','200000',NULL),(7,1,1,3,'ingreso','2025-04-01 05:02:19','50000',NULL),(8,1,1,3,'ingreso','2025-04-06 19:54:43','150000',NULL);
/*!40000 ALTER TABLE `ingresoscajas` ENABLE KEYS */;
UNLOCK TABLES;

--
-- Table structure for table `insumos_fabricados`
--

DROP TABLE IF EXISTS `insumos_fabricados`;
/*!40101 SET @saved_cs_client     = @@character_set_client */;
/*!50503 SET character_set_client = utf8mb4 */;
CREATE TABLE `insumos_fabricados` (
  `id` int NOT NULL AUTO_INCREMENT,
  `id_insumoproducido` int NOT NULL,
  `id_subproducto` int NOT NULL,
  `cantidadsubproducto` decimal(11,2) NOT NULL,
  `costo` decimal(12,2) DEFAULT NULL,
  PRIMARY KEY (`id`),
  CONSTRAINT `id_insumoproducido` FOREIGN KEY (`id`) REFERENCES `subproductos` (`id`) ON DELETE CASCADE ON UPDATE CASCADE
) ENGINE=InnoDB DEFAULT CHARSET=utf8mb3 COLLATE=utf8mb3_unicode_ci;
/*!40101 SET character_set_client = @saved_cs_client */;

--
-- Dumping data for table `insumos_fabricados`
--

LOCK TABLES `insumos_fabricados` WRITE;
/*!40000 ALTER TABLE `insumos_fabricados` DISABLE KEYS */;
/*!40000 ALTER TABLE `insumos_fabricados` ENABLE KEYS */;
UNLOCK TABLES;

--
-- Table structure for table `mediospago`
--

DROP TABLE IF EXISTS `mediospago`;
/*!40101 SET @saved_cs_client     = @@character_set_client */;
/*!50503 SET character_set_client = utf8mb4 */;
CREATE TABLE `mediospago` (
  `id` int NOT NULL AUTO_INCREMENT,
  `mediopago` varchar(33) CHARACTER SET utf8mb3 COLLATE utf8mb3_spanish_ci NOT NULL,
  `estado` tinyint(1) DEFAULT NULL,
  `nick` varchar(4) CHARACTER SET utf8mb3 COLLATE utf8mb3_spanish_ci DEFAULT NULL,
  PRIMARY KEY (`id`),
  UNIQUE KEY `mediopago_UNIQUE` (`mediopago`)
) ENGINE=InnoDB AUTO_INCREMENT=8 DEFAULT CHARSET=utf8mb3 COLLATE=utf8mb3_unicode_ci;
/*!40101 SET character_set_client = @saved_cs_client */;

--
-- Dumping data for table `mediospago`
--

LOCK TABLES `mediospago` WRITE;
/*!40000 ALTER TABLE `mediospago` DISABLE KEYS */;
INSERT INTO `mediospago` VALUES (1,'Efectivo',1,'EF'),(2,'Daviplata',1,'DV'),(3,'Nequi',1,'NQ'),(4,'Codigo QR',0,'QR'),(5,'Tarjeta Credito',0,'TC'),(6,'Tarjeta Debito',1,'TD'),(7,'Transf. Bancaria',1,'TB');
/*!40000 ALTER TABLE `mediospago` ENABLE KEYS */;
UNLOCK TABLES;

--
-- Table structure for table `negocio`
--

DROP TABLE IF EXISTS `negocio`;
/*!40101 SET @saved_cs_client     = @@character_set_client */;
/*!50503 SET character_set_client = utf8mb4 */;
CREATE TABLE `negocio` (
  `id` int NOT NULL AUTO_INCREMENT,
  `nombre` varchar(45) CHARACTER SET utf8mb3 COLLATE utf8mb3_general_ci NOT NULL,
  `ciudad` varchar(44) CHARACTER SET utf8mb3 COLLATE utf8mb3_general_ci NOT NULL,
  `direccion` varchar(60) CHARACTER SET utf8mb3 COLLATE utf8mb3_general_ci NOT NULL,
  `telefono` varchar(14) CHARACTER SET utf8mb3 COLLATE utf8mb3_general_ci DEFAULT NULL,
  `movil` varchar(14) CHARACTER SET utf8mb3 COLLATE utf8mb3_general_ci NOT NULL,
  `email` varchar(52) CHARACTER SET utf8mb3 COLLATE utf8mb3_general_ci NOT NULL,
  `nit` varchar(13) CHARACTER SET utf8mb3 COLLATE utf8mb3_general_ci DEFAULT NULL,
  `ws` varchar(16) CHARACTER SET utf8mb3 COLLATE utf8mb3_general_ci NOT NULL,
  `facebook` varchar(80) CHARACTER SET utf8mb3 COLLATE utf8mb3_general_ci DEFAULT NULL,
  `instagram` varchar(80) CHARACTER SET utf8mb3 COLLATE utf8mb3_general_ci DEFAULT NULL,
  `tiktok` varchar(80) CHARACTER SET utf8mb3 COLLATE utf8mb3_general_ci DEFAULT NULL,
  `youtube` varchar(80) CHARACTER SET utf8mb3 COLLATE utf8mb3_general_ci DEFAULT NULL,
  `twitter` varchar(80) CHARACTER SET utf8mb3 COLLATE utf8mb3_general_ci DEFAULT NULL,
  `logo` varchar(99) CHARACTER SET utf8mb3 COLLATE utf8mb3_general_ci NOT NULL,
  `colorprincipal` varchar(7) CHARACTER SET utf8mb3 COLLATE utf8mb3_general_ci DEFAULT NULL,
  `colorsecundario` varchar(7) CHARACTER SET utf8mb3 COLLATE utf8mb3_general_ci DEFAULT NULL,
  `timeservice` int DEFAULT NULL,
  PRIMARY KEY (`id`)
) ENGINE=InnoDB AUTO_INCREMENT=2 DEFAULT CHARSET=utf8mb3 COLLATE=utf8mb3_unicode_ci;
/*!40101 SET character_set_client = @saved_cs_client */;

--
-- Dumping data for table `negocio`
--

LOCK TABLES `negocio` WRITE;
/*!40000 ALTER TABLE `negocio` DISABLE KEYS */;
INSERT INTO `negocio` VALUES (1,'Negocios pos sas','Armenia','Cra 12#9-03 esquina','7358452','3183920532','sasha.spa@gmail.com','41936042-6','3183920532','https://www.facebook.com/profile.php?id=100007164136068',NULL,NULL,NULL,NULL,'65432f14b63a0logo.png','#051453','#ffffff',60);
/*!40000 ALTER TABLE `negocio` ENABLE KEYS */;
UNLOCK TABLES;

--
-- Table structure for table `productos`
--

DROP TABLE IF EXISTS `productos`;
/*!40101 SET @saved_cs_client     = @@character_set_client */;
/*!50503 SET character_set_client = utf8mb4 */;
CREATE TABLE `productos` (
  `id` int NOT NULL AUTO_INCREMENT,
  `idcategoria` int DEFAULT NULL,
  `idunidadmedida` int NOT NULL,
  `nombre` varchar(55) CHARACTER SET utf8mb3 COLLATE utf8mb3_spanish_ci NOT NULL,
  `foto` varchar(99) CHARACTER SET utf8mb3 COLLATE utf8mb3_spanish_ci DEFAULT NULL,
  `impuesto` int DEFAULT NULL,
  `marca` varchar(25) CHARACTER SET utf8mb3 COLLATE utf8mb3_spanish_ci DEFAULT NULL,
  `tipoproducto` tinyint(1) DEFAULT '0',
  `tipoproduccion` tinyint(1) DEFAULT '0',
  `sku` varchar(15) CHARACTER SET utf8mb3 COLLATE utf8mb3_spanish_ci DEFAULT NULL,
  `unidadmedida` varchar(22) CHARACTER SET utf8mb3 COLLATE utf8mb3_spanish_ci DEFAULT NULL,
  `preciopersonalizado` tinyint(1) DEFAULT NULL,
  `descripcion` varchar(255) CHARACTER SET utf8mb3 COLLATE utf8mb3_spanish_ci DEFAULT NULL,
  `peso` varchar(15) CHARACTER SET utf8mb3 COLLATE utf8mb3_spanish_ci DEFAULT NULL,
  `medidas` varchar(25) CHARACTER SET utf8mb3 COLLATE utf8mb3_spanish_ci DEFAULT NULL,
  `color` varchar(25) CHARACTER SET utf8mb3 COLLATE utf8mb3_spanish_ci DEFAULT NULL,
  `funcion` varchar(75) CHARACTER SET utf8mb3 COLLATE utf8mb3_spanish_ci DEFAULT NULL,
  `uso` varchar(25) CHARACTER SET utf8mb3 COLLATE utf8mb3_spanish_ci DEFAULT NULL,
  `fabricante` varchar(25) CHARACTER SET utf8mb3 COLLATE utf8mb3_spanish_ci DEFAULT NULL,
  `garantia` varchar(15) CHARACTER SET utf8mb3 COLLATE utf8mb3_spanish_ci DEFAULT NULL,
  `stock` decimal(10,2) DEFAULT NULL,
  `stockminimo` decimal(8,2) DEFAULT NULL,
  `categoria` varchar(45) CHARACTER SET utf8mb3 COLLATE utf8mb3_spanish_ci DEFAULT NULL,
  `rendimientoestandar` decimal(11,2) DEFAULT '1.00',
  `precio_compra` decimal(13,2) DEFAULT NULL,
  `precio_venta` int NOT NULL,
  `fecha_ingreso` datetime DEFAULT NULL,
  `estado` tinyint(1) DEFAULT NULL,
  `visible` tinyint(1) DEFAULT NULL,
  PRIMARY KEY (`id`),
  UNIQUE KEY `nombre_UNIQUE` (`nombre`),
  UNIQUE KEY `codigo_UNIQUE` (`sku`),
  KEY `idcategoria_idx` (`idcategoria`),
  KEY `idunidadmedida_idx` (`idunidadmedida`),
  CONSTRAINT `idcategoria` FOREIGN KEY (`idcategoria`) REFERENCES `categorias` (`id`) ON DELETE SET NULL ON UPDATE CASCADE,
  CONSTRAINT `idunidadmedida` FOREIGN KEY (`idunidadmedida`) REFERENCES `unidadesmedida` (`id`) ON UPDATE CASCADE
) ENGINE=InnoDB AUTO_INCREMENT=27 DEFAULT CHARSET=utf8mb3 COLLATE=utf8mb3_unicode_ci;
/*!40101 SET character_set_client = @saved_cs_client */;

--
-- Dumping data for table `productos`
--

LOCK TABLES `productos` WRITE;
/*!40000 ALTER TABLE `productos` DISABLE KEYS */;
INSERT INTO `productos` VALUES (1,1,1,'Otros',NULL,0,NULL,0,0,NULL,'Unidades',0,NULL,NULL,NULL,NULL,NULL,NULL,NULL,NULL,0.00,0.00,'Categoria_Otros',1.00,0.50,0,NULL,1,0),(2,5,1,'Pulidora DeWALT 8200rpm 1/2','cliente1/productos/671f1676979c8pulidora.jpg',19,NULL,1,0,'100200','Unidad',0,NULL,NULL,NULL,NULL,NULL,NULL,NULL,NULL,11.00,0.00,'Equipos Eletricos',3.00,32493.00,598000,'2024-01-08 13:36:58',1,1),(3,5,1,'Taladro percutor BLACK AND DECKER 550W 1/2','undefined',0,NULL,1,1,'100300','Unidad',0,NULL,NULL,NULL,NULL,NULL,NULL,NULL,NULL,9.00,0.00,'Equipos Eletricos',1.00,66.67,213900,'2024-01-08 13:36:58',1,1),(4,5,1,'Atornillador Inalambrico Dewalt 12W de 1/2','undefined',19,NULL,0,0,'100400','Unidad',0,NULL,NULL,NULL,NULL,NULL,NULL,NULL,NULL,6.00,0.00,'Equipos Eletricos',1.00,25.00,211000,'2024-01-08 13:36:58',1,1),(5,6,1,'Pistola de impacto ingersoll rand','null',19,NULL,0,0,'21245','Unidad',0,NULL,NULL,NULL,NULL,NULL,NULL,NULL,NULL,23.00,0.00,'Equipos Neumaticos',1.00,150000.00,922000,'2024-01-08 13:36:58',1,1),(6,9,1,'Vitamina women Blend','cliente1/productos/6742b5f92e199vitaminas5.jpg',19,NULL,0,0,'1010089','Unidad',0,NULL,NULL,NULL,NULL,NULL,NULL,NULL,NULL,61.20,0.00,'Herramientas Manuales',1.00,20000.00,95600,'2024-01-08 13:36:58',1,1),(7,7,1,'Remachadora','null',19,NULL,0,0,NULL,'Unidad',0,NULL,NULL,NULL,NULL,NULL,NULL,NULL,NULL,6.00,0.00,'Herramientas Manuales',1.00,58870.00,18500,'2024-01-08 13:36:58',1,1),(8,5,1,'Taladro Rotomartillo dewalt 1/2 650w','null',19,NULL,0,0,NULL,'Unidad',0,NULL,NULL,NULL,NULL,NULL,NULL,NULL,NULL,21.00,0.00,'Equipos Eletricos',1.00,40000.00,284600,NULL,1,1),(9,7,1,'Llave 3/8','null',19,NULL,0,0,NULL,'Unidad',0,NULL,NULL,NULL,NULL,NULL,NULL,NULL,NULL,98.70,0.00,'Herramientas Manuales',1.00,0.00,10000,NULL,1,1),(10,7,1,'Llave 1/2','null',19,NULL,0,0,NULL,'Unidad',0,NULL,NULL,NULL,NULL,NULL,NULL,NULL,NULL,3.00,0.00,'Herramientas Manuales',1.00,0.00,10000,NULL,1,1),(11,5,1,'Aspiradorax','cliente1/productos/6724625f84d00aspiradora2.jpg',19,NULL,0,0,NULL,'Unidad',0,NULL,NULL,NULL,NULL,NULL,NULL,NULL,NULL,3.00,0.00,'Equipos Eletricos',1.00,0.00,120500,NULL,1,1),(12,9,1,'Proteina 10kg','null',19,NULL,0,0,NULL,'Unidad',0,NULL,NULL,NULL,NULL,NULL,NULL,NULL,NULL,16.00,0.00,'Proteinas ',1.00,0.00,250000,NULL,1,1),(13,9,3,'proteina 5kg','cliente1/productos/68854e852bf53proteina4.jpg',19,NULL,0,0,NULL,'Libras',0,NULL,NULL,NULL,NULL,NULL,NULL,NULL,NULL,36.08,25.00,'Proteinas ',1.00,0.00,140000,NULL,1,1),(14,8,1,'Soldador sm h143','null',19,NULL,0,0,NULL,'Unidad',0,NULL,NULL,NULL,NULL,NULL,NULL,NULL,NULL,23.00,0.00,'Herramientas Electricas',1.00,145000.00,487000,'2025-01-29 04:43:51',1,1),(15,10,3,'Arena','null',19,NULL,1,0,NULL,'Libras',0,NULL,NULL,NULL,NULL,NULL,NULL,NULL,NULL,7.00,1.50,'Obra Negra',1.00,0.00,3000,'2025-02-02 05:20:25',1,1),(16,9,1,'Bi-Pro Vainilla 5kg','null',19,NULL,0,0,'8770','Unidad',0,NULL,NULL,NULL,NULL,NULL,NULL,NULL,NULL,3.00,100.00,'Proteinas ',1.00,201000.00,225000,'2025-02-09 23:43:05',1,1),(17,7,1,'Mezcladorax','null',19,NULL,1,0,'78881','Unidad',0,NULL,NULL,NULL,NULL,NULL,NULL,NULL,NULL,0.00,100.00,'Herramientas Manuales',1.00,792.00,380000,'2025-04-01 05:59:11',1,1),(18,5,1,'Esmeril','null',19,NULL,0,0,'1515','Unidad',0,NULL,NULL,NULL,NULL,NULL,NULL,NULL,NULL,0.00,100.00,'Equipos Electricos',1.00,90000.00,285000,'2025-04-03 03:28:50',1,1),(19,7,1,'Corta frio','null',19,NULL,0,0,NULL,'Unidad',0,NULL,NULL,NULL,NULL,NULL,NULL,NULL,NULL,0.00,100.00,'Herramientas Manuales',1.00,5000.00,11500,'2025-04-03 04:10:40',1,1),(20,9,1,'proteína 13kg masa ganador',NULL,0,NULL,0,0,NULL,'Unidades',0,NULL,NULL,NULL,NULL,NULL,NULL,NULL,NULL,0.00,100.00,'Proteinas ',1.00,105000.00,200000,'2025-04-03 04:13:33',1,1),(21,11,1,'multimetro',NULL,0,NULL,0,0,NULL,'Unidades',0,NULL,NULL,NULL,NULL,NULL,NULL,NULL,NULL,10.00,100.00,'Equipos Electronicos',1.00,50000.00,100000,'2025-06-22 19:31:40',1,1),(22,12,1,'Puerta','null',0,NULL,1,1,NULL,'Unidad',0,NULL,NULL,NULL,NULL,NULL,NULL,NULL,NULL,44.00,100.00,'Acabados',1.00,390000.00,150000,'2025-06-22 19:54:36',1,1),(23,12,1,'Gafas de sol','cliente1/productos/687b289ec0779sunglasses2.jpg',19,NULL,0,0,NULL,'Unidad',0,NULL,NULL,NULL,NULL,NULL,NULL,NULL,NULL,-774.00,100.00,'Acabados',1.00,20000.00,60000,'2025-07-19 05:09:50',1,1),(24,11,1,'Osciloscopio',NULL,0,NULL,0,0,NULL,'Unidades',0,NULL,NULL,NULL,NULL,NULL,NULL,NULL,NULL,5.00,100.00,'Equipos Electronicos',1.00,420000.00,700000,'2025-07-19 05:17:46',1,1),(25,5,1,'Planta electrica',NULL,0,NULL,0,0,NULL,'Unidades',0,NULL,NULL,NULL,NULL,NULL,NULL,NULL,NULL,7.00,100.00,'Equipos Electricos',1.00,200000.00,500000,'2025-07-19 05:24:31',1,1),(26,8,5,'Conector de transformador','cliente1/productos/687b2e526e732control4.jpeg',0,NULL,0,0,NULL,'Milimetros',0,NULL,NULL,NULL,NULL,NULL,NULL,NULL,NULL,122.00,100.00,'Herramientas Electricas',1.00,56000.00,145000,'2025-07-19 05:32:56',1,1);
/*!40000 ALTER TABLE `productos` ENABLE KEYS */;
UNLOCK TABLES;

--
-- Table structure for table `productos_sub`
--

DROP TABLE IF EXISTS `productos_sub`;
/*!40101 SET @saved_cs_client     = @@character_set_client */;
/*!50503 SET character_set_client = utf8mb4 */;
CREATE TABLE `productos_sub` (
  `id` int NOT NULL AUTO_INCREMENT,
  `id_producto` int NOT NULL,
  `id_subproducto` int NOT NULL,
  `cantidadsubproducto` decimal(11,2) NOT NULL,
  `costo` decimal(12,2) DEFAULT NULL,
  PRIMARY KEY (`id`),
  KEY `id_producto_idx` (`id_producto`),
  KEY `id_subproducto_idx` (`id_subproducto`),
  CONSTRAINT `id_producto` FOREIGN KEY (`id_producto`) REFERENCES `productos` (`id`) ON DELETE CASCADE ON UPDATE CASCADE,
  CONSTRAINT `id_subproducto` FOREIGN KEY (`id_subproducto`) REFERENCES `subproductos` (`id`) ON DELETE CASCADE ON UPDATE CASCADE
) ENGINE=InnoDB AUTO_INCREMENT=17 DEFAULT CHARSET=utf8mb3 COLLATE=utf8mb3_unicode_ci;
/*!40101 SET character_set_client = @saved_cs_client */;

--
-- Dumping data for table `productos_sub`
--

LOCK TABLES `productos_sub` WRITE;
/*!40000 ALTER TABLE `productos_sub` DISABLE KEYS */;
INSERT INTO `productos_sub` VALUES (2,2,1,0.60,93.00),(3,2,3,3.00,15000.00),(8,3,2,3.00,198.00),(12,2,4,200.00,17400.00),(13,3,3,1.00,5000.00),(14,17,2,12.00,792.00),(15,22,7,3.00,270000.00),(16,22,8,1.00,120000.00);
/*!40000 ALTER TABLE `productos_sub` ENABLE KEYS */;
UNLOCK TABLES;

--
-- Table structure for table `proveedores`
--

DROP TABLE IF EXISTS `proveedores`;
/*!40101 SET @saved_cs_client     = @@character_set_client */;
/*!50503 SET character_set_client = utf8mb4 */;
CREATE TABLE `proveedores` (
  `id` int NOT NULL AUTO_INCREMENT,
  `nombre` varchar(45) CHARACTER SET utf8mb3 COLLATE utf8mb3_general_ci NOT NULL,
  `telefono` varchar(15) CHARACTER SET utf8mb3 COLLATE utf8mb3_general_ci NOT NULL,
  `email` varchar(55) CHARACTER SET utf8mb3 COLLATE utf8mb3_general_ci DEFAULT NULL,
  `direccion` varchar(77) CHARACTER SET utf8mb3 COLLATE utf8mb3_general_ci DEFAULT NULL,
  `pais` varchar(30) CHARACTER SET utf8mb3 COLLATE utf8mb3_general_ci DEFAULT NULL,
  `ciudad` varchar(30) CHARACTER SET utf8mb3 COLLATE utf8mb3_general_ci DEFAULT NULL,
  PRIMARY KEY (`id`)
) ENGINE=InnoDB DEFAULT CHARSET=utf8mb3 COLLATE=utf8mb3_unicode_ci;
/*!40101 SET character_set_client = @saved_cs_client */;

--
-- Dumping data for table `proveedores`
--

LOCK TABLES `proveedores` WRITE;
/*!40000 ALTER TABLE `proveedores` DISABLE KEYS */;
/*!40000 ALTER TABLE `proveedores` ENABLE KEYS */;
UNLOCK TABLES;

--
-- Table structure for table `subproductos`
--

DROP TABLE IF EXISTS `subproductos`;
/*!40101 SET @saved_cs_client     = @@character_set_client */;
/*!50503 SET character_set_client = utf8mb4 */;
CREATE TABLE `subproductos` (
  `id` int NOT NULL AUTO_INCREMENT,
  `id_unidadmedida` int NOT NULL,
  `insumoprocesado` tinyint(1) NOT NULL,
  `unidadmedida` varchar(33) CHARACTER SET utf8mb3 COLLATE utf8mb3_spanish_ci NOT NULL,
  `nombre` varchar(55) CHARACTER SET utf8mb3 COLLATE utf8mb3_spanish_ci NOT NULL,
  `sku` varchar(15) CHARACTER SET utf8mb3 COLLATE utf8mb3_spanish_ci DEFAULT NULL,
  `proveedor` varchar(45) CHARACTER SET utf8mb3 COLLATE utf8mb3_spanish_ci DEFAULT NULL,
  `descripcion` varchar(255) CHARACTER SET utf8mb3 COLLATE utf8mb3_spanish_ci DEFAULT NULL,
  `medidas` varchar(25) CHARACTER SET utf8mb3 COLLATE utf8mb3_spanish_ci DEFAULT NULL,
  `color` varchar(25) CHARACTER SET utf8mb3 COLLATE utf8mb3_spanish_ci DEFAULT NULL,
  `uso` varchar(25) CHARACTER SET utf8mb3 COLLATE utf8mb3_spanish_ci DEFAULT NULL,
  `stock` decimal(10,2) DEFAULT NULL,
  `stockminimo` decimal(8,2) DEFAULT NULL,
  `precio_compra` decimal(13,2) DEFAULT NULL,
  `fecha_ingreso` datetime DEFAULT NULL,
  PRIMARY KEY (`id`),
  KEY `idunidadmedida_idx` (`id_unidadmedida`),
  CONSTRAINT `id_unidadmedida` FOREIGN KEY (`id_unidadmedida`) REFERENCES `unidadesmedida` (`id`) ON UPDATE CASCADE
) ENGINE=InnoDB AUTO_INCREMENT=10 DEFAULT CHARSET=utf8mb3 COLLATE=utf8mb3_unicode_ci;
/*!40101 SET character_set_client = @saved_cs_client */;

--
-- Dumping data for table `subproductos`
--

LOCK TABLES `subproductos` WRITE;
/*!40000 ALTER TABLE `subproductos` DISABLE KEYS */;
INSERT INTO `subproductos` VALUES (1,4,0,'Kilogramos','Arena Media','12255445',NULL,NULL,NULL,NULL,NULL,0.52,11.00,155.00,'2025-02-10 00:03:13'),(2,1,0,'Unidad','Naranjas','55878523',NULL,NULL,NULL,NULL,NULL,35.00,5.00,66.00,'2025-02-10 05:27:35'),(3,4,0,'Kilogramos','Cemento','4500212036',NULL,NULL,NULL,NULL,NULL,1.49,15.00,5000.00,'2025-02-15 00:58:02'),(4,7,0,'Metros','Tubo de aluminio',NULL,NULL,NULL,NULL,NULL,NULL,-473.66,11.00,87.00,'2025-02-15 00:59:17'),(5,8,0,'Mililitros','Estuco blanco','0788000125',NULL,NULL,NULL,NULL,NULL,15013.00,10.00,0.00,'2025-02-17 05:07:49'),(7,7,0,'Metros','Lamina de madera calibre 12mm',NULL,NULL,NULL,NULL,NULL,NULL,-11.00,0.00,90000.00,'2025-06-22 20:18:36'),(8,1,0,'Unidad','Cerraduras',NULL,NULL,NULL,NULL,NULL,NULL,1.00,0.00,120000.00,'2025-06-22 20:20:01'),(9,8,1,'Mililitros','Aceite Motul',NULL,NULL,NULL,NULL,NULL,NULL,0.00,0.00,0.00,'2025-07-20 05:16:39');
/*!40000 ALTER TABLE `subproductos` ENABLE KEYS */;
UNLOCK TABLES;

--
-- Table structure for table `tarifas`
--

DROP TABLE IF EXISTS `tarifas`;
/*!40101 SET @saved_cs_client     = @@character_set_client */;
/*!50503 SET character_set_client = utf8mb4 */;
CREATE TABLE `tarifas` (
  `id` int NOT NULL,
  `nombre` varchar(24) CHARACTER SET utf32 COLLATE utf32_spanish_ci NOT NULL,
  `valor` varchar(11) CHARACTER SET utf8mb3 COLLATE utf8mb3_spanish_ci NOT NULL,
  PRIMARY KEY (`id`)
) ENGINE=InnoDB DEFAULT CHARSET=utf8mb3 COLLATE=utf8mb3_unicode_ci;
/*!40101 SET character_set_client = @saved_cs_client */;

--
-- Dumping data for table `tarifas`
--

LOCK TABLES `tarifas` WRITE;
/*!40000 ALTER TABLE `tarifas` DISABLE KEYS */;
INSERT INTO `tarifas` VALUES (1,'Presencial','0'),(2,'Tarifa A','20000');
/*!40000 ALTER TABLE `tarifas` ENABLE KEYS */;
UNLOCK TABLES;

--
-- Table structure for table `tipofacturador`
--

DROP TABLE IF EXISTS `tipofacturador`;
/*!40101 SET @saved_cs_client     = @@character_set_client */;
/*!50503 SET character_set_client = utf8mb4 */;
CREATE TABLE `tipofacturador` (
  `id` int NOT NULL AUTO_INCREMENT,
  `nombre` varchar(22) CHARACTER SET utf8mb3 COLLATE utf8mb3_spanish_ci NOT NULL,
  PRIMARY KEY (`id`)
) ENGINE=InnoDB AUTO_INCREMENT=3 DEFAULT CHARSET=utf8mb3 COLLATE=utf8mb3_unicode_ci;
/*!40101 SET character_set_client = @saved_cs_client */;

--
-- Dumping data for table `tipofacturador`
--

LOCK TABLES `tipofacturador` WRITE;
/*!40000 ALTER TABLE `tipofacturador` DISABLE KEYS */;
INSERT INTO `tipofacturador` VALUES (1,'ELECTRONICA'),(2,'POS');
/*!40000 ALTER TABLE `tipofacturador` ENABLE KEYS */;
UNLOCK TABLES;

--
-- Table structure for table `unidadesmedida`
--

DROP TABLE IF EXISTS `unidadesmedida`;
/*!40101 SET @saved_cs_client     = @@character_set_client */;
/*!50503 SET character_set_client = utf8mb4 */;
CREATE TABLE `unidadesmedida` (
  `id` int NOT NULL AUTO_INCREMENT,
  `nombre` varchar(33) CHARACTER SET utf8mb3 COLLATE utf8mb3_spanish_ci NOT NULL,
  `simbolo` varchar(5) CHARACTER SET utf8mb3 COLLATE utf8mb3_spanish_ci DEFAULT NULL,
  `editable` tinyint(1) DEFAULT NULL,
  `fechacreacion` datetime DEFAULT NULL,
  `fechaupdate` datetime DEFAULT NULL,
  PRIMARY KEY (`id`)
) ENGINE=InnoDB AUTO_INCREMENT=12 DEFAULT CHARSET=utf8mb3 COLLATE=utf8mb3_unicode_ci;
/*!40101 SET character_set_client = @saved_cs_client */;

--
-- Dumping data for table `unidadesmedida`
--

LOCK TABLES `unidadesmedida` WRITE;
/*!40000 ALTER TABLE `unidadesmedida` DISABLE KEYS */;
INSERT INTO `unidadesmedida` VALUES (1,'Unidad','Und',0,'2025-02-07 00:00:00',NULL),(2,'Gramos','Gr',0,'2025-02-07 00:00:00',NULL),(3,'Libras','Lb',0,'2025-02-07 00:00:00',NULL),(4,'Kilogramos','Kg',0,'2025-02-07 00:00:00',NULL),(5,'Milimetros','Mn',0,'2025-02-07 00:00:00',NULL),(6,'Centimetros','Cm',0,'2025-02-07 00:00:00',NULL),(7,'Metros','Mt',0,'2025-02-07 00:00:00',NULL),(8,'Mililitros','Ml',0,'2025-02-07 00:00:00',NULL),(9,'Litros','Lt',0,'2025-02-07 00:00:00',NULL),(10,'Caja',NULL,1,'2025-02-17 05:26:36',NULL);
/*!40000 ALTER TABLE `unidadesmedida` ENABLE KEYS */;
UNLOCK TABLES;

--
-- Table structure for table `usuarios`
--

DROP TABLE IF EXISTS `usuarios`;
/*!40101 SET @saved_cs_client     = @@character_set_client */;
/*!50503 SET character_set_client = utf8mb4 */;
CREATE TABLE `usuarios` (
  `id` int NOT NULL AUTO_INCREMENT,
  `nombre` varchar(40) NOT NULL,
  `apellido` varchar(40) DEFAULT NULL,
  `cedula` varchar(10) DEFAULT NULL,
  `nickname` varchar(12) NOT NULL,
  `movil` varchar(13) NOT NULL,
  `email` varchar(40) DEFAULT NULL,
  `ws` varchar(13) DEFAULT NULL,
  `password` varchar(60) NOT NULL,
  `confirmado` tinyint(1) DEFAULT NULL,
  `token` varchar(13) DEFAULT NULL,
  `perfil` varchar(20) NOT NULL,
  `ciudad` varchar(44) DEFAULT NULL,
  `direccion` varchar(60) DEFAULT NULL,
  `fecha_nacimiento` date DEFAULT NULL,
  `img` varchar(60) DEFAULT NULL,
  `fechacreacion` date DEFAULT NULL,
  `ultimologin` datetime DEFAULT NULL,
  PRIMARY KEY (`id`),
  UNIQUE KEY `movil_UNIQUE` (`movil`),
  UNIQUE KEY `nickname_UNIQUE` (`nickname`),
  UNIQUE KEY `identificacion_UNIQUE` (`cedula`),
  UNIQUE KEY `email_UNIQUE` (`email`)
) ENGINE=InnoDB AUTO_INCREMENT=23 DEFAULT CHARSET=utf8mb3;
/*!40101 SET character_set_client = @saved_cs_client */;

--
-- Dumping data for table `usuarios`
--

LOCK TABLES `usuarios` WRITE;
/*!40000 ALTER TABLE `usuarios` DISABLE KEYS */;
INSERT INTO `usuarios` VALUES (1,'Julian','Rodriguez','1094552023','julianx1','3042029683','julianlink123@hotmail.com',NULL,'$2y$10$TmSbBtfQLZZwrDZDNT9XN.l8MgkhGfkB2g89qocNSFew2Msb93era',1,NULL,'Administrador','Armenia','Calle 26 # 50-21 Barrio primero',NULL,'avatar.png','2024-03-25','2024-03-25 15:03:02'),(2,'Christian Manuel','Ramirez Heano','43887625','usuario1','3223356020','chramirez80@gmail.com',NULL,'$2y$10$GmxqvuIoX9tx2hSgPjGzu.aapEe9kChA.CY3AsQnM6WRpgjUGBIu6',1,NULL,'Administrador','4','1',NULL,'659afe8d76a70perritos.png','2024-01-08','2024-01-08 13:36:48'),(3,'Juan Andres','cifuentes','1095332015','usuario2','3125542030',NULL,NULL,'$2y$10$MGUM/fONG0mcZmKd2uuPPOx5kazsRhK78p6HAE.38yhvvl7gvNLeC',1,NULL,'Empleado','1','1',NULL,'659321d334008f5d0e3fd98bf7af68026f114f50c738e.png','2024-01-09','2024-01-08 13:36:58'),(7,'Marcelo','Santos','1095664730','usuario3','3142256027',NULL,NULL,'$2y$10$W1hK.vDnV2L18RUqa9bsbuBF8IJhNla9o9vuCYpaWfAvTeatfqVPq',1,NULL,'Administrador','4','1',NULL,'659331d26590039b78af2df2e86bac3e125aeb302c926.png','2024-01-09','2024-01-08 13:37:57'),(21,'Maicol Andres','Montoya Pinzon','1092478603','usuario6','3115204520',NULL,NULL,'$2y$10$VCUWdgiw8hFh2zaz12Tdju6RCbphGABdDptwLHhVh7YeoGm7lIlsG',1,NULL,'Empleado','1','1',NULL,'avatar.png','2024-01-09',NULL),(22,'valentina','rios','1093665201','usuario4','3154452011',NULL,NULL,'$2y$10$CgsI2I.HHee6651WxbMAgew5KxWw0tfmk.t2jiMrhCFIZorPj9kVS',1,NULL,'Empleado','1','1',NULL,'659ca3c5ccd58perritos.png','2024-01-09',NULL);
/*!40000 ALTER TABLE `usuarios` ENABLE KEYS */;
UNLOCK TABLES;

--
-- Table structure for table `ventas`
--

DROP TABLE IF EXISTS `ventas`;
/*!40101 SET @saved_cs_client     = @@character_set_client */;
/*!50503 SET character_set_client = utf8mb4 */;
CREATE TABLE `ventas` (
  `id` int NOT NULL AUTO_INCREMENT,
  `idfactura` int NOT NULL,
  `idproducto` int DEFAULT NULL,
  `tipoproducto` tinyint(1) DEFAULT NULL,
  `nombreproducto` varchar(55) CHARACTER SET utf8mb3 COLLATE utf8mb3_unicode_ci NOT NULL,
  `foto` varchar(99) CHARACTER SET utf8mb3 COLLATE utf8mb3_unicode_ci DEFAULT NULL,
  `valorunidad` int DEFAULT NULL,
  `cantidad` decimal(10,2) NOT NULL,
  `subtotal` decimal(13,2) DEFAULT NULL,
  `base` decimal(12,3) DEFAULT NULL,
  `impuesto` int DEFAULT NULL,
  `valorimp` decimal(12,3) DEFAULT NULL,
  `descuento` int DEFAULT NULL,
  `total` decimal(13,2) DEFAULT NULL,
  `dato1` varchar(45) CHARACTER SET utf8mb3 COLLATE utf8mb3_unicode_ci DEFAULT NULL,
  `dato2` varchar(45) CHARACTER SET utf8mb3 COLLATE utf8mb3_unicode_ci DEFAULT NULL,
  PRIMARY KEY (`id`),
  KEY `idfactura_idx` (`idfactura`),
  KEY `idproducto_idx` (`idproducto`),
  CONSTRAINT `idfactura` FOREIGN KEY (`idfactura`) REFERENCES `facturas` (`id`) ON DELETE CASCADE ON UPDATE CASCADE,
  CONSTRAINT `idproducto` FOREIGN KEY (`idproducto`) REFERENCES `productos` (`id`) ON DELETE SET NULL ON UPDATE CASCADE
) ENGINE=InnoDB AUTO_INCREMENT=148 DEFAULT CHARSET=utf8mb3 COLLATE=utf8mb3_unicode_ci;
/*!40101 SET character_set_client = @saved_cs_client */;

--
-- Dumping data for table `ventas`
--

LOCK TABLES `ventas` WRITE;
/*!40000 ALTER TABLE `ventas` DISABLE KEYS */;
INSERT INTO `ventas` VALUES (1,1,6,0,'Vitamina Blend',NULL,95600,2.00,0.00,NULL,0,NULL,0,191200.00,'',''),(2,1,3,1,'Taladro percutor BLACK AND DECKER 550W 1/2',NULL,213900,2.00,0.00,NULL,0,NULL,0,427800.00,'',''),(3,2,12,0,'Proteina 10kg',NULL,250000,2.00,0.00,NULL,0,NULL,0,500000.00,'',''),(4,3,6,0,'Vitamina Blend',NULL,95600,2.00,0.00,NULL,0,NULL,0,191200.00,'',''),(5,3,3,1,'Taladro percutor BLACK AND DECKER 550W 1/2',NULL,213900,1.00,0.00,NULL,0,NULL,0,213900.00,'',''),(6,4,3,1,'Taladro percutor BLACK AND DECKER 550W 1/2',NULL,213900,1.00,0.00,NULL,0,NULL,0,213900.00,'',''),(7,4,6,0,'Vitamina Blend',NULL,95600,2.00,0.00,NULL,0,NULL,0,191200.00,'',''),(8,4,4,0,'Atornillador Inalambrico Dewalt 12W de 1/2',NULL,211000,1.00,0.00,NULL,0,NULL,0,211000.00,'',''),(9,5,6,0,'Vitamina Blend',NULL,95600,2.00,0.00,NULL,0,NULL,0,191200.00,'',''),(10,6,6,0,'Vitamina Blend',NULL,95600,1.00,0.00,NULL,0,NULL,0,95600.00,'',''),(11,6,3,1,'Taladro percutor BLACK AND DECKER 550W 1/2',NULL,213900,2.00,0.00,NULL,0,NULL,0,427800.00,'',''),(12,6,4,0,'Atornillador Inalambrico Dewalt 12W de 1/2',NULL,211000,1.00,0.00,NULL,0,NULL,0,211000.00,'',''),(13,7,6,0,'Vitamina Blend',NULL,95600,2.00,0.00,NULL,0,NULL,0,191200.00,'',''),(14,7,7,0,'Remachadora',NULL,18500,1.00,0.00,NULL,0,NULL,0,18500.00,'',''),(15,8,6,0,'Vitamina Blend',NULL,95600,1.00,0.00,NULL,0,NULL,0,95600.00,'',''),(16,8,7,0,'Remachadora',NULL,18500,1.00,0.00,NULL,0,NULL,0,18500.00,'',''),(17,9,9,0,'Llave 3/8',NULL,10000,1.00,0.00,NULL,0,NULL,0,10000.00,'',''),(18,13,2,1,'Pulidora DeWALT 8000rpm 1/2',NULL,598000,1.00,0.00,NULL,0,NULL,0,598000.00,'',''),(19,14,3,1,'Taladro percutor BLACK AND DECKER 550W 1/2',NULL,213900,1.00,0.00,NULL,0,NULL,0,213900.00,'',''),(20,14,4,0,'Atornillador Inalambrico Dewalt 12W de 1/2',NULL,211000,1.00,0.00,NULL,0,NULL,0,211000.00,'',''),(21,14,7,0,'Remachadora',NULL,18500,1.00,0.00,NULL,0,NULL,0,18500.00,'',''),(22,15,3,1,'Taladro percutor BLACK AND DECKER 550W 1/2',NULL,213900,1.00,0.00,NULL,0,NULL,0,213900.00,'',''),(23,15,6,0,'Vitamina Blend',NULL,95600,1.00,0.00,NULL,0,NULL,0,95600.00,'',''),(24,15,9,0,'Llave 3/8',NULL,10000,1.00,0.00,NULL,0,NULL,0,10000.00,'',''),(25,16,6,0,'Vitamina Blend',NULL,95600,1.00,0.00,NULL,0,NULL,0,95600.00,'',''),(26,16,3,1,'Taladro percutor BLACK AND DECKER 550W 1/2',NULL,213900,1.00,0.00,NULL,0,NULL,0,213900.00,'',''),(27,16,7,0,'Remachadora',NULL,18500,1.00,0.00,NULL,0,NULL,0,18500.00,'',''),(28,17,2,1,'Pulidora DeWALT 8000rpm 1/2',NULL,598000,1.00,0.00,NULL,0,NULL,0,598000.00,'',''),(29,17,5,0,'Pistola de impacto ingersoll rand',NULL,921100,1.00,0.00,NULL,0,NULL,0,921100.00,'',''),(30,18,3,1,'Taladro percutor BLACK AND DECKER 550W 1/2',NULL,213900,1.00,0.00,NULL,0,NULL,0,213900.00,'',''),(31,18,7,0,'Remachadora',NULL,18500,1.00,0.00,NULL,0,NULL,0,18500.00,'',''),(32,18,10,0,'Llave 1/2',NULL,10000,1.00,0.00,NULL,0,NULL,0,10000.00,'',''),(33,19,3,1,'Taladro percutor BLACK AND DECKER 550W 1/2',NULL,213900,1.00,0.00,NULL,0,NULL,0,213900.00,'',''),(34,19,6,0,'Vitamina Blend',NULL,95600,1.00,0.00,NULL,0,NULL,0,95600.00,'',''),(35,20,3,1,'Taladro percutor BLACK AND DECKER 550W 1/2',NULL,213900,1.00,0.00,NULL,0,NULL,0,213900.00,'',''),(36,20,6,0,'Vitamina Blend',NULL,95600,2.00,0.00,NULL,0,NULL,0,191200.00,'',''),(37,20,9,0,'Llave 3/8',NULL,10000,1.00,0.00,NULL,0,NULL,0,10000.00,'',''),(38,21,6,0,'Vitamina Blend',NULL,95600,2.00,0.00,NULL,0,NULL,0,191200.00,'',''),(39,21,9,0,'Llave 3/8',NULL,10000,1.00,0.00,NULL,0,NULL,0,10000.00,'',''),(40,21,10,0,'Llave 1/2',NULL,10000,1.00,0.00,NULL,0,NULL,0,10000.00,'',''),(41,22,2,1,'Pulidora DeWALT 8000rpm 1/2',NULL,598000,2.00,0.00,NULL,0,NULL,0,1196000.00,'',''),(42,22,3,1,'Taladro percutor BLACK AND DECKER 550W 1/2',NULL,213900,1.00,0.00,NULL,0,NULL,0,213900.00,'',''),(43,23,6,0,'Vitamina Blend',NULL,95600,1.00,0.00,NULL,0,NULL,0,95600.00,'',''),(44,23,7,0,'Remachadora',NULL,18500,1.00,0.00,NULL,0,NULL,0,18500.00,'',''),(45,23,9,0,'Llave 3/8',NULL,10000,1.00,0.00,NULL,0,NULL,0,10000.00,'',''),(46,23,3,1,'Taladro percutor BLACK AND DECKER 550W 1/2',NULL,213900,1.00,0.00,NULL,0,NULL,0,213900.00,'',''),(47,24,3,1,'Taladro percutor BLACK AND DECKER 550W 1/2',NULL,213900,1.00,0.00,NULL,0,NULL,0,213900.00,'',''),(48,24,2,1,'Pulidora DeWALT 8000rpm 1/2',NULL,598000,3.00,0.00,NULL,0,NULL,0,1794000.00,'',''),(49,24,9,0,'Llave 3/8',NULL,10000,2.00,0.00,NULL,0,NULL,0,20000.00,'',''),(50,25,2,1,'Pulidora DeWALT 8000rpm 1/2',NULL,598000,4.00,0.00,NULL,0,NULL,0,2392000.00,'',''),(51,25,7,0,'Remachadora',NULL,18500,3.00,0.00,NULL,0,NULL,0,55500.00,'',''),(52,25,5,0,'Pistola de impacto ingersoll rand',NULL,921100,5.00,0.00,NULL,0,NULL,0,4605500.00,'',''),(53,26,6,0,'Vitamina Blend',NULL,95600,3.00,0.00,NULL,0,NULL,0,286800.00,'',''),(54,26,9,0,'Llave 3/8',NULL,10000,1.00,0.00,NULL,0,NULL,0,10000.00,'',''),(55,26,11,0,'Aspiradora',NULL,120500,2.00,0.00,NULL,0,NULL,0,241000.00,'',''),(56,35,2,1,'Pulidora DeWALT 8000rpm 1/2',NULL,598000,3.00,0.00,NULL,0,NULL,0,1794000.00,'',''),(57,35,3,0,'Taladro percutor BLACK AND DECKER 550W 1/2',NULL,213900,1.00,0.00,NULL,0,NULL,0,213900.00,'',''),(58,35,4,0,'Atornillador Inalambrico Dewalt 12W de 1/2',NULL,211000,2.00,0.00,NULL,0,NULL,0,422000.00,'',''),(59,36,2,1,'Pulidora DeWALT 8000rpm 1/2',NULL,598000,3.00,0.00,NULL,0,NULL,0,1794000.00,'',''),(60,36,3,1,'Taladro percutor BLACK AND DECKER 550W 1/2',NULL,213900,1.00,0.00,NULL,0,NULL,0,213900.00,'',''),(61,36,6,0,'Vitamina women Blend',NULL,95600,3.00,0.00,NULL,0,NULL,0,286800.00,'',''),(62,36,5,0,'Pistola de impacto ingersoll rand',NULL,921100,7.00,0.00,NULL,0,NULL,0,6447700.00,'',''),(63,36,13,0,'proteina 5kg',NULL,140000,1.00,0.00,NULL,0,NULL,0,140000.00,'',''),(64,36,10,0,'Llave 1/2',NULL,10000,1.00,0.00,NULL,0,NULL,0,10000.00,'',''),(65,37,3,1,'Taladro percutor BLACK AND DECKER 550W 1/2',NULL,213900,2.00,0.00,NULL,0,NULL,0,427800.00,'',''),(66,37,2,1,'Pulidora DeWALT 8000rpm 1/2',NULL,598000,1.00,0.00,NULL,0,NULL,0,598000.00,'',''),(67,37,5,0,'Pistola de impacto ingersoll rand',NULL,921100,1.00,0.00,NULL,0,NULL,0,921100.00,'',''),(68,37,6,0,'Vitamina women Blend',NULL,95600,3.00,0.00,NULL,0,NULL,0,286800.00,'',''),(69,37,9,0,'Llave 3/8',NULL,10000,5.00,0.00,NULL,0,NULL,0,50000.00,'',''),(70,37,10,0,'Llave 1/2',NULL,10000,1.00,0.00,NULL,0,NULL,0,10000.00,'',''),(71,37,7,0,'Remachadora',NULL,18500,1.00,0.00,NULL,0,NULL,0,18500.00,'',''),(72,37,12,0,'Proteina 10kg',NULL,250000,2.00,0.00,NULL,0,NULL,0,500000.00,'',''),(73,37,8,0,'Taladro Rotomartillo dewalt 1/2 650w',NULL,284600,1.00,0.00,NULL,0,NULL,0,284600.00,'',''),(74,37,11,0,'Aspiradora',NULL,120500,1.00,0.00,NULL,0,NULL,0,120500.00,'',''),(75,38,2,1,'Pulidora DeWALT 8000rpm 1/2',NULL,598000,1.00,0.00,NULL,0,NULL,0,598000.00,'',''),(76,38,3,1,'Taladro percutor BLACK AND DECKER 550W 1/2',NULL,213900,2.00,0.00,NULL,0,NULL,0,427800.00,'',''),(77,38,6,0,'Vitamina women Blend',NULL,95600,1.00,0.00,NULL,0,NULL,0,95600.00,'',''),(78,38,10,0,'Llave 1/2',NULL,10000,1.00,0.00,NULL,0,NULL,0,10000.00,'',''),(79,39,2,1,'Pulidora DeWALT 8000rpm 1/2',NULL,598000,2.00,0.00,NULL,0,NULL,0,1196000.00,'',''),(80,39,5,0,'Pistola de impacto ingersoll rand',NULL,921100,1.00,0.00,NULL,0,NULL,0,921100.00,'',''),(81,39,6,0,'Vitamina women Blend',NULL,95600,1.00,0.00,NULL,0,NULL,0,95600.00,'',''),(82,39,9,0,'Llave 3/8',NULL,10000,1.00,0.00,NULL,0,NULL,0,10000.00,'',''),(83,39,12,0,'Proteina 10kg',NULL,250000,1.00,0.00,NULL,0,NULL,0,250000.00,'',''),(84,40,3,1,'Taladro percutor BLACK AND DECKER 550W 1/2',NULL,213900,1.00,0.00,NULL,0,NULL,0,213900.00,'',''),(85,40,6,0,'Vitamina women Blend',NULL,95600,1.00,0.00,NULL,0,NULL,0,95600.00,'',''),(86,40,7,0,'Remachadora',NULL,18500,1.00,0.00,NULL,0,NULL,0,18500.00,'',''),(87,41,6,0,'Vitamina women Blend',NULL,95600,2.00,0.00,NULL,0,NULL,0,191200.00,'',''),(88,42,9,0,'Llave 3/8',NULL,10000,3.00,0.00,NULL,0,NULL,0,30000.00,'',''),(89,42,6,0,'Vitamina women Blend',NULL,95600,2.00,0.00,NULL,0,NULL,0,191200.00,'',''),(90,42,10,0,'Llave 1/2',NULL,10000,3.00,0.00,NULL,0,NULL,0,30000.00,'',''),(91,43,9,0,'Llave 3/8',NULL,10000,2.00,0.00,NULL,0,NULL,0,20000.00,'',''),(92,43,10,0,'Llave 1/2',NULL,10000,1.00,0.00,NULL,0,NULL,0,10000.00,'',''),(93,44,22,1,'Puerta',NULL,150000,1.00,0.00,NULL,0,NULL,0,150000.00,'',''),(94,45,2,1,'Pulidora DeWALT 8000rpm 1/2',NULL,598000,1.00,0.00,NULL,0,NULL,0,598000.00,'',''),(95,46,6,0,'Vitamina women Blend',NULL,95600,1.00,0.00,NULL,0,NULL,0,95600.00,'',''),(96,47,11,0,'Aspiradorax',NULL,120500,1.00,0.00,NULL,0,NULL,0,120500.00,'',''),(97,48,3,1,'Taladro percutor BLACK AND DECKER 550W 1/2',NULL,213900,2.00,0.00,NULL,0,NULL,0,427800.00,'',''),(98,49,3,1,'Taladro percutor BLACK AND DECKER 550W 1/2',NULL,213900,1.00,0.00,NULL,0,NULL,0,213900.00,'',''),(99,50,23,0,'Gafas de sol',NULL,60000,787.00,0.00,NULL,0,NULL,0,47220000.00,'',''),(100,51,15,1,'Arena',NULL,3000,1.00,0.00,NULL,0,NULL,0,3000.00,'',''),(101,52,22,1,'Puerta',NULL,150000,699.00,0.00,NULL,0,NULL,0,104850000.00,'',''),(103,56,1,-1,'lupe',NULL,22,1.00,0.00,NULL,0,NULL,0,22.00,'',''),(104,56,1,-1,'hola',NULL,35,1.00,0.00,NULL,0,NULL,0,35.00,'',''),(105,57,4,0,'Atornillador Inalambrico Dewalt 12W de 1/2',NULL,211000,1.00,0.00,NULL,0,NULL,0,211000.00,'',''),(106,57,5,0,'Pistola de impacto ingersoll rand',NULL,921100,1.00,0.00,NULL,0,NULL,0,921100.00,'',''),(107,58,6,0,'Vitamina women Blend',NULL,95600,1.00,0.00,NULL,0,NULL,0,124280.00,'',''),(108,59,9,0,'Llave 3/8',NULL,10000,0.00,0.00,NULL,0,NULL,0,0.00,'',''),(109,60,6,0,'Vitamina women Blend',NULL,95600,0.00,0.00,NULL,0,NULL,0,0.00,'',''),(110,60,9,0,'Llave 3/8',NULL,10000,0.00,0.00,NULL,0,NULL,0,0.00,'',''),(111,61,9,0,'Llave 3/8',NULL,10000,0.00,0.00,NULL,0,NULL,0,0.00,'',''),(112,61,12,0,'Proteina 10kg',NULL,250000,0.00,0.00,NULL,0,NULL,0,0.00,'',''),(113,61,16,0,'Bi-Pro Vainilla 5kg',NULL,225000,3.00,0.00,NULL,0,NULL,0,675000.00,'',''),(114,62,14,0,'Soldador sm h143',NULL,487000,1.00,0.00,NULL,0,NULL,0,487000.00,'',''),(115,62,15,1,'Arena',NULL,3000,3.00,0.00,NULL,0,NULL,0,9000.00,'',''),(116,62,5,0,'Pistola de impacto ingersoll rand',NULL,921100,1.00,0.00,NULL,0,NULL,0,921100.00,'',''),(117,63,13,0,'proteina 5kg',NULL,140000,3.00,0.00,NULL,0,NULL,0,420000.00,'',''),(118,64,7,0,'Remachadora',NULL,18500,4.00,0.00,NULL,0,NULL,0,74000.00,'',''),(119,65,6,0,'Vitamina women Blend',NULL,95600,4.00,0.00,NULL,0,NULL,0,334600.00,'',''),(120,65,9,0,'Llave 3/8',NULL,10000,1.00,0.00,NULL,0,NULL,0,13000.00,'',''),(121,66,6,0,'Vitamina women Blend','cliente1/productos/6742b5f92e199vitaminas5.jpg',95600,1.00,0.00,NULL,0,NULL,0,95600.00,'',''),(122,67,13,0,'proteina 5kg','cliente1/productos/68854e852bf53proteina4.jpg',140000,4.00,0.00,NULL,0,NULL,0,560000.00,'',''),(123,67,15,1,'Arena','null',3000,35.80,0.00,NULL,0,NULL,0,107400.00,'',''),(124,67,23,0,'Gafas de sol','cliente1/productos/687b289ec0779sunglasses2.jpg',60000,2.00,0.00,NULL,0,NULL,0,120000.00,'',''),(125,68,26,0,'Conector de transformador','cliente1/productos/687b2e526e732control4.jpeg',145000,1.00,0.00,NULL,0,NULL,0,145000.00,'',''),(126,68,23,0,'Gafas de sol','cliente1/productos/687b289ec0779sunglasses2.jpg',60000,1.00,0.00,NULL,0,NULL,0,60000.00,'',''),(127,69,22,1,'Puerta','null',150000,2.00,0.00,NULL,0,NULL,0,300000.00,'',''),(128,70,22,1,'Puerta','null',150000,2.00,0.00,NULL,0,NULL,0,300000.00,'',''),(129,71,22,1,'Puerta','null',150000,2.00,0.00,NULL,0,NULL,0,300000.00,'',''),(130,72,2,1,'Pulidora DeWALT 8200rpm 1/2','cliente1/productos/671f1676979c8pulidora.jpg',598000,1.00,0.00,NULL,0,NULL,0,598000.00,'',''),(131,73,2,1,'Pulidora DeWALT 8200rpm 1/2','cliente1/productos/671f1676979c8pulidora.jpg',598000,0.67,0.00,NULL,0,NULL,0,1196000.00,'',''),(132,74,2,1,'Pulidora DeWALT 8200rpm 1/2','cliente1/productos/671f1676979c8pulidora.jpg',598000,1.00,0.00,NULL,0,NULL,0,1794000.00,'',''),(133,75,22,1,'Puerta','null',150000,4.00,0.00,NULL,0,NULL,0,600000.00,'',''),(134,76,2,1,'Pulidora DeWALT 8200rpm 1/2','cliente1/productos/671f1676979c8pulidora.jpg',598000,1.33,0.00,NULL,0,NULL,0,2392000.00,'',''),(135,77,6,0,'Vitamina women Blend','cliente1/productos/6742b5f92e199vitaminas5.jpg',95600,2.00,0.00,NULL,19,NULL,0,191200.00,'',''),(136,78,6,0,'Vitamina women Blend','cliente1/productos/6742b5f92e199vitaminas5.jpg',95600,2.00,0.00,NULL,19,NULL,0,191200.00,'',''),(137,78,13,0,'proteina 5kg','cliente1/productos/68854e852bf53proteina4.jpg',140000,1.00,0.00,NULL,19,NULL,0,140000.00,'',''),(138,79,6,0,'Vitamina women Blend','cliente1/productos/6742b5f92e199vitaminas5.jpg',95600,2.00,0.00,NULL,19,NULL,0,191200.00,'',''),(139,79,13,0,'proteina 5kg','cliente1/productos/68854e852bf53proteina4.jpg',140000,1.00,0.00,NULL,19,NULL,0,140000.00,'',''),(140,80,9,0,'Llave 3/8','null',10000,2.00,0.00,NULL,19,NULL,0,20000.00,'',''),(141,80,7,0,'Remachadora','null',18500,1.00,0.00,NULL,19,NULL,0,18500.00,'',''),(142,80,6,0,'Vitamina women Blend','cliente1/productos/6742b5f92e199vitaminas5.jpg',95600,1.00,0.00,NULL,19,NULL,0,95600.00,'',''),(143,81,6,0,'Vitamina women Blend','cliente1/productos/6742b5f92e199vitaminas5.jpg',95600,2.00,0.00,0.000,19,15263.870,0,191200.00,'',''),(144,82,6,0,'Vitamina women Blend','cliente1/productos/6742b5f92e199vitaminas5.jpg',95600,1.00,0.00,0.000,19,15263.870,0,95600.00,'',''),(145,82,2,1,'Pulidora DeWALT 8200rpm 1/2','cliente1/productos/671f1676979c8pulidora.jpg',598000,0.33,0.00,0.000,19,95478.990,0,598000.00,'',''),(146,82,11,0,'Aspiradorax','cliente1/productos/6724625f84d00aspiradora2.jpg',120500,2.00,0.00,0.000,19,19239.500,0,241000.00,'',''),(147,82,8,0,'Taladro Rotomartillo dewalt 1/2 650w','null',284600,2.00,0.00,0.000,19,45440.340,0,569200.00,'','');
/*!40000 ALTER TABLE `ventas` ENABLE KEYS */;
UNLOCK TABLES;

--
-- Dumping routines for database 'contapos'
--
/*!40103 SET TIME_ZONE=@OLD_TIME_ZONE */;

/*!40101 SET SQL_MODE=@OLD_SQL_MODE */;
/*!40014 SET FOREIGN_KEY_CHECKS=@OLD_FOREIGN_KEY_CHECKS */;
/*!40014 SET UNIQUE_CHECKS=@OLD_UNIQUE_CHECKS */;
/*!40101 SET CHARACTER_SET_CLIENT=@OLD_CHARACTER_SET_CLIENT */;
/*!40101 SET CHARACTER_SET_RESULTS=@OLD_CHARACTER_SET_RESULTS */;
/*!40101 SET COLLATION_CONNECTION=@OLD_COLLATION_CONNECTION */;
/*!40111 SET SQL_NOTES=@OLD_SQL_NOTES */;

-- Dump completed on 2025-08-22  0:03:37
