-- MySQL dump 10.13  Distrib 8.0.18, for Win64 (x86_64)
--
-- Host: 127.0.0.1    Database: contapos
-- ------------------------------------------------------
-- Server version	8.0.40

/*!40101 SET @OLD_CHARACTER_SET_CLIENT=@@CHARACTER_SET_CLIENT */;
/*!40101 SET @OLD_CHARACTER_SET_RESULTS=@@CHARACTER_SET_RESULTS */;
/*!40101 SET @OLD_COLLATION_CONNECTION=@@COLLATION_CONNECTION */;
/*!50503 SET NAMES utf8mb4 */;
/*!40103 SET @OLD_TIME_ZONE=@@TIME_ZONE */;
/*!40103 SET TIME_ZONE='+00:00' */;
/*!40014 SET @OLD_UNIQUE_CHECKS=@@UNIQUE_CHECKS, UNIQUE_CHECKS=0 */;
/*!40014 SET @OLD_FOREIGN_KEY_CHECKS=@@FOREIGN_KEY_CHECKS, FOREIGN_KEY_CHECKS=0 */;
/*!40101 SET @OLD_SQL_MODE=@@SQL_MODE, SQL_MODE='NO_AUTO_VALUE_ON_ZERO' */;
/*!40111 SET @OLD_SQL_NOTES=@@SQL_NOTES, SQL_NOTES=0 */;

--
-- Table structure for table `almacenamiento`
--

DROP TABLE IF EXISTS `almacenamiento`;
/*!40101 SET @saved_cs_client     = @@character_set_client */;
/*!50503 SET character_set_client = utf8mb4 */;
CREATE TABLE `almacenamiento` (
  `id` int NOT NULL,
  `nombre` varchar(45) CHARACTER SET utf8mb3 COLLATE utf8mb3_spanish_ci NOT NULL,
  PRIMARY KEY (`id`)
) ENGINE=InnoDB DEFAULT CHARSET=utf8mb3 COLLATE=utf8mb3_unicode_ci;
/*!40101 SET character_set_client = @saved_cs_client */;

--
-- Dumping data for table `almacenamiento`
--

LOCK TABLES `almacenamiento` WRITE;
/*!40000 ALTER TABLE `almacenamiento` DISABLE KEYS */;
/*!40000 ALTER TABLE `almacenamiento` ENABLE KEYS */;
UNLOCK TABLES;

--
-- Table structure for table `arqueoscajas`
--

DROP TABLE IF EXISTS `arqueoscajas`;
/*!40101 SET @saved_cs_client     = @@character_set_client */;
/*!50503 SET character_set_client = utf8mb4 */;
CREATE TABLE `arqueoscajas` (
  `id` int NOT NULL AUTO_INCREMENT,
  `id_cierrecajaid` int NOT NULL,
  `cienmil` int DEFAULT NULL,
  `cincuentamil` int DEFAULT NULL,
  `veintemil` int DEFAULT NULL,
  `diezmil` int DEFAULT NULL,
  `cincomil` int DEFAULT NULL,
  `dosmil` int DEFAULT NULL,
  `mil` int DEFAULT NULL,
  `quinientos` int DEFAULT NULL,
  `docientos` int DEFAULT NULL,
  `cien` int DEFAULT NULL,
  `cincuenta` int DEFAULT NULL,
  `dato1` int DEFAULT NULL,
  `dato2` int DEFAULT NULL,
  PRIMARY KEY (`id`),
  KEY `id_cierrecajaid_idx` (`id_cierrecajaid`),
  CONSTRAINT `id_cierrecajaid` FOREIGN KEY (`id_cierrecajaid`) REFERENCES `cierrescajas` (`id`) ON DELETE CASCADE ON UPDATE CASCADE
) ENGINE=InnoDB DEFAULT CHARSET=utf8mb3 COLLATE=utf8mb3_unicode_ci;
/*!40101 SET character_set_client = @saved_cs_client */;

--
-- Dumping data for table `arqueoscajas`
--

LOCK TABLES `arqueoscajas` WRITE;
/*!40000 ALTER TABLE `arqueoscajas` DISABLE KEYS */;
/*!40000 ALTER TABLE `arqueoscajas` ENABLE KEYS */;
UNLOCK TABLES;

--
-- Table structure for table `bancos`
--

DROP TABLE IF EXISTS `bancos`;
/*!40101 SET @saved_cs_client     = @@character_set_client */;
/*!50503 SET character_set_client = utf8mb4 */;
CREATE TABLE `bancos` (
  `id` int NOT NULL AUTO_INCREMENT,
  `nombre` varchar(45) CHARACTER SET utf8mb3 COLLATE utf8mb3_spanish_ci NOT NULL,
  `numerocuenta` varchar(45) CHARACTER SET utf8mb3 COLLATE utf8mb3_spanish_ci DEFAULT NULL,
  `saldo` decimal(14,2) DEFAULT '0.00',
  `estado` tinyint(1) DEFAULT '1',
  `created_at` timestamp NULL DEFAULT CURRENT_TIMESTAMP,
  PRIMARY KEY (`id`)
) ENGINE=InnoDB AUTO_INCREMENT=2 DEFAULT CHARSET=utf8mb3 COLLATE=utf8mb3_unicode_ci;
/*!40101 SET character_set_client = @saved_cs_client */;

--
-- Dumping data for table `bancos`
--

LOCK TABLES `bancos` WRITE;
/*!40000 ALTER TABLE `bancos` DISABLE KEYS */;
INSERT INTO `bancos` VALUES (1,'BBVA','16553846591',NULL,1,'2025-08-31 15:54:18');
/*!40000 ALTER TABLE `bancos` ENABLE KEYS */;
UNLOCK TABLES;

--
-- Table structure for table `caja`
--

DROP TABLE IF EXISTS `caja`;
/*!40101 SET @saved_cs_client     = @@character_set_client */;
/*!50503 SET character_set_client = utf8mb4 */;
CREATE TABLE `caja` (
  `id` int NOT NULL AUTO_INCREMENT,
  `idsucursalid` int DEFAULT NULL,
  `idtipoconsecutivo` int NOT NULL,
  `nombre` varchar(33) CHARACTER SET utf8mb3 COLLATE utf8mb3_spanish_ci NOT NULL,
  `negocio` varchar(45) CHARACTER SET utf8mb3 COLLATE utf8mb3_spanish_ci DEFAULT NULL,
  `editable` tinyint(1) DEFAULT '1',
  PRIMARY KEY (`id`),
  KEY `idconsecutivo_idx` (`idtipoconsecutivo`),
  KEY `idsucursalid_idx` (`idsucursalid`),
  CONSTRAINT `idconsecutivo` FOREIGN KEY (`idtipoconsecutivo`) REFERENCES `consecutivos` (`id`) ON UPDATE CASCADE,
  CONSTRAINT `idsucursalid` FOREIGN KEY (`idsucursalid`) REFERENCES `sucursales` (`id`) ON UPDATE CASCADE
) ENGINE=InnoDB AUTO_INCREMENT=4 DEFAULT CHARSET=utf8mb3 COLLATE=utf8mb3_unicode_ci;
/*!40101 SET character_set_client = @saved_cs_client */;

--
-- Dumping data for table `caja`
--

LOCK TABLES `caja` WRITE;
/*!40000 ALTER TABLE `caja` DISABLE KEYS */;
INSERT INTO `caja` VALUES (1,1,1,'Caja principal','Negocios pos sas',0),(2,2,4,'Caja principal','Negocios pos sas',0),(3,1,3,'Caja auxiliar','Negocios pos sa',1);
/*!40000 ALTER TABLE `caja` ENABLE KEYS */;
UNLOCK TABLES;

--
-- Table structure for table `categoriagastos`
--

DROP TABLE IF EXISTS `categoriagastos`;
/*!40101 SET @saved_cs_client     = @@character_set_client */;
/*!50503 SET character_set_client = utf8mb4 */;
CREATE TABLE `categoriagastos` (
  `id` int NOT NULL AUTO_INCREMENT,
  `nombre` varchar(45) CHARACTER SET utf8mb3 COLLATE utf8mb3_spanish_ci NOT NULL,
  PRIMARY KEY (`id`)
) ENGINE=InnoDB AUTO_INCREMENT=11 DEFAULT CHARSET=utf8mb3 COLLATE=utf8mb3_unicode_ci;
/*!40101 SET character_set_client = @saved_cs_client */;

--
-- Dumping data for table `categoriagastos`
--

LOCK TABLES `categoriagastos` WRITE;
/*!40000 ALTER TABLE `categoriagastos` DISABLE KEYS */;
INSERT INTO `categoriagastos` VALUES (1,'Rebastecimiento'),(2,'Arriendo o alquiler de esepacio'),(3,'Marketing o publicidad'),(4,'Papeleria'),(5,'Mantenimiento y/o reparacion'),(6,'Alquiler de equipos'),(7,'Servicios publicos'),(8,'Insumos de aseo'),(9,'Logistica distribucion o transporte '),(10,'Otros');
/*!40000 ALTER TABLE `categoriagastos` ENABLE KEYS */;
UNLOCK TABLES;

--
-- Table structure for table `categorias`
--

DROP TABLE IF EXISTS `categorias`;
/*!40101 SET @saved_cs_client     = @@character_set_client */;
/*!50503 SET character_set_client = utf8mb4 */;
CREATE TABLE `categorias` (
  `id` int NOT NULL AUTO_INCREMENT,
  `nombre` varchar(45) CHARACTER SET utf8mb3 COLLATE utf8mb3_general_ci NOT NULL,
  `codigo` varchar(15) CHARACTER SET utf8mb3 COLLATE utf8mb3_general_ci DEFAULT NULL,
  `totalproductos` int DEFAULT NULL,
  `foto` varchar(99) CHARACTER SET utf8mb3 COLLATE utf8mb3_general_ci DEFAULT NULL,
  `fechacreacion` date DEFAULT NULL,
  `visible` tinyint(1) DEFAULT NULL,
  PRIMARY KEY (`id`),
  UNIQUE KEY `nombre_UNIQUE` (`nombre`),
  UNIQUE KEY `referencia_UNIQUE` (`codigo`)
) ENGINE=InnoDB AUTO_INCREMENT=13 DEFAULT CHARSET=utf8mb3 COLLATE=utf8mb3_unicode_ci;
/*!40101 SET character_set_client = @saved_cs_client */;

--
-- Dumping data for table `categorias`
--

LOCK TABLES `categorias` WRITE;
/*!40000 ALTER TABLE `categorias` DISABLE KEYS */;
INSERT INTO `categorias` VALUES (1,'Categoria_Otros',NULL,0,NULL,NULL,0),(5,'Equipos Electricos','E001',7,NULL,'2025-02-06',1),(6,'Equipos Neumaticos','E002',NULL,NULL,'2024-01-14',1),(7,'Herramientas Manuales','H001',5,NULL,'2024-01-14',1),(8,'Herramientas Electricas','H002',2,NULL,'2025-01-29',1),(9,'Proteinas ',NULL,5,NULL,'2024-11-02',1),(10,'Obra Negra',NULL,1,NULL,'2025-02-02',1),(11,'Equipos Electronicos',NULL,2,NULL,'2025-06-22',1),(12,'Acabados',NULL,2,NULL,'2025-06-22',1);
/*!40000 ALTER TABLE `categorias` ENABLE KEYS */;
UNLOCK TABLES;

--
-- Table structure for table `cierrescajas`
--

DROP TABLE IF EXISTS `cierrescajas`;
/*!40101 SET @saved_cs_client     = @@character_set_client */;
/*!50503 SET character_set_client = utf8mb4 */;
CREATE TABLE `cierrescajas` (
  `id` int NOT NULL AUTO_INCREMENT,
  `idsucursal_id` int DEFAULT NULL,
  `idcaja` int DEFAULT NULL,
  `id_usuario` int DEFAULT NULL,
  `nombrecaja` varchar(33) CHARACTER SET utf8mb3 COLLATE utf8mb3_spanish_ci DEFAULT NULL,
  `nombreusuario` varchar(80) CHARACTER SET utf8mb3 COLLATE utf8mb3_spanish_ci DEFAULT NULL,
  `fechainicio` datetime NOT NULL,
  `fechacierre` datetime DEFAULT NULL,
  `ncambiosaventa` int DEFAULT NULL,
  `totalcotizaciones` int DEFAULT NULL,
  `totalfacturas` int DEFAULT NULL,
  `facturaselectronicas` int DEFAULT NULL,
  `facturaspos` int DEFAULT NULL,
  `valorfe` varchar(14) CHARACTER SET utf8mb3 COLLATE utf8mb3_spanish_ci DEFAULT NULL,
  `descuentofe` varchar(14) CHARACTER SET utf8mb3 COLLATE utf8mb3_spanish_ci DEFAULT NULL,
  `descuentopos` varchar(14) CHARACTER SET utf8mb3 COLLATE utf8mb3_spanish_ci DEFAULT NULL,
  `basecaja` varchar(14) CHARACTER SET utf8mb3 COLLATE utf8mb3_spanish_ci DEFAULT NULL,
  `ventasenefectivo` varchar(14) CHARACTER SET utf8mb3 COLLATE utf8mb3_spanish_ci DEFAULT NULL,
  `gastoscaja` varchar(14) CHARACTER SET utf8mb3 COLLATE utf8mb3_spanish_ci DEFAULT NULL,
  `gastosbanco` varchar(14) CHARACTER SET utf8mb3 COLLATE utf8mb3_spanish_ci DEFAULT NULL,
  `valorpos` varchar(14) CHARACTER SET utf8mb3 COLLATE utf8mb3_spanish_ci DEFAULT NULL,
  `dineroencaja` varchar(14) CHARACTER SET utf8mb3 COLLATE utf8mb3_spanish_ci DEFAULT NULL,
  `domicilios` varchar(10) CHARACTER SET utf8mb3 COLLATE utf8mb3_spanish_ci DEFAULT NULL,
  `ndomicilios` int DEFAULT NULL,
  `realencaja` varchar(14) CHARACTER SET utf8mb3 COLLATE utf8mb3_spanish_ci DEFAULT NULL,
  `ingresoventas` varchar(14) CHARACTER SET utf8mb3 COLLATE utf8mb3_spanish_ci DEFAULT NULL,
  `totaldescuentos` varchar(14) CHARACTER SET utf8mb3 COLLATE utf8mb3_spanish_ci DEFAULT NULL,
  `realventas` varchar(14) CHARACTER SET utf8mb3 COLLATE utf8mb3_spanish_ci DEFAULT NULL,
  `valorimpuestototal` varchar(14) CHARACTER SET utf8mb3 COLLATE utf8mb3_spanish_ci DEFAULT NULL,
  `basegravable` varchar(14) CHARACTER SET utf8mb3 COLLATE utf8mb3_spanish_ci DEFAULT NULL,
  `estado` tinyint(1) NOT NULL,
  `dato1` varchar(11) CHARACTER SET utf8mb3 COLLATE utf8mb3_spanish_ci DEFAULT NULL,
  `dato2` varchar(11) CHARACTER SET utf32 COLLATE utf32_spanish_ci DEFAULT NULL,
  PRIMARY KEY (`id`),
  KEY `idcaja_idx` (`idcaja`),
  KEY `id_usuario_idx` (`id_usuario`),
  KEY `idsucursal_id_idx` (`idsucursal_id`),
  CONSTRAINT `id_usuario` FOREIGN KEY (`id_usuario`) REFERENCES `usuarios` (`id`) ON DELETE SET NULL ON UPDATE CASCADE,
  CONSTRAINT `idcaja` FOREIGN KEY (`idcaja`) REFERENCES `caja` (`id`) ON UPDATE CASCADE,
  CONSTRAINT `idsucursal_id` FOREIGN KEY (`idsucursal_id`) REFERENCES `sucursales` (`id`) ON UPDATE CASCADE
) ENGINE=InnoDB AUTO_INCREMENT=2 DEFAULT CHARSET=utf8mb3 COLLATE=utf8mb3_unicode_ci;
/*!40101 SET character_set_client = @saved_cs_client */;

--
-- Dumping data for table `cierrescajas`
--

LOCK TABLES `cierrescajas` WRITE;
/*!40000 ALTER TABLE `cierrescajas` DISABLE KEYS */;
INSERT INTO `cierrescajas` VALUES (1,1,1,1,'Caja principal',NULL,'2025-09-22 02:08:52','2025-09-22 02:08:52',0,0,1,0,1,'0','0','0','0','427800','0','0','427800','0','0',0,'0','427800','0','0','0','427800',0,NULL,NULL);
/*!40000 ALTER TABLE `cierrescajas` ENABLE KEYS */;
UNLOCK TABLES;

--
-- Table structure for table `clientes`
--

DROP TABLE IF EXISTS `clientes`;
/*!40101 SET @saved_cs_client     = @@character_set_client */;
/*!50503 SET character_set_client = utf8mb4 */;
CREATE TABLE `clientes` (
  `id` int NOT NULL AUTO_INCREMENT,
  `nombre` varchar(35) CHARACTER SET utf8mb3 COLLATE utf8mb3_general_ci NOT NULL,
  `apellido` varchar(35) CHARACTER SET utf8mb3 COLLATE utf8mb3_general_ci NOT NULL,
  `tipodocumento` varchar(36) COLLATE utf8mb3_unicode_ci NOT NULL,
  `identificacion` varchar(11) CHARACTER SET utf8mb3 COLLATE utf8mb3_general_ci NOT NULL,
  `telefono` varchar(14) CHARACTER SET utf8mb3 COLLATE utf8mb3_general_ci NOT NULL,
  `email` varchar(55) CHARACTER SET utf8mb3 COLLATE utf8mb3_general_ci DEFAULT NULL,
  `fecha_nacimiento` date DEFAULT NULL,
  `total_compras` int DEFAULT NULL,
  `ultima_compra` datetime DEFAULT NULL,
  `data1` varchar(45) CHARACTER SET utf8mb3 COLLATE utf8mb3_general_ci DEFAULT NULL,
  PRIMARY KEY (`id`),
  UNIQUE KEY `identificacion_UNIQUE` (`identificacion`)
) ENGINE=InnoDB AUTO_INCREMENT=27 DEFAULT CHARSET=utf8mb3 COLLATE=utf8mb3_unicode_ci;
/*!40101 SET character_set_client = @saved_cs_client */;

--
-- Dumping data for table `clientes`
--

LOCK TABLES `clientes` WRITE;
/*!40000 ALTER TABLE `clientes` DISABLE KEYS */;
INSERT INTO `clientes` VALUES (1,'N/a','N/a','6','N/a','N/a','N/a',NULL,NULL,NULL,NULL),(4,'Juan Guillero','Alzate Mendoza','3','41558620','(320) 554-8746','juang@correo.com',NULL,1831464,'2024-02-09 01:54:34',NULL),(6,'Steven','Morales','3','1092445120','(311) 547-8233',NULL,NULL,1422700,'2024-02-04 01:11:06',NULL),(7,'Sofia','Reyes Betankourt','3','1093556004','(315) 447-8063',NULL,NULL,4640700,'2024-02-09 01:53:59',NULL),(8,'Manuel','Pinilla','3','1093556980','(312) 554-8880',NULL,NULL,1988000,'2024-02-09 01:55:22',NULL),(9,'Luis Fernando','Montes','3','1094887112','(314) 550-5659',NULL,NULL,421000,'2024-02-09 10:43:40',NULL),(10,'Maria Luisa','Beltran Loaiza','3','1094995623','(316) 554-5878',NULL,NULL,1116000,'2024-02-04 01:12:45',NULL),(11,'Dario','Londo침o Perez','3','1092445164','(318) 445-2123',NULL,NULL,2418416,'2024-02-04 01:09:28',NULL),(12,'Tomas','Restrepo','3','1094554123','(317) 445-2231',NULL,NULL,NULL,NULL,NULL),(13,'Lina','Ospina Ruiz','3','47889520','(319) ___-____',NULL,NULL,147700,'2024-02-04 01:13:06',NULL),(14,'Lucas Manuel','Gomez Serna','3','41556230','(316) 554-2220',NULL,NULL,1721410,'2024-02-09 10:41:55',NULL),(15,'Luisa Fernanda','Marin Escobar','3','456687210','(318) ___-____',NULL,NULL,1963295,'2024-02-08 23:59:21',NULL),(16,'Leidy','Cardona Pati침o','3','1093456203','(315) 447-8556',NULL,NULL,5003682,'2024-02-04 01:04:38',NULL),(17,'Ana','Rincon','3','1090450155','3152208540','anar@gmail.com',NULL,NULL,NULL,NULL),(18,'Miguel','Perdomo','3','1092452012','3145520127','miguel45@hotmail.com',NULL,NULL,NULL,NULL),(24,'Robert','Salamanca','3','41285112','3125842041','robertj@entel.cl',NULL,NULL,NULL,NULL),(25,'Andrea','Carvajal','3','1094887510','3124507832','andrecvj@gmail.com',NULL,NULL,NULL,NULL),(26,'maletero','beltran','CC','9855200','3145520986','maletero@maleta.com',NULL,NULL,NULL,NULL);
/*!40000 ALTER TABLE `clientes` ENABLE KEYS */;
UNLOCK TABLES;

--
-- Table structure for table `compras`
--

DROP TABLE IF EXISTS `compras`;
/*!40101 SET @saved_cs_client     = @@character_set_client */;
/*!50503 SET character_set_client = utf8mb4 */;
CREATE TABLE `compras` (
  `id` int NOT NULL AUTO_INCREMENT,
  `id_sucursal_id` int DEFAULT NULL,
  `idusuario` int DEFAULT NULL,
  `idproveedor` int DEFAULT NULL,
  `idformapago` int DEFAULT NULL,
  `idorigencaja` int DEFAULT NULL,
  `idorigenbanco` int DEFAULT NULL,
  `nombreorigencaja` varchar(45) CHARACTER SET utf8mb3 COLLATE utf8mb3_spanish_ci DEFAULT NULL,
  `nombreorigenbanco` varchar(45) CHARACTER SET utf8mb3 COLLATE utf8mb3_spanish_ci DEFAULT NULL,
  `nombreusuario` varchar(45) CHARACTER SET utf8mb3 COLLATE utf8mb3_spanish_ci NOT NULL,
  `nombreproveedor` varchar(45) CHARACTER SET utf8mb3 COLLATE utf8mb3_spanish_ci DEFAULT NULL,
  `formapago` varchar(45) CHARACTER SET utf8mb3 COLLATE utf8mb3_spanish_ci DEFAULT NULL,
  `nfactura` varchar(45) CHARACTER SET utf8mb3 COLLATE utf8mb3_spanish_ci DEFAULT NULL,
  `impuesto` int DEFAULT NULL,
  `origenpago` tinyint(1) DEFAULT NULL,
  `nombreorigenpago` varchar(45) CHARACTER SET utf8mb3 COLLATE utf8mb3_spanish_ci DEFAULT NULL,
  `cantidaditems` int NOT NULL,
  `observacion` varchar(255) CHARACTER SET utf8mb3 COLLATE utf8mb3_spanish_ci DEFAULT NULL,
  `estado` varchar(22) CHARACTER SET utf8mb3 COLLATE utf8mb3_spanish_ci NOT NULL,
  `subtotal` decimal(12,2) NOT NULL,
  `valortotal` decimal(12,2) NOT NULL,
  `fechacompra` datetime NOT NULL,
  PRIMARY KEY (`id`),
  KEY `idusuario_idx` (`idusuario`),
  KEY `id_usuario_idx` (`idusuario`),
  KEY `id_sucursal_id_idx` (`id_sucursal_id`),
  KEY `idproveedor_idx` (`idproveedor`),
  CONSTRAINT `id_sucursal_id` FOREIGN KEY (`id_sucursal_id`) REFERENCES `sucursales` (`id`) ON UPDATE CASCADE,
  CONSTRAINT `idproveedor` FOREIGN KEY (`idproveedor`) REFERENCES `proveedores` (`id`) ON UPDATE CASCADE,
  CONSTRAINT `usuario_id` FOREIGN KEY (`idusuario`) REFERENCES `usuarios` (`id`) ON DELETE SET NULL ON UPDATE CASCADE
) ENGINE=InnoDB DEFAULT CHARSET=utf8mb3 COLLATE=utf8mb3_unicode_ci;
/*!40101 SET character_set_client = @saved_cs_client */;

--
-- Dumping data for table `compras`
--

LOCK TABLES `compras` WRITE;
/*!40000 ALTER TABLE `compras` DISABLE KEYS */;
/*!40000 ALTER TABLE `compras` ENABLE KEYS */;
UNLOCK TABLES;

--
-- Table structure for table `config_global`
--

DROP TABLE IF EXISTS `config_global`;
/*!40101 SET @saved_cs_client     = @@character_set_client */;
/*!50503 SET character_set_client = utf8mb4 */;
CREATE TABLE `config_global` (
  `id` int NOT NULL AUTO_INCREMENT,
  `modulo` varchar(45) CHARACTER SET utf8mb3 COLLATE utf8mb3_spanish_ci NOT NULL,
  `clave` varchar(55) CHARACTER SET utf8mb3 COLLATE utf8mb3_spanish_ci NOT NULL,
  `valor_default` varchar(128) CHARACTER SET utf8mb3 COLLATE utf8mb3_spanish_ci DEFAULT NULL,
  `descripcion` tinytext CHARACTER SET utf8mb3 COLLATE utf8mb3_spanish_ci,
  `created_at` timestamp NULL DEFAULT CURRENT_TIMESTAMP,
  PRIMARY KEY (`id`)
) ENGINE=InnoDB AUTO_INCREMENT=37 DEFAULT CHARSET=utf8mb3 COLLATE=utf8mb3_unicode_ci;
/*!40101 SET character_set_client = @saved_cs_client */;

--
-- Dumping data for table `config_global`
--

LOCK TABLES `config_global` WRITE;
/*!40000 ALTER TABLE `config_global` DISABLE KEYS */;
INSERT INTO `config_global` VALUES (1,'Caja','mensaje_para_factura','',NULL,'2025-09-13 03:57:58'),(2,'Caja','limite_de_descuento_permitido','50',NULL,'2025-09-13 03:57:58'),(3,'Caja','permitir_venta_de_productos_sin_stock','1',NULL,'2025-09-13 03:57:58'),(4,'Caja','imprimir_factura_automaticamente','1',NULL,'2025-09-13 03:57:58'),(5,'Caja','permitir_cierre_de_caja_con_ordenes_sin_pagar','1',NULL,'2025-09-13 03:57:58'),(6,'Inventario','tipo_costo_inventario','ultimo_costo',NULL,'2025-09-13 05:26:58'),(7,'Claves','clave_para_eliminar_factura',NULL,NULL,'2025-09-13 06:12:50'),(8,'Claves','clave_para_eliminar_un_gasto/base',NULL,NULL,'2025-09-13 06:12:50'),(9,'Claves','clave_para_agregar_descuento',NULL,NULL,'2025-09-13 06:12:50'),(10,'Claves','clave_para_abrir_caj칩n_monedero',NULL,NULL,'2025-09-13 06:12:50'),(11,'Permisos','permitir_ver_cierres_de_cajas_anteriores','1',NULL,'2025-09-13 06:15:19'),(12,'Permisos','cantidad_de_cierres_de_cajas_permitidos','',NULL,'2025-09-13 06:15:19'),(13,'Permisos','permitir_ver_zeta_diario','1',NULL,'2025-09-13 06:15:19'),(14,'Permisos','permitir_ver_resumen_cierre_de_caja','1',NULL,'2025-09-13 06:15:19'),(15,'Permisos','cantidad_de_zeta_diarios_permitidos','',NULL,'2025-09-13 06:20:15'),(16,'Impresion','mostrar_nombre_del_negocio_en_factura','1',NULL,'2025-09-13 06:20:15'),(17,'Impresion','mensaje_final_en_factura','',NULL,'2025-09-13 06:20:15'),(18,'Impresion','titulo_para_el_nombre_del_documento','',NULL,'2025-09-13 06:20:15'),(19,'Impresion','habilitar_subtotal_en_factura','1',NULL,'2025-09-13 06:20:15'),(20,'Impresion','mostrar_numero_de_factura','1',NULL,'2025-09-13 06:20:15'),(21,'Impresion','mostrar_nombre_del_documento_en_factura','0',NULL,'2025-09-14 15:12:25'),(22,'Impresion','mostrar_observacion_en_factura','0',NULL,'2025-09-14 15:12:25'),(23,'Impresion','mostrar_cambio_de_efectivo_en_factura','0',NULL,'2025-09-14 15:12:25'),(24,'Impresion','espaciado_de_papel',NULL,NULL,'2025-09-14 15:12:25'),(25,'Impresion','mostrar_metodo_de_pago_en_factura','1',NULL,'2025-09-14 15:12:25'),(26,'Impresion','mostrar_logo_en_factura','1',NULL,'2025-09-14 15:15:12'),(27,'Impresion','nombre_del_impuesto',NULL,NULL,'2025-09-14 15:15:12'),(28,'Impresion','titulo_para_el_nombre_del_cliente',NULL,NULL,'2025-09-14 15:15:12'),(29,'Impresion','simbolo_moneda',NULL,NULL,'2025-09-14 15:15:12'),(30,'Impuesto','porcentaje_de_impuesto',NULL,NULL,'2025-09-14 15:32:28'),(31,'Impuesto','mostrar_impuesto_en_factura','1',NULL,'2025-09-14 15:32:28'),(32,'Impuesto','discriminar_impuesto_por_producto','1',NULL,'2025-09-14 15:32:28'),(33,'Impuesto','mostrar_subtotales_en_factura_sin_impuesto','0',NULL,'2025-09-14 15:32:28'),(34,'FacturacionFE','Texto_factura_electr칩nica_QR',NULL,NULL,'2025-09-14 15:36:31'),(35,'FacturacionFE','mostrar_codigo_qr_en_factura_electronica','1',NULL,'2025-09-14 15:36:31'),(36,'FacturacionFE','mostrar_cufe_en_factura_electronica','1',NULL,'2025-09-14 15:36:31');
/*!40000 ALTER TABLE `config_global` ENABLE KEYS */;
UNLOCK TABLES;

--
-- Table structure for table `config_local`
--

DROP TABLE IF EXISTS `config_local`;
/*!40101 SET @saved_cs_client     = @@character_set_client */;
/*!50503 SET character_set_client = utf8mb4 */;
CREATE TABLE `config_local` (
  `id` int NOT NULL AUTO_INCREMENT,
  `fk_sucursalid` int NOT NULL,
  `clave` varchar(55) CHARACTER SET utf8mb3 COLLATE utf8mb3_spanish_ci NOT NULL,
  `valor` varchar(99) CHARACTER SET utf8mb3 COLLATE utf8mb3_general_ci NOT NULL,
  `created_at` timestamp NULL DEFAULT CURRENT_TIMESTAMP,
  PRIMARY KEY (`id`),
  UNIQUE KEY `unique_sucursal_clave` (`fk_sucursalid`,`clave`) /*!80000 INVISIBLE */,
  KEY `fk_sucursalid_idx` (`fk_sucursalid`),
  CONSTRAINT `fk_sucursalid` FOREIGN KEY (`fk_sucursalid`) REFERENCES `sucursales` (`id`) ON DELETE CASCADE ON UPDATE CASCADE
) ENGINE=InnoDB AUTO_INCREMENT=36 DEFAULT CHARSET=utf8mb3 COLLATE=utf8mb3_unicode_ci;
/*!40101 SET character_set_client = @saved_cs_client */;

--
-- Dumping data for table `config_local`
--

LOCK TABLES `config_local` WRITE;
/*!40000 ALTER TABLE `config_local` DISABLE KEYS */;
INSERT INTO `config_local` VALUES (17,1,'tipo_costo_inventario','costo_promedio','2025-09-17 05:04:50'),(19,1,'mostrar_nombre_del_negocio_en_factura','0','2025-09-17 05:05:12'),(21,1,'mostrar_cufe_en_factura_electronica','0','2025-09-17 05:05:19'),(29,1,'limite_de_descuento_permitido','100','2025-09-19 05:46:43'),(35,1,'discriminar_impuesto_por_producto','0','2025-09-21 23:02:40');
/*!40000 ALTER TABLE `config_local` ENABLE KEYS */;
UNLOCK TABLES;

--
-- Table structure for table `consecutivos`
--

DROP TABLE IF EXISTS `consecutivos`;
/*!40101 SET @saved_cs_client     = @@character_set_client */;
/*!50503 SET character_set_client = utf8mb4 */;
CREATE TABLE `consecutivos` (
  `id` int NOT NULL AUTO_INCREMENT,
  `id_sucursalid` int DEFAULT NULL,
  `idtipofacturador` int NOT NULL,
  `idnegocio` int DEFAULT NULL,
  `nombre` varchar(33) COLLATE utf8mb3_unicode_ci NOT NULL,
  `rangoinicial` int DEFAULT NULL,
  `rangofinal` varchar(11) COLLATE utf8mb3_unicode_ci DEFAULT NULL,
  `siguientevalor` varchar(11) COLLATE utf8mb3_unicode_ci DEFAULT NULL,
  `fechainicio` date DEFAULT NULL,
  `fechafin` date DEFAULT NULL,
  `resolucion` varchar(22) COLLATE utf8mb3_unicode_ci DEFAULT NULL,
  `consecutivoremplazo` varchar(33) COLLATE utf8mb3_unicode_ci DEFAULT NULL,
  `prefijo` varchar(11) COLLATE utf8mb3_unicode_ci DEFAULT NULL,
  `mostrarresolucion` tinyint(1) DEFAULT NULL,
  `mostrarimpuestodiscriminado` tinyint(1) DEFAULT NULL,
  `tokenfacturaelectronica` varchar(99) CHARACTER SET utf8mb3 COLLATE utf8mb3_spanish_ci DEFAULT NULL,
  `electronica` tinyint(1) DEFAULT NULL,
  `estado` tinyint(1) DEFAULT NULL,
  PRIMARY KEY (`id`),
  KEY `idtipofacturador_idx` (`idtipofacturador`),
  KEY `id_sucursalid_idx` (`id_sucursalid`),
  CONSTRAINT `id_sucursalid` FOREIGN KEY (`id_sucursalid`) REFERENCES `sucursales` (`id`) ON UPDATE CASCADE,
  CONSTRAINT `idtipofacturador` FOREIGN KEY (`idtipofacturador`) REFERENCES `tipofacturador` (`id`) ON UPDATE CASCADE
) ENGINE=InnoDB AUTO_INCREMENT=5 DEFAULT CHARSET=utf8mb3 COLLATE=utf8mb3_unicode_ci;
/*!40101 SET character_set_client = @saved_cs_client */;

--
-- Dumping data for table `consecutivos`
--

LOCK TABLES `consecutivos` WRITE;
/*!40000 ALTER TABLE `consecutivos` DISABLE KEYS */;
INSERT INTO `consecutivos` VALUES (1,1,2,1,'Facturacion POS',1,'5000','1',NULL,'2025-03-21',NULL,NULL,'FAP',1,1,NULL,NULL,1),(2,1,2,1,'Documento equivalente Pos',1,'500','1',NULL,'2025-05-12',NULL,NULL,'DOCP',1,1,NULL,NULL,1),(3,1,1,1,'Factura electronica 512',1,'1500','1',NULL,'2025-09-15','9560055445801',NULL,'FE',1,1,'abcde',NULL,1),(4,2,2,1,'Factura POS',1,'10000','1',NULL,NULL,NULL,NULL,'POS',1,1,NULL,NULL,1);
/*!40000 ALTER TABLE `consecutivos` ENABLE KEYS */;
UNLOCK TABLES;

--
-- Table structure for table `conversionunidades`
--

DROP TABLE IF EXISTS `conversionunidades`;
/*!40101 SET @saved_cs_client     = @@character_set_client */;
/*!50503 SET character_set_client = utf8mb4 */;
CREATE TABLE `conversionunidades` (
  `id` int NOT NULL AUTO_INCREMENT,
  `idproducto` int DEFAULT NULL,
  `idsubproducto` int DEFAULT NULL,
  `idunidadmedidabase` int NOT NULL,
  `idunidadmedidadestino` int NOT NULL,
  `nombreunidadbase` varchar(22) CHARACTER SET utf8mb3 COLLATE utf8mb3_spanish_ci DEFAULT NULL,
  `nombreunidaddestino` varchar(22) CHARACTER SET utf8mb3 COLLATE utf8mb3_spanish_ci DEFAULT NULL,
  `factorconversion` decimal(11,3) NOT NULL,
  PRIMARY KEY (`id`),
  KEY `idsubproducto_idx` (`idsubproducto`),
  KEY `idunidadmedidabase_idx` (`idunidadmedidabase`),
  KEY `idunidadmedidadestino_idx` (`idunidadmedidadestino`),
  KEY `idproducto_idx` (`idproducto`),
  CONSTRAINT `idsubproducto` FOREIGN KEY (`idsubproducto`) REFERENCES `subproductos` (`id`) ON DELETE CASCADE ON UPDATE CASCADE,
  CONSTRAINT `idunidadmedidabase` FOREIGN KEY (`idunidadmedidabase`) REFERENCES `unidadesmedida` (`id`) ON DELETE CASCADE ON UPDATE CASCADE,
  CONSTRAINT `idunidadmedidadestino` FOREIGN KEY (`idunidadmedidadestino`) REFERENCES `unidadesmedida` (`id`) ON DELETE CASCADE ON UPDATE CASCADE,
  CONSTRAINT `producto_id` FOREIGN KEY (`idproducto`) REFERENCES `productos` (`id`) ON DELETE CASCADE ON UPDATE CASCADE
) ENGINE=InnoDB AUTO_INCREMENT=122 DEFAULT CHARSET=utf8mb3 COLLATE=utf8mb3_unicode_ci;
/*!40101 SET character_set_client = @saved_cs_client */;

--
-- Dumping data for table `conversionunidades`
--

LOCK TABLES `conversionunidades` WRITE;
/*!40000 ALTER TABLE `conversionunidades` DISABLE KEYS */;
INSERT INTO `conversionunidades` VALUES (13,NULL,4,7,7,'metros','metros',1.000),(14,NULL,4,7,5,'metros','milimetros',0.001),(15,NULL,4,7,6,'metros','centimetros',0.010),(19,NULL,7,7,7,'metros','metros',1.000),(20,NULL,7,7,5,'metros','milimetros',0.001),(21,NULL,7,7,6,'metros','centimetros',0.010),(22,NULL,8,1,1,'unidad','unidad',1.000),(23,NULL,9,8,8,'mililitros','mililitros',1.000),(24,NULL,9,8,9,'mililitros','litros',1000.000),(25,15,NULL,3,3,'libras','libras',1.000),(26,15,NULL,3,2,'libras','gramos',0.002),(27,15,NULL,3,4,'libras','kilogramos',2.204),(28,22,NULL,1,1,'unidad','unidad',1.000),(29,2,NULL,1,1,'unidad','unidad',1.000),(30,3,NULL,1,1,'unidad','unidad',1.000),(31,17,NULL,1,1,'unidad','unidad',1.000),(32,4,NULL,1,1,'unidad','unidad',1.000),(36,NULL,1,4,4,'kilogramos','kilogramos',1.000),(37,NULL,1,4,2,'kilogramos','gramos',0.001),(38,NULL,1,4,3,'kilogramos','libras',0.453),(42,NULL,3,4,4,'kilogramos','kilogramos',1.000),(43,NULL,3,4,2,'kilogramos','gramos',0.001),(44,NULL,3,4,3,'kilogramos','libras',0.453),(45,13,NULL,3,3,'libras','libras',1.000),(46,13,NULL,3,2,'libras','gramos',0.002),(47,13,NULL,3,4,'libras','kilogramos',2.204),(59,6,NULL,1,1,'unidad','unidad',1.000),(62,NULL,2,1,1,'unidad','unidad',1.000),(63,8,NULL,1,1,'unidad','unidad',1.000),(67,5,NULL,1,1,'unidad','unidad',1.000),(71,7,NULL,1,1,'unidad','unidad',1.000),(75,9,NULL,1,1,'unidad','unidad',1.000),(79,10,NULL,1,1,'unidad','unidad',1.000),(83,11,NULL,1,1,'unidad','unidad',1.000),(87,16,NULL,1,1,'unidad','unidad',1.000),(91,14,NULL,1,1,'unidad','unidad',1.000),(95,12,NULL,1,1,'unidad','unidad',1.000),(99,26,NULL,5,5,'milimetros','milimetros',1.000),(100,26,NULL,5,6,'milimetros','centimetros',10.000),(101,26,NULL,5,7,'milimetros','metros',1000.000),(105,25,NULL,1,1,'unidad','unidad',1.000),(109,24,NULL,1,1,'unidad','unidad',1.000),(113,23,NULL,1,1,'unidad','unidad',1.000),(117,21,NULL,1,1,'unidad','unidad',1.000),(121,18,NULL,1,1,'unidad','unidad',1.000);
/*!40000 ALTER TABLE `conversionunidades` ENABLE KEYS */;
UNLOCK TABLES;

--
-- Table structure for table `creditos`
--

DROP TABLE IF EXISTS `creditos`;
/*!40101 SET @saved_cs_client     = @@character_set_client */;
/*!50503 SET character_set_client = utf8mb4 */;
CREATE TABLE `creditos` (
  `id` int NOT NULL AUTO_INCREMENT,
  `id_fksucursal` int NOT NULL,
  `factura_id` int NOT NULL,
  `cliente_id` int NOT NULL,
  `nombrecliente` varchar(70) CHARACTER SET utf8mb3 COLLATE utf8mb3_spanish_ci NOT NULL,
  `montototal` decimal(12,2) NOT NULL,
  `saldopendiente` decimal(12,2) NOT NULL DEFAULT '0.00',
  `cantidadcuotas` int NOT NULL DEFAULT '0',
  `montocuota` decimal(12,2) NOT NULL DEFAULT '0.00',
  `frecuenciapago` varchar(45) CHARACTER SET utf8mb3 COLLATE utf8mb3_spanish_ci DEFAULT NULL,
  `fechainicio` date DEFAULT NULL,
  `tasainteres` decimal(6,2) DEFAULT '0.00',
  `estado` tinyint(1) DEFAULT '1',
  `created_at` timestamp NULL DEFAULT CURRENT_TIMESTAMP,
  PRIMARY KEY (`id`),
  KEY `idsucursalfk_idx` (`id_fksucursal`),
  KEY `cliente_id_idx` (`cliente_id`),
  KEY `factura_id_idx` (`factura_id`),
  CONSTRAINT `cliente_id` FOREIGN KEY (`cliente_id`) REFERENCES `clientes` (`id`) ON DELETE CASCADE ON UPDATE CASCADE,
  CONSTRAINT `factura_id` FOREIGN KEY (`factura_id`) REFERENCES `facturas` (`id`) ON DELETE CASCADE ON UPDATE CASCADE,
  CONSTRAINT `id_fksucursal` FOREIGN KEY (`id_fksucursal`) REFERENCES `sucursales` (`id`) ON DELETE CASCADE ON UPDATE CASCADE
) ENGINE=InnoDB DEFAULT CHARSET=utf8mb3 COLLATE=utf8mb3_unicode_ci;
/*!40101 SET character_set_client = @saved_cs_client */;

--
-- Dumping data for table `creditos`
--

LOCK TABLES `creditos` WRITE;
/*!40000 ALTER TABLE `creditos` DISABLE KEYS */;
/*!40000 ALTER TABLE `creditos` ENABLE KEYS */;
UNLOCK TABLES;

--
-- Table structure for table `creditos_compras`
--

DROP TABLE IF EXISTS `creditos_compras`;
/*!40101 SET @saved_cs_client     = @@character_set_client */;
/*!50503 SET character_set_client = utf8mb4 */;
CREATE TABLE `creditos_compras` (
  `id` int NOT NULL AUTO_INCREMENT,
  `id_sucursal_fk` int NOT NULL,
  `compra_id` int NOT NULL,
  `id_proveedor` int DEFAULT NULL,
  `nombreproveedor` varchar(45) CHARACTER SET utf8mb3 COLLATE utf8mb3_spanish_ci NOT NULL,
  `montototal` decimal(12,2) NOT NULL,
  `saldopendiente` decimal(12,2) NOT NULL DEFAULT '0.00',
  `cantidadcuotas` int NOT NULL DEFAULT '0',
  `montocuota` decimal(12,2) NOT NULL DEFAULT '0.00',
  `frecuenciapago` varchar(45) CHARACTER SET utf8mb3 COLLATE utf8mb3_spanish_ci DEFAULT NULL,
  `fechainicio` date DEFAULT NULL,
  `tasainteres` decimal(6,2) DEFAULT '0.00',
  `estado` tinyint(1) DEFAULT '1',
  `created_at` timestamp NULL DEFAULT CURRENT_TIMESTAMP,
  PRIMARY KEY (`id`),
  KEY `id_sucursal_fk_idx` (`id_sucursal_fk`),
  KEY `compra_id_idx` (`compra_id`),
  KEY `id_proveedor_idx` (`id_proveedor`),
  CONSTRAINT `compra_id` FOREIGN KEY (`compra_id`) REFERENCES `compras` (`id`) ON DELETE CASCADE ON UPDATE CASCADE,
  CONSTRAINT `id_proveedor` FOREIGN KEY (`id_proveedor`) REFERENCES `proveedores` (`id`) ON DELETE SET NULL ON UPDATE CASCADE,
  CONSTRAINT `id_sucursal_fk` FOREIGN KEY (`id_sucursal_fk`) REFERENCES `sucursales` (`id`) ON DELETE CASCADE ON UPDATE CASCADE
) ENGINE=InnoDB DEFAULT CHARSET=utf8mb3 COLLATE=utf8mb3_unicode_ci;
/*!40101 SET character_set_client = @saved_cs_client */;

--
-- Dumping data for table `creditos_compras`
--

LOCK TABLES `creditos_compras` WRITE;
/*!40000 ALTER TABLE `creditos_compras` DISABLE KEYS */;
/*!40000 ALTER TABLE `creditos_compras` ENABLE KEYS */;
UNLOCK TABLES;

--
-- Table structure for table `cuotas`
--

DROP TABLE IF EXISTS `cuotas`;
/*!40101 SET @saved_cs_client     = @@character_set_client */;
/*!50503 SET character_set_client = utf8mb4 */;
CREATE TABLE `cuotas` (
  `id` int NOT NULL AUTO_INCREMENT,
  `id_credito` int NOT NULL,
  `numerocuota` int NOT NULL,
  `montocuota` decimal(12,2) NOT NULL,
  `fechavencimiento` date DEFAULT NULL,
  `fechapagado` datetime DEFAULT NULL,
  `cuotascreditos` varchar(45) CHARACTER SET utf8mb3 COLLATE utf8mb3_spanish_ci DEFAULT NULL,
  `estado` tinyint(1) NOT NULL,
  `created_at` timestamp NULL DEFAULT CURRENT_TIMESTAMP,
  PRIMARY KEY (`id`),
  KEY `id_credito_idx` (`id_credito`),
  CONSTRAINT `id_credito` FOREIGN KEY (`id_credito`) REFERENCES `creditos` (`id`) ON DELETE CASCADE ON UPDATE CASCADE
) ENGINE=InnoDB DEFAULT CHARSET=utf8mb3 COLLATE=utf8mb3_unicode_ci;
/*!40101 SET character_set_client = @saved_cs_client */;

--
-- Dumping data for table `cuotas`
--

LOCK TABLES `cuotas` WRITE;
/*!40000 ALTER TABLE `cuotas` DISABLE KEYS */;
/*!40000 ALTER TABLE `cuotas` ENABLE KEYS */;
UNLOCK TABLES;

--
-- Table structure for table `cuotas_compras`
--

DROP TABLE IF EXISTS `cuotas_compras`;
/*!40101 SET @saved_cs_client     = @@character_set_client */;
/*!50503 SET character_set_client = utf8mb4 */;
CREATE TABLE `cuotas_compras` (
  `id` int NOT NULL AUTO_INCREMENT,
  `id_creditocompra` int NOT NULL,
  `numerocuota` int NOT NULL,
  `montocuota` decimal(12,2) NOT NULL,
  `fechavencimiento` date DEFAULT NULL,
  `fechapagado` datetime DEFAULT NULL,
  `estado` tinyint(1) NOT NULL,
  `cuotas_compras` varchar(45) CHARACTER SET utf8mb3 COLLATE utf8mb3_spanish_ci DEFAULT NULL,
  `created_at` timestamp NULL DEFAULT CURRENT_TIMESTAMP,
  PRIMARY KEY (`id`),
  KEY `id_creditocompra_idx` (`id_creditocompra`),
  CONSTRAINT `id_creditocompra` FOREIGN KEY (`id_creditocompra`) REFERENCES `creditos_compras` (`id`) ON DELETE CASCADE ON UPDATE CASCADE
) ENGINE=InnoDB DEFAULT CHARSET=utf8mb3 COLLATE=utf8mb3_unicode_ci;
/*!40101 SET character_set_client = @saved_cs_client */;

--
-- Dumping data for table `cuotas_compras`
--

LOCK TABLES `cuotas_compras` WRITE;
/*!40000 ALTER TABLE `cuotas_compras` DISABLE KEYS */;
/*!40000 ALTER TABLE `cuotas_compras` ENABLE KEYS */;
UNLOCK TABLES;

--
-- Table structure for table `declaracionesdineros`
--

DROP TABLE IF EXISTS `declaracionesdineros`;
/*!40101 SET @saved_cs_client     = @@character_set_client */;
/*!50503 SET character_set_client = utf8mb4 */;
CREATE TABLE `declaracionesdineros` (
  `id` int NOT NULL AUTO_INCREMENT,
  `id_mediopago` int NOT NULL,
  `idcierrecajaid` int NOT NULL,
  `nombremediopago` varchar(33) CHARACTER SET utf8mb3 COLLATE utf8mb3_general_ci DEFAULT NULL,
  `valordeclarado` varchar(11) CHARACTER SET utf8mb3 COLLATE utf8mb3_spanish_ci NOT NULL,
  `valorsistema` varchar(11) CHARACTER SET utf8mb3 COLLATE utf8mb3_spanish_ci DEFAULT NULL,
  PRIMARY KEY (`id`),
  KEY `idmediopago_idx` (`id_mediopago`),
  KEY `idcierrecajaid_idx` (`idcierrecajaid`),
  CONSTRAINT `id_mediopago` FOREIGN KEY (`id_mediopago`) REFERENCES `mediospago` (`id`) ON UPDATE CASCADE,
  CONSTRAINT `idcierrecajaid` FOREIGN KEY (`idcierrecajaid`) REFERENCES `cierrescajas` (`id`) ON UPDATE CASCADE
) ENGINE=InnoDB DEFAULT CHARSET=utf8mb3 COLLATE=utf8mb3_unicode_ci;
/*!40101 SET character_set_client = @saved_cs_client */;

--
-- Dumping data for table `declaracionesdineros`
--

LOCK TABLES `declaracionesdineros` WRITE;
/*!40000 ALTER TABLE `declaracionesdineros` DISABLE KEYS */;
/*!40000 ALTER TABLE `declaracionesdineros` ENABLE KEYS */;
UNLOCK TABLES;

--
-- Table structure for table `detallecompra`
--

DROP TABLE IF EXISTS `detallecompra`;
/*!40101 SET @saved_cs_client     = @@character_set_client */;
/*!50503 SET character_set_client = utf8mb4 */;
CREATE TABLE `detallecompra` (
  `id` int NOT NULL AUTO_INCREMENT,
  `idcompra` int NOT NULL,
  `iditem` int NOT NULL,
  `idpx` int DEFAULT NULL,
  `idsx` int DEFAULT NULL,
  `tipo` int NOT NULL,
  `nombreitem` varchar(55) CHARACTER SET utf8mb3 COLLATE utf8mb3_spanish_ci DEFAULT NULL,
  `unidad` varchar(45) CHARACTER SET utf8mb3 COLLATE utf8mb3_spanish_ci DEFAULT NULL,
  `cantidad` int NOT NULL,
  `factor` decimal(7,3) DEFAULT NULL,
  `impuesto` int DEFAULT NULL,
  `valorunidad` decimal(10,2) NOT NULL,
  `subtotal` decimal(11,2) DEFAULT NULL,
  `valorcompra` decimal(11,2) NOT NULL,
  PRIMARY KEY (`id`),
  KEY `idcompra_idx` (`idcompra`),
  KEY `idpx_idx` (`idpx`),
  KEY `idsx_idx` (`idsx`),
  CONSTRAINT `idcompra` FOREIGN KEY (`idcompra`) REFERENCES `compras` (`id`) ON DELETE CASCADE ON UPDATE CASCADE,
  CONSTRAINT `idpx` FOREIGN KEY (`idpx`) REFERENCES `productos` (`id`) ON DELETE SET NULL ON UPDATE CASCADE,
  CONSTRAINT `idsx` FOREIGN KEY (`idsx`) REFERENCES `subproductos` (`id`) ON DELETE SET NULL ON UPDATE CASCADE
) ENGINE=InnoDB DEFAULT CHARSET=utf8mb3 COLLATE=utf8mb3_unicode_ci;
/*!40101 SET character_set_client = @saved_cs_client */;

--
-- Dumping data for table `detallecompra`
--

LOCK TABLES `detallecompra` WRITE;
/*!40000 ALTER TABLE `detallecompra` DISABLE KEYS */;
/*!40000 ALTER TABLE `detallecompra` ENABLE KEYS */;
UNLOCK TABLES;

--
-- Table structure for table `direcciones`
--

DROP TABLE IF EXISTS `direcciones`;
/*!40101 SET @saved_cs_client     = @@character_set_client */;
/*!50503 SET character_set_client = utf8mb4 */;
CREATE TABLE `direcciones` (
  `id` int NOT NULL AUTO_INCREMENT,
  `idcliente` int NOT NULL,
  `idtarifa` int DEFAULT NULL,
  `iddepartamento` int DEFAULT NULL,
  `idciudad` int DEFAULT NULL,
  `pais` varchar(35) CHARACTER SET utf8mb3 COLLATE utf8mb3_general_ci DEFAULT NULL,
  `departamento` varchar(35) CHARACTER SET utf8mb3 COLLATE utf8mb3_general_ci NOT NULL,
  `ciudad` varchar(35) CHARACTER SET utf8mb3 COLLATE utf8mb3_spanish_ci NOT NULL,
  `direccion` varchar(77) COLLATE utf8mb3_spanish_ci NOT NULL,
  `codigopostal` varchar(12) COLLATE utf8mb3_spanish_ci DEFAULT NULL,
  `observacion` varchar(99) COLLATE utf8mb3_spanish_ci DEFAULT NULL,
  PRIMARY KEY (`id`),
  KEY `idcliente_idx` (`idcliente`),
  KEY `idtarifa_idx` (`idtarifa`),
  CONSTRAINT `id_cliente` FOREIGN KEY (`idcliente`) REFERENCES `clientes` (`id`) ON DELETE CASCADE ON UPDATE CASCADE,
  CONSTRAINT `idtarifa` FOREIGN KEY (`idtarifa`) REFERENCES `tarifas` (`id`) ON DELETE SET NULL ON UPDATE SET NULL
) ENGINE=InnoDB AUTO_INCREMENT=10 DEFAULT CHARSET=utf8mb3 COLLATE=utf8mb3_spanish_ci;
/*!40101 SET character_set_client = @saved_cs_client */;

--
-- Dumping data for table `direcciones`
--

LOCK TABLES `direcciones` WRITE;
/*!40000 ALTER TABLE `direcciones` DISABLE KEYS */;
INSERT INTO `direcciones` VALUES (1,1,1,1,1,NULL,'Quindio','Armenia','Almacen',NULL,NULL),(2,24,2,1,1,NULL,'Quindio','Armenia','Cr 15 #15-51',NULL,NULL),(3,17,2,1,1,NULL,'Quindio','Armenia','Av centenario #35-41',NULL,NULL),(4,18,2,1,1,NULL,'Quindio','Armenia','Barrio la castilla Mz F casa 14',NULL,NULL),(5,17,2,1,1,NULL,'Quindio','Calarca','Barrio Simon bolivar mz C casa 3',NULL,NULL),(6,6,2,1,1,NULL,'Quindio','Armenia','Barrio el placer Mz J casa 3',NULL,NULL),(7,1,2,1,1,NULL,'Quindio','Calarca','Av colon 25-50',NULL,NULL),(8,13,1,1,1,NULL,'Quindio','Armenia','cl 45  5| 10',NULL,NULL),(9,26,1,1,1,NULL,'Cundinamarca','Bogota','avenida 35 calle 85',NULL,NULL);
/*!40000 ALTER TABLE `direcciones` ENABLE KEYS */;
UNLOCK TABLES;

--
-- Table structure for table `fabricantes_marcas`
--

DROP TABLE IF EXISTS `fabricantes_marcas`;
/*!40101 SET @saved_cs_client     = @@character_set_client */;
/*!50503 SET character_set_client = utf8mb4 */;
CREATE TABLE `fabricantes_marcas` (
  `id` int NOT NULL AUTO_INCREMENT,
  `nombre` varchar(55) CHARACTER SET utf8mb3 COLLATE utf8mb3_general_ci NOT NULL,
  `telefono` varchar(15) CHARACTER SET utf8mb3 COLLATE utf8mb3_general_ci DEFAULT NULL,
  `email` varchar(55) CHARACTER SET utf8mb3 COLLATE utf8mb3_general_ci DEFAULT NULL,
  `direccion` varchar(77) CHARACTER SET utf8mb3 COLLATE utf8mb3_general_ci DEFAULT NULL,
  `pais` varchar(35) CHARACTER SET utf8mb3 COLLATE utf8mb3_general_ci DEFAULT NULL,
  `ciudad` varchar(35) CHARACTER SET utf8mb3 COLLATE utf8mb3_general_ci DEFAULT NULL,
  PRIMARY KEY (`id`)
) ENGINE=InnoDB DEFAULT CHARSET=utf8mb3 COLLATE=utf8mb3_unicode_ci;
/*!40101 SET character_set_client = @saved_cs_client */;

--
-- Dumping data for table `fabricantes_marcas`
--

LOCK TABLES `fabricantes_marcas` WRITE;
/*!40000 ALTER TABLE `fabricantes_marcas` DISABLE KEYS */;
/*!40000 ALTER TABLE `fabricantes_marcas` ENABLE KEYS */;
UNLOCK TABLES;

--
-- Table structure for table `factimpuestos`
--

DROP TABLE IF EXISTS `factimpuestos`;
/*!40101 SET @saved_cs_client     = @@character_set_client */;
/*!50503 SET character_set_client = utf8mb4 */;
CREATE TABLE `factimpuestos` (
  `id` int NOT NULL AUTO_INCREMENT,
  `id_impuesto` int NOT NULL,
  `facturaid` int NOT NULL,
  `basegravable` decimal(12,2) NOT NULL,
  `valorimpuesto` decimal(12,2) NOT NULL,
  PRIMARY KEY (`id`),
  KEY `id_impuesto_idx` (`id_impuesto`),
  KEY `facturaid_idx` (`facturaid`),
  CONSTRAINT `facturaid` FOREIGN KEY (`facturaid`) REFERENCES `facturas` (`id`) ON DELETE CASCADE ON UPDATE CASCADE,
  CONSTRAINT `id_impuesto` FOREIGN KEY (`id_impuesto`) REFERENCES `impuestos` (`id`) ON UPDATE CASCADE
) ENGINE=InnoDB AUTO_INCREMENT=2 DEFAULT CHARSET=utf8mb3 COLLATE=utf8mb3_unicode_ci;
/*!40101 SET character_set_client = @saved_cs_client */;

--
-- Dumping data for table `factimpuestos`
--

LOCK TABLES `factimpuestos` WRITE;
/*!40000 ALTER TABLE `factimpuestos` DISABLE KEYS */;
INSERT INTO `factimpuestos` VALUES (1,5,1,427800.00,0.00);
/*!40000 ALTER TABLE `factimpuestos` ENABLE KEYS */;
UNLOCK TABLES;

--
-- Table structure for table `factmediospago`
--

DROP TABLE IF EXISTS `factmediospago`;
/*!40101 SET @saved_cs_client     = @@character_set_client */;
/*!50503 SET character_set_client = utf8mb4 */;
CREATE TABLE `factmediospago` (
  `id` int NOT NULL AUTO_INCREMENT,
  `id_factura` int NOT NULL,
  `idmediopago` int NOT NULL,
  `valor` varchar(10) CHARACTER SET utf8mb3 COLLATE utf8mb3_spanish_ci NOT NULL,
  PRIMARY KEY (`id`),
  KEY `idmediopago_idx` (`idmediopago`),
  KEY `id_factura_idx` (`id_factura`),
  CONSTRAINT `id_factura` FOREIGN KEY (`id_factura`) REFERENCES `facturas` (`id`) ON DELETE CASCADE ON UPDATE CASCADE,
  CONSTRAINT `idmediopago` FOREIGN KEY (`idmediopago`) REFERENCES `mediospago` (`id`)
) ENGINE=InnoDB AUTO_INCREMENT=2 DEFAULT CHARSET=utf8mb3 COLLATE=utf8mb3_unicode_ci;
/*!40101 SET character_set_client = @saved_cs_client */;

--
-- Dumping data for table `factmediospago`
--

LOCK TABLES `factmediospago` WRITE;
/*!40000 ALTER TABLE `factmediospago` DISABLE KEYS */;
INSERT INTO `factmediospago` VALUES (1,1,1,'427800');
/*!40000 ALTER TABLE `factmediospago` ENABLE KEYS */;
UNLOCK TABLES;

--
-- Table structure for table `facturas`
--

DROP TABLE IF EXISTS `facturas`;
/*!40101 SET @saved_cs_client     = @@character_set_client */;
/*!50503 SET character_set_client = utf8mb4 */;
CREATE TABLE `facturas` (
  `id` int NOT NULL AUTO_INCREMENT,
  `id_sucursal` int DEFAULT NULL,
  `idcliente` int DEFAULT NULL,
  `idvendedor` int DEFAULT NULL,
  `idcaja` int DEFAULT NULL,
  `idconsecutivo` int DEFAULT NULL,
  `iddireccion` int DEFAULT NULL,
  `idtarifazona` int DEFAULT NULL,
  `idcierrecaja` int DEFAULT NULL,
  `num_orden` int DEFAULT NULL,
  `num_consecutivo` int DEFAULT NULL,
  `cliente` varchar(55) CHARACTER SET utf8mb3 COLLATE utf8mb3_spanish_ci DEFAULT NULL,
  `vendedor` varchar(55) COLLATE utf8mb3_unicode_ci DEFAULT NULL,
  `caja` varchar(33) CHARACTER SET utf8mb3 COLLATE utf8mb3_spanish_ci DEFAULT NULL,
  `tipofacturador` varchar(33) COLLATE utf8mb3_unicode_ci DEFAULT NULL,
  `propina` decimal(11,2) DEFAULT NULL,
  `direccion` varchar(77) COLLATE utf8mb3_unicode_ci DEFAULT NULL,
  `tarifazona` varchar(55) COLLATE utf8mb3_unicode_ci DEFAULT NULL,
  `totalunidades` int DEFAULT NULL,
  `recibido` decimal(12,2) DEFAULT NULL,
  `cambio` decimal(12,2) DEFAULT NULL,
  `transaccion` varchar(25) COLLATE utf8mb3_unicode_ci DEFAULT NULL,
  `tipoventa` varchar(33) COLLATE utf8mb3_unicode_ci DEFAULT NULL,
  `cotizacion` tinyint(1) DEFAULT NULL,
  `estado` varchar(11) COLLATE utf8mb3_unicode_ci DEFAULT NULL,
  `cambioaventa` tinyint(1) DEFAULT NULL,
  `referencia` varchar(22) COLLATE utf8mb3_unicode_ci DEFAULT NULL,
  `subtotal` varchar(14) COLLATE utf8mb3_unicode_ci DEFAULT NULL,
  `base` decimal(13,3) DEFAULT NULL,
  `valorimpuestototal` decimal(12,3) DEFAULT NULL,
  `dctox100` int DEFAULT NULL,
  `descuento` varchar(10) CHARACTER SET utf8mb3 COLLATE utf8mb3_spanish_ci DEFAULT NULL,
  `total` varchar(15) CHARACTER SET utf8mb3 COLLATE utf8mb3_spanish_ci DEFAULT NULL,
  `observacion` varchar(255) CHARACTER SET utf8mb3 COLLATE utf8mb3_spanish_ci DEFAULT NULL,
  `departamento` varchar(22) COLLATE utf8mb3_unicode_ci DEFAULT NULL,
  `ciudad` varchar(22) COLLATE utf8mb3_unicode_ci DEFAULT NULL,
  `entrega` varchar(11) COLLATE utf8mb3_unicode_ci DEFAULT NULL,
  `valortarifa` varchar(9) CHARACTER SET utf8mb3 COLLATE utf8mb3_unicode_ci DEFAULT NULL,
  `fechacreacion` datetime DEFAULT NULL,
  `fechapago` datetime DEFAULT NULL,
  `opc1` varchar(45) COLLATE utf8mb3_unicode_ci DEFAULT NULL,
  `opc2` varchar(45) COLLATE utf8mb3_unicode_ci DEFAULT NULL,
  PRIMARY KEY (`id`),
  UNIQUE KEY `unique_num_orden` (`id_sucursal`,`num_orden`),
  KEY `idcierrecaja_idx` (`idcierrecaja`),
  KEY `idcliente_idx` (`idcliente`),
  KEY `iddireccion_idx` (`iddireccion`),
  KEY `idvendedor_idx` (`idvendedor`),
  KEY `idconsecutivo_idx` (`idconsecutivo`),
  CONSTRAINT `id_consecutivo` FOREIGN KEY (`idconsecutivo`) REFERENCES `consecutivos` (`id`) ON UPDATE CASCADE,
  CONSTRAINT `id_sucursalx` FOREIGN KEY (`id_sucursal`) REFERENCES `sucursales` (`id`) ON UPDATE CASCADE,
  CONSTRAINT `idcierrecajax` FOREIGN KEY (`idcierrecaja`) REFERENCES `cierrescajas` (`id`) ON UPDATE CASCADE,
  CONSTRAINT `idclientex` FOREIGN KEY (`idcliente`) REFERENCES `clientes` (`id`) ON DELETE SET NULL ON UPDATE CASCADE,
  CONSTRAINT `iddireccionx` FOREIGN KEY (`iddireccion`) REFERENCES `direcciones` (`id`) ON DELETE SET NULL ON UPDATE CASCADE,
  CONSTRAINT `idvendedorx` FOREIGN KEY (`idvendedor`) REFERENCES `usuarios` (`id`) ON DELETE SET NULL ON UPDATE CASCADE
) ENGINE=InnoDB AUTO_INCREMENT=2 DEFAULT CHARSET=utf8mb3 COLLATE=utf8mb3_unicode_ci;
/*!40101 SET character_set_client = @saved_cs_client */;

--
-- Dumping data for table `facturas`
--

LOCK TABLES `facturas` WRITE;
/*!40000 ALTER TABLE `facturas` DISABLE KEYS */;
INSERT INTO `facturas` VALUES (1,1,1,1,1,1,1,0,1,1,NULL,'N/A','Julian Rodriguez','Caja principal','Facturacion POS',NULL,'-Seleccionar-',NULL,2,NULL,NULL,NULL,'Contado',0,'Paga',0,NULL,'427800',427800.000,0.000,0,'0','427800',NULL,NULL,NULL,'Presencial','0','2025-09-22 02:08:52','2025-09-22 02:08:52',NULL,NULL);
/*!40000 ALTER TABLE `facturas` ENABLE KEYS */;
UNLOCK TABLES;

--
-- Table structure for table `facturaselim`
--

DROP TABLE IF EXISTS `facturaselim`;
/*!40101 SET @saved_cs_client     = @@character_set_client */;
/*!50503 SET character_set_client = utf8mb4 */;
CREATE TABLE `facturaselim` (
  `id` int NOT NULL AUTO_INCREMENT,
  `id_sucursal` int DEFAULT NULL,
  `idcliente` int DEFAULT NULL,
  `idvendedor` int DEFAULT NULL,
  `idcaja` int DEFAULT NULL,
  `idconsecutivo` int DEFAULT NULL,
  `iddireccion` int DEFAULT NULL,
  `idtarifazona` int DEFAULT NULL,
  `idcierrecaja` int DEFAULT NULL,
  `num_orden` int DEFAULT NULL,
  `cliente` varchar(55) CHARACTER SET utf8mb3 COLLATE utf8mb3_general_ci DEFAULT NULL,
  `vendedor` varchar(55) CHARACTER SET utf8mb3 COLLATE utf8mb3_general_ci DEFAULT NULL,
  `caja` varchar(33) COLLATE utf8mb3_unicode_ci DEFAULT NULL,
  `tipofacturador` varchar(33) COLLATE utf8mb3_unicode_ci DEFAULT NULL,
  `direccion` varchar(77) CHARACTER SET utf8mb3 COLLATE utf8mb3_general_ci DEFAULT NULL,
  `tarifazona` varchar(55) COLLATE utf8mb3_unicode_ci DEFAULT NULL,
  `totalunidades` int DEFAULT NULL,
  `recibido` varchar(15) CHARACTER SET utf8mb3 COLLATE utf8mb3_unicode_ci DEFAULT NULL,
  `transaccion` varchar(25) CHARACTER SET utf8mb3 COLLATE utf8mb3_unicode_ci DEFAULT NULL,
  `tipoventa` varchar(33) COLLATE utf8mb3_unicode_ci DEFAULT NULL,
  `cotizacion` tinyint(1) DEFAULT NULL,
  `estado` varchar(11) COLLATE utf8mb3_unicode_ci DEFAULT NULL,
  `cambioaventa` tinyint(1) DEFAULT NULL,
  `referencia` varchar(22) CHARACTER SET utf8mb3 COLLATE utf8mb3_spanish_ci DEFAULT NULL,
  `subtotal` varchar(14) CHARACTER SET utf8mb3 COLLATE utf8mb3_spanish_ci DEFAULT NULL,
  `base` decimal(13,3) DEFAULT NULL,
  `valorimpuestototal` decimal(12,3) DEFAULT NULL,
  `dctox100` int DEFAULT NULL,
  `descuento` varchar(10) COLLATE utf8mb3_unicode_ci DEFAULT NULL,
  `total` varchar(15) CHARACTER SET utf8mb3 COLLATE utf8mb3_spanish_ci DEFAULT NULL,
  `observacion` varchar(255) CHARACTER SET utf8mb3 COLLATE utf8mb3_general_ci DEFAULT NULL,
  `departamento` varchar(22) COLLATE utf8mb3_unicode_ci DEFAULT NULL,
  `ciudad` varchar(22) COLLATE utf8mb3_unicode_ci DEFAULT NULL,
  `entrega` varchar(11) CHARACTER SET utf8mb3 COLLATE utf8mb3_unicode_ci DEFAULT NULL,
  `valortarifa` varchar(9) COLLATE utf8mb3_unicode_ci DEFAULT NULL,
  `fechacreacion` datetime DEFAULT NULL,
  `fechapago` datetime DEFAULT NULL,
  `opc1` varchar(45) CHARACTER SET utf8mb3 COLLATE utf8mb3_unicode_ci DEFAULT NULL,
  `opc2` varchar(45) CHARACTER SET utf8mb3 COLLATE utf8mb3_unicode_ci DEFAULT NULL,
  PRIMARY KEY (`id`),
  UNIQUE KEY `unique_num_orden` (`id_sucursal`,`num_orden`) /*!80000 INVISIBLE */,
  KEY `idcliente_idx` (`idcliente`),
  KEY `idvendedor_idx` (`idvendedor`),
  KEY `iddireccion_idx` (`iddireccion`),
  KEY `idcierrecaja_idx` (`idcierrecaja`),
  KEY `idsucursal_idx` (`id_sucursal`),
  CONSTRAINT `id_sucursal` FOREIGN KEY (`id_sucursal`) REFERENCES `sucursales` (`id`) ON UPDATE CASCADE,
  CONSTRAINT `idcierrecaja` FOREIGN KEY (`idcierrecaja`) REFERENCES `cierrescajas` (`id`) ON UPDATE CASCADE,
  CONSTRAINT `idcliente` FOREIGN KEY (`idcliente`) REFERENCES `clientes` (`id`) ON DELETE SET NULL ON UPDATE CASCADE,
  CONSTRAINT `iddireccion` FOREIGN KEY (`iddireccion`) REFERENCES `direcciones` (`id`) ON DELETE SET NULL ON UPDATE CASCADE,
  CONSTRAINT `idvendedor` FOREIGN KEY (`idvendedor`) REFERENCES `usuarios` (`id`) ON DELETE SET NULL ON UPDATE CASCADE
) ENGINE=InnoDB DEFAULT CHARSET=utf8mb3 COLLATE=utf8mb3_unicode_ci;
/*!40101 SET character_set_client = @saved_cs_client */;

--
-- Dumping data for table `facturaselim`
--

LOCK TABLES `facturaselim` WRITE;
/*!40000 ALTER TABLE `facturaselim` DISABLE KEYS */;
/*!40000 ALTER TABLE `facturaselim` ENABLE KEYS */;
UNLOCK TABLES;

--
-- Table structure for table `gastos`
--

DROP TABLE IF EXISTS `gastos`;
/*!40101 SET @saved_cs_client     = @@character_set_client */;
/*!50503 SET character_set_client = utf8mb4 */;
CREATE TABLE `gastos` (
  `id` int NOT NULL AUTO_INCREMENT,
  `id_sucursalfk` int DEFAULT NULL,
  `idg_usuario` int DEFAULT NULL,
  `id_compra` int DEFAULT NULL,
  `id_banco` int DEFAULT NULL,
  `idg_caja` int DEFAULT NULL,
  `idg_cierrecaja` int NOT NULL,
  `idcategoriagastos` int NOT NULL,
  `tipo_origen` tinyint(1) NOT NULL DEFAULT '0',
  `operacion` varchar(22) CHARACTER SET utf8mb3 COLLATE utf8mb3_spanish_ci DEFAULT NULL,
  `valor` decimal(12,2) NOT NULL,
  `descripcion` varchar(255) CHARACTER SET utf8mb3 COLLATE utf8mb3_spanish_ci DEFAULT NULL,
  `fecha` datetime DEFAULT NULL,
  PRIMARY KEY (`id`),
  KEY `idg_usuario_idx` (`idg_usuario`),
  KEY `id_compra_idx` (`id_compra`),
  KEY `idg_caja_idx` (`idg_caja`),
  KEY `idg_cierrecaja_idx` (`idg_cierrecaja`),
  KEY `idcategoriagastos_idx` (`idcategoriagastos`),
  KEY `id_banco_idx` (`id_banco`),
  KEY `id_sucursalfk_idx` (`id_sucursalfk`),
  CONSTRAINT `id_banco` FOREIGN KEY (`id_banco`) REFERENCES `bancos` (`id`) ON DELETE SET NULL ON UPDATE CASCADE,
  CONSTRAINT `id_compra` FOREIGN KEY (`id_compra`) REFERENCES `compras` (`id`) ON DELETE SET NULL ON UPDATE CASCADE,
  CONSTRAINT `id_sucursalfk` FOREIGN KEY (`id_sucursalfk`) REFERENCES `sucursales` (`id`) ON UPDATE CASCADE,
  CONSTRAINT `idcategoriagastos` FOREIGN KEY (`idcategoriagastos`) REFERENCES `categoriagastos` (`id`) ON UPDATE CASCADE,
  CONSTRAINT `idg_caja` FOREIGN KEY (`idg_caja`) REFERENCES `caja` (`id`) ON DELETE SET NULL ON UPDATE CASCADE,
  CONSTRAINT `idg_cierrecaja` FOREIGN KEY (`idg_cierrecaja`) REFERENCES `cierrescajas` (`id`) ON UPDATE CASCADE,
  CONSTRAINT `idg_usuario` FOREIGN KEY (`idg_usuario`) REFERENCES `usuarios` (`id`) ON DELETE SET NULL ON UPDATE CASCADE
) ENGINE=InnoDB DEFAULT CHARSET=utf8mb3 COLLATE=utf8mb3_unicode_ci;
/*!40101 SET character_set_client = @saved_cs_client */;

--
-- Dumping data for table `gastos`
--

LOCK TABLES `gastos` WRITE;
/*!40000 ALTER TABLE `gastos` DISABLE KEYS */;
/*!40000 ALTER TABLE `gastos` ENABLE KEYS */;
UNLOCK TABLES;

--
-- Table structure for table `impuestos`
--

DROP TABLE IF EXISTS `impuestos`;
/*!40101 SET @saved_cs_client     = @@character_set_client */;
/*!50503 SET character_set_client = utf8mb4 */;
CREATE TABLE `impuestos` (
  `id` int NOT NULL AUTO_INCREMENT,
  `nombre` varchar(55) CHARACTER SET utf8mb3 COLLATE utf8mb3_spanish_ci DEFAULT NULL,
  `porcentaje` int DEFAULT NULL,
  PRIMARY KEY (`id`)
) ENGINE=InnoDB AUTO_INCREMENT=7 DEFAULT CHARSET=utf8mb3 COLLATE=utf8mb3_unicode_ci;
/*!40101 SET character_set_client = @saved_cs_client */;

--
-- Dumping data for table `impuestos`
--

LOCK TABLES `impuestos` WRITE;
/*!40000 ALTER TABLE `impuestos` DISABLE KEYS */;
INSERT INTO `impuestos` VALUES (1,'Exento  0%',0),(2,'Bienes / Servicios al 5%',5),(3,'Contratos antes Ley 1819  16%',16),(4,'Tarifa general  19%',19),(5,'Excluido de IVA',NULL),(6,'Impuesto Nacional al Consumo  8%',8);
/*!40000 ALTER TABLE `impuestos` ENABLE KEYS */;
UNLOCK TABLES;

--
-- Table structure for table `ingresoscajas`
--

DROP TABLE IF EXISTS `ingresoscajas`;
/*!40101 SET @saved_cs_client     = @@character_set_client */;
/*!50503 SET character_set_client = utf8mb4 */;
CREATE TABLE `ingresoscajas` (
  `id` int NOT NULL AUTO_INCREMENT,
  `idusuario` int DEFAULT NULL,
  `id_caja` int NOT NULL,
  `id_cierrecaja` int NOT NULL,
  `operacion` varchar(45) COLLATE utf8mb3_unicode_ci DEFAULT NULL,
  `fecha` datetime DEFAULT NULL,
  `valor` varchar(11) COLLATE utf8mb3_unicode_ci NOT NULL,
  `descripcion` varchar(255) COLLATE utf8mb3_unicode_ci DEFAULT NULL,
  PRIMARY KEY (`id`),
  KEY `idusuario_idx` (`idusuario`),
  KEY `idcaja_idx` (`id_caja`),
  KEY `idcierrecaja_idx` (`id_cierrecaja`),
  CONSTRAINT `id_caja` FOREIGN KEY (`id_caja`) REFERENCES `caja` (`id`) ON DELETE CASCADE ON UPDATE CASCADE,
  CONSTRAINT `id_cierrecaja` FOREIGN KEY (`id_cierrecaja`) REFERENCES `cierrescajas` (`id`) ON UPDATE CASCADE,
  CONSTRAINT `idusuario` FOREIGN KEY (`idusuario`) REFERENCES `usuarios` (`id`) ON DELETE SET NULL ON UPDATE CASCADE
) ENGINE=InnoDB DEFAULT CHARSET=utf8mb3 COLLATE=utf8mb3_unicode_ci;
/*!40101 SET character_set_client = @saved_cs_client */;

--
-- Dumping data for table `ingresoscajas`
--

LOCK TABLES `ingresoscajas` WRITE;
/*!40000 ALTER TABLE `ingresoscajas` DISABLE KEYS */;
/*!40000 ALTER TABLE `ingresoscajas` ENABLE KEYS */;
UNLOCK TABLES;

--
-- Table structure for table `insumos_consumidos`
--

DROP TABLE IF EXISTS `insumos_consumidos`;
/*!40101 SET @saved_cs_client     = @@character_set_client */;
/*!50503 SET character_set_client = utf8mb4 */;
CREATE TABLE `insumos_consumidos` (
  `id` int NOT NULL AUTO_INCREMENT,
  `idordenproduccion` int NOT NULL,
  `subproducto_id` int DEFAULT NULL,
  `id_loteproduccion` int NOT NULL,
  `nombresubproducto` varchar(55) CHARACTER SET utf8mb3 COLLATE utf8mb3_spanish_ci NOT NULL,
  `cantidadutilizada` decimal(11,2) NOT NULL,
  `created_at` timestamp NULL DEFAULT CURRENT_TIMESTAMP,
  PRIMARY KEY (`id`),
  KEY `idordenproduccion_idx` (`idordenproduccion`),
  KEY `subproducto_id_idx` (`subproducto_id`),
  KEY `id_loteproduccion_idx` (`id_loteproduccion`),
  CONSTRAINT `id_loteproduccion` FOREIGN KEY (`id_loteproduccion`) REFERENCES `lotes_produccion` (`id`) ON DELETE CASCADE ON UPDATE CASCADE,
  CONSTRAINT `idordenproduccion` FOREIGN KEY (`idordenproduccion`) REFERENCES `ordenes_produccion` (`id`) ON DELETE CASCADE ON UPDATE CASCADE,
  CONSTRAINT `subproducto_id` FOREIGN KEY (`subproducto_id`) REFERENCES `subproductos` (`id`) ON DELETE SET NULL ON UPDATE CASCADE
) ENGINE=InnoDB DEFAULT CHARSET=utf8mb3 COLLATE=utf8mb3_unicode_ci;
/*!40101 SET character_set_client = @saved_cs_client */;

--
-- Dumping data for table `insumos_consumidos`
--

LOCK TABLES `insumos_consumidos` WRITE;
/*!40000 ALTER TABLE `insumos_consumidos` DISABLE KEYS */;
/*!40000 ALTER TABLE `insumos_consumidos` ENABLE KEYS */;
UNLOCK TABLES;

--
-- Table structure for table `insumos_fabricados`
--

DROP TABLE IF EXISTS `insumos_fabricados`;
/*!40101 SET @saved_cs_client     = @@character_set_client */;
/*!50503 SET character_set_client = utf8mb4 */;
CREATE TABLE `insumos_fabricados` (
  `id` int NOT NULL AUTO_INCREMENT,
  `id_insumoproducido` int NOT NULL,
  `id_subproducto` int NOT NULL,
  `cantidadsubproducto` decimal(11,2) NOT NULL,
  `costo` decimal(12,2) DEFAULT NULL,
  PRIMARY KEY (`id`),
  CONSTRAINT `id_insumoproducido` FOREIGN KEY (`id`) REFERENCES `subproductos` (`id`) ON DELETE CASCADE ON UPDATE CASCADE
) ENGINE=InnoDB DEFAULT CHARSET=utf8mb3 COLLATE=utf8mb3_unicode_ci;
/*!40101 SET character_set_client = @saved_cs_client */;

--
-- Dumping data for table `insumos_fabricados`
--

LOCK TABLES `insumos_fabricados` WRITE;
/*!40000 ALTER TABLE `insumos_fabricados` DISABLE KEYS */;
/*!40000 ALTER TABLE `insumos_fabricados` ENABLE KEYS */;
UNLOCK TABLES;

--
-- Table structure for table `lotes_produccion`
--

DROP TABLE IF EXISTS `lotes_produccion`;
/*!40101 SET @saved_cs_client     = @@character_set_client */;
/*!50503 SET character_set_client = utf8mb4 */;
CREATE TABLE `lotes_produccion` (
  `id` int NOT NULL AUTO_INCREMENT,
  `id_ordenproduccion` int NOT NULL,
  `idsucursalfk` int NOT NULL,
  `num_lote` varchar(45) CHARACTER SET utf8mb3 COLLATE utf8mb3_spanish_ci DEFAULT NULL,
  `cantidadproducida` decimal(11,2) NOT NULL,
  `fechaproduccion` date DEFAULT NULL,
  `fechavencimiento` date DEFAULT NULL,
  `created_at` timestamp NULL DEFAULT CURRENT_TIMESTAMP,
  PRIMARY KEY (`id`),
  KEY `id_ordenproduccion_idx` (`id_ordenproduccion`),
  KEY `idsucursalfk_idx` (`idsucursalfk`),
  CONSTRAINT `id_ordenproduccion` FOREIGN KEY (`id_ordenproduccion`) REFERENCES `ordenes_produccion` (`id`) ON DELETE CASCADE ON UPDATE CASCADE,
  CONSTRAINT `idsucursalfk` FOREIGN KEY (`idsucursalfk`) REFERENCES `sucursales` (`id`) ON DELETE CASCADE ON UPDATE CASCADE
) ENGINE=InnoDB DEFAULT CHARSET=utf8mb3 COLLATE=utf8mb3_unicode_ci;
/*!40101 SET character_set_client = @saved_cs_client */;

--
-- Dumping data for table `lotes_produccion`
--

LOCK TABLES `lotes_produccion` WRITE;
/*!40000 ALTER TABLE `lotes_produccion` DISABLE KEYS */;
/*!40000 ALTER TABLE `lotes_produccion` ENABLE KEYS */;
UNLOCK TABLES;

--
-- Table structure for table `mediospago`
--

DROP TABLE IF EXISTS `mediospago`;
/*!40101 SET @saved_cs_client     = @@character_set_client */;
/*!50503 SET character_set_client = utf8mb4 */;
CREATE TABLE `mediospago` (
  `id` int NOT NULL AUTO_INCREMENT,
  `mediopago` varchar(33) CHARACTER SET utf8mb3 COLLATE utf8mb3_spanish_ci NOT NULL,
  `estado` tinyint(1) DEFAULT NULL,
  `nick` varchar(4) CHARACTER SET utf8mb3 COLLATE utf8mb3_spanish_ci DEFAULT NULL,
  PRIMARY KEY (`id`),
  UNIQUE KEY `mediopago_UNIQUE` (`mediopago`)
) ENGINE=InnoDB AUTO_INCREMENT=8 DEFAULT CHARSET=utf8mb3 COLLATE=utf8mb3_unicode_ci;
/*!40101 SET character_set_client = @saved_cs_client */;

--
-- Dumping data for table `mediospago`
--

LOCK TABLES `mediospago` WRITE;
/*!40000 ALTER TABLE `mediospago` DISABLE KEYS */;
INSERT INTO `mediospago` VALUES (1,'Efectivo',1,'EF'),(2,'Daviplata',1,'DV'),(3,'Nequi',1,'NQ'),(4,'Codigo QR',0,'QR'),(5,'Tarjeta Credito',0,'TC'),(6,'Tarjeta Debito',1,'TD'),(7,'Transf. Bancaria',1,'TB');
/*!40000 ALTER TABLE `mediospago` ENABLE KEYS */;
UNLOCK TABLES;

--
-- Table structure for table `movimientos_insumos`
--

DROP TABLE IF EXISTS `movimientos_insumos`;
/*!40101 SET @saved_cs_client     = @@character_set_client */;
/*!50503 SET character_set_client = utf8mb4 */;
CREATE TABLE `movimientos_insumos` (
  `id` int NOT NULL AUTO_INCREMENT,
  `fksucursal_id` int NOT NULL,
  `id_subproductoid` int NOT NULL,
  `idusuario_id` int DEFAULT NULL,
  `nombreusuario` varchar(80) CHARACTER SET utf8mb3 COLLATE utf8mb3_spanish_ci DEFAULT NULL,
  `tipo` varchar(45) CHARACTER SET utf8mb3 COLLATE utf8mb3_spanish_ci NOT NULL,
  `referencia` varchar(45) CHARACTER SET utf8mb3 COLLATE utf8mb3_spanish_ci DEFAULT NULL,
  `stockanterior` decimal(12,2) NOT NULL,
  `stocknuevo` decimal(12,2) NOT NULL,
  `comentario` tinytext CHARACTER SET utf8mb3 COLLATE utf8mb3_spanish_ci,
  `created_at` timestamp NULL DEFAULT CURRENT_TIMESTAMP,
  PRIMARY KEY (`id`),
  KEY `fksucursal_id_idx` (`fksucursal_id`),
  KEY `idusuario_id_idx` (`idusuario_id`),
  KEY `id_subproductoid_idx` (`id_subproductoid`),
  CONSTRAINT `fksucursal_id` FOREIGN KEY (`fksucursal_id`) REFERENCES `sucursales` (`id`) ON DELETE CASCADE ON UPDATE CASCADE,
  CONSTRAINT `id_subproductoid` FOREIGN KEY (`id_subproductoid`) REFERENCES `subproductos` (`id`) ON DELETE CASCADE ON UPDATE CASCADE,
  CONSTRAINT `idusuario_id` FOREIGN KEY (`idusuario_id`) REFERENCES `usuarios` (`id`) ON DELETE SET NULL ON UPDATE CASCADE
) ENGINE=InnoDB DEFAULT CHARSET=utf8mb3 COLLATE=utf8mb3_unicode_ci;
/*!40101 SET character_set_client = @saved_cs_client */;

--
-- Dumping data for table `movimientos_insumos`
--

LOCK TABLES `movimientos_insumos` WRITE;
/*!40000 ALTER TABLE `movimientos_insumos` DISABLE KEYS */;
/*!40000 ALTER TABLE `movimientos_insumos` ENABLE KEYS */;
UNLOCK TABLES;

--
-- Table structure for table `movimientos_productos`
--

DROP TABLE IF EXISTS `movimientos_productos`;
/*!40101 SET @saved_cs_client     = @@character_set_client */;
/*!50503 SET character_set_client = utf8mb4 */;
CREATE TABLE `movimientos_productos` (
  `id` int NOT NULL AUTO_INCREMENT,
  `idfksucursal` int NOT NULL,
  `idproducto_id` int NOT NULL,
  `id_usuarioid` int DEFAULT NULL,
  `nombreusuario` varchar(80) CHARACTER SET utf8mb3 COLLATE utf8mb3_spanish_ci DEFAULT NULL,
  `tipo` varchar(45) CHARACTER SET utf8mb3 COLLATE utf8mb3_general_ci NOT NULL,
  `referencia` varchar(45) CHARACTER SET utf8mb3 COLLATE utf8mb3_spanish_ci DEFAULT NULL,
  `stockanterior` decimal(12,2) NOT NULL,
  `stocknuevo` decimal(12,2) NOT NULL,
  `comentario` tinytext CHARACTER SET utf8mb3 COLLATE utf8mb3_spanish_ci,
  `created_at` timestamp NULL DEFAULT CURRENT_TIMESTAMP,
  PRIMARY KEY (`id`),
  KEY `idfksucursal_idx` (`idfksucursal`),
  KEY `idproducto_id_idx` (`idproducto_id`),
  KEY `id_usuarioid_idx` (`id_usuarioid`),
  CONSTRAINT `id_usuarioid` FOREIGN KEY (`id_usuarioid`) REFERENCES `usuarios` (`id`) ON DELETE SET NULL ON UPDATE CASCADE,
  CONSTRAINT `idfksucursal` FOREIGN KEY (`idfksucursal`) REFERENCES `sucursales` (`id`) ON DELETE CASCADE ON UPDATE CASCADE,
  CONSTRAINT `idproducto_id` FOREIGN KEY (`idproducto_id`) REFERENCES `productos` (`id`) ON DELETE CASCADE ON UPDATE CASCADE
) ENGINE=InnoDB DEFAULT CHARSET=utf8mb3 COLLATE=utf8mb3_unicode_ci;
/*!40101 SET character_set_client = @saved_cs_client */;

--
-- Dumping data for table `movimientos_productos`
--

LOCK TABLES `movimientos_productos` WRITE;
/*!40000 ALTER TABLE `movimientos_productos` DISABLE KEYS */;
/*!40000 ALTER TABLE `movimientos_productos` ENABLE KEYS */;
UNLOCK TABLES;

--
-- Table structure for table `negocio`
--

DROP TABLE IF EXISTS `negocio`;
/*!40101 SET @saved_cs_client     = @@character_set_client */;
/*!50503 SET character_set_client = utf8mb4 */;
CREATE TABLE `negocio` (
  `id` int NOT NULL AUTO_INCREMENT,
  `nombre` varchar(45) CHARACTER SET utf8mb3 COLLATE utf8mb3_general_ci NOT NULL,
  `ciudad` varchar(44) CHARACTER SET utf8mb3 COLLATE utf8mb3_general_ci NOT NULL,
  `direccion` varchar(60) CHARACTER SET utf8mb3 COLLATE utf8mb3_general_ci NOT NULL,
  `telefono` varchar(14) CHARACTER SET utf8mb3 COLLATE utf8mb3_general_ci DEFAULT NULL,
  `movil` varchar(14) CHARACTER SET utf8mb3 COLLATE utf8mb3_general_ci NOT NULL,
  `email` varchar(52) CHARACTER SET utf8mb3 COLLATE utf8mb3_general_ci NOT NULL,
  `nit` varchar(13) CHARACTER SET utf8mb3 COLLATE utf8mb3_general_ci DEFAULT NULL,
  `datosencabezados` varchar(512) CHARACTER SET utf8mb3 COLLATE utf8mb3_spanish_ci DEFAULT NULL,
  `ws` varchar(16) CHARACTER SET utf8mb3 COLLATE utf8mb3_general_ci NOT NULL,
  `facebook` varchar(80) CHARACTER SET utf8mb3 COLLATE utf8mb3_general_ci DEFAULT NULL,
  `instagram` varchar(80) CHARACTER SET utf8mb3 COLLATE utf8mb3_general_ci DEFAULT NULL,
  `tiktok` varchar(80) CHARACTER SET utf8mb3 COLLATE utf8mb3_general_ci DEFAULT NULL,
  `youtube` varchar(80) CHARACTER SET utf8mb3 COLLATE utf8mb3_general_ci DEFAULT NULL,
  `twitter` varchar(80) CHARACTER SET utf8mb3 COLLATE utf8mb3_general_ci DEFAULT NULL,
  `logo` varchar(99) CHARACTER SET utf8mb3 COLLATE utf8mb3_general_ci NOT NULL,
  `colorprincipal` varchar(7) CHARACTER SET utf8mb3 COLLATE utf8mb3_general_ci DEFAULT NULL,
  `colorsecundario` varchar(7) CHARACTER SET utf8mb3 COLLATE utf8mb3_general_ci DEFAULT NULL,
  `timeservice` int DEFAULT NULL,
  PRIMARY KEY (`id`)
) ENGINE=InnoDB AUTO_INCREMENT=2 DEFAULT CHARSET=utf8mb3 COLLATE=utf8mb3_unicode_ci;
/*!40101 SET character_set_client = @saved_cs_client */;

--
-- Dumping data for table `negocio`
--

LOCK TABLES `negocio` WRITE;
/*!40000 ALTER TABLE `negocio` DISABLE KEYS */;
INSERT INTO `negocio` VALUES (1,'Negocios pos sa','Armenia','Cra 12#9-03 esquina','7358452','3183920532','sasha.spa@gmail.com','41936042-6','No responsable de IVA\r\nRegimen Simple','3183920532','https://www.facebook.com/profile.php?id=100007164136068',NULL,NULL,NULL,NULL,'65432f14b63a0logo.png','#051453','#ffffff',60);
/*!40000 ALTER TABLE `negocio` ENABLE KEYS */;
UNLOCK TABLES;

--
-- Table structure for table `ordenes_produccion`
--

DROP TABLE IF EXISTS `ordenes_produccion`;
/*!40101 SET @saved_cs_client     = @@character_set_client */;
/*!50503 SET character_set_client = utf8mb4 */;
CREATE TABLE `ordenes_produccion` (
  `id` int NOT NULL AUTO_INCREMENT,
  `idsucursal_fk` int NOT NULL,
  `id_productoid` int DEFAULT NULL,
  `nombreproducto` varchar(55) CHARACTER SET utf8mb3 COLLATE utf8mb3_spanish_ci NOT NULL,
  `cantidadsolicitada` decimal(12,2) NOT NULL,
  `estado` varchar(45) CHARACTER SET utf8mb3 COLLATE utf8mb3_spanish_ci NOT NULL,
  `created_at` timestamp NULL DEFAULT CURRENT_TIMESTAMP,
  PRIMARY KEY (`id`),
  KEY `id_productoid_idx` (`id_productoid`),
  KEY `idsucursal_fk_idx` (`idsucursal_fk`),
  CONSTRAINT `id_productoid` FOREIGN KEY (`id_productoid`) REFERENCES `productos` (`id`) ON DELETE SET NULL ON UPDATE CASCADE,
  CONSTRAINT `idsucursal_fk` FOREIGN KEY (`idsucursal_fk`) REFERENCES `sucursales` (`id`) ON DELETE CASCADE ON UPDATE CASCADE
) ENGINE=InnoDB DEFAULT CHARSET=utf8mb3 COLLATE=utf8mb3_unicode_ci;
/*!40101 SET character_set_client = @saved_cs_client */;

--
-- Dumping data for table `ordenes_produccion`
--

LOCK TABLES `ordenes_produccion` WRITE;
/*!40000 ALTER TABLE `ordenes_produccion` DISABLE KEYS */;
/*!40000 ALTER TABLE `ordenes_produccion` ENABLE KEYS */;
UNLOCK TABLES;

--
-- Table structure for table `permisos`
--

DROP TABLE IF EXISTS `permisos`;
/*!40101 SET @saved_cs_client     = @@character_set_client */;
/*!50503 SET character_set_client = utf8mb4 */;
CREATE TABLE `permisos` (
  `id` int NOT NULL AUTO_INCREMENT,
  `nombre` varchar(55) CHARACTER SET utf8mb3 COLLATE utf8mb3_spanish_ci NOT NULL,
  `modulo` varchar(45) CHARACTER SET utf8mb3 COLLATE utf8mb3_spanish_ci DEFAULT NULL,
  `descripcion` varchar(255) CHARACTER SET utf8mb3 COLLATE utf8mb3_spanish_ci DEFAULT NULL,
  `created_at` timestamp NULL DEFAULT CURRENT_TIMESTAMP,
  PRIMARY KEY (`id`)
) ENGINE=InnoDB AUTO_INCREMENT=20 DEFAULT CHARSET=utf8mb3 COLLATE=utf8mb3_unicode_ci;
/*!40101 SET character_set_client = @saved_cs_client */;

--
-- Dumping data for table `permisos`
--

LOCK TABLES `permisos` WRITE;
/*!40000 ALTER TABLE `permisos` DISABLE KEYS */;
INSERT INTO `permisos` VALUES (1,'Habilitar modulo de venta','Modulo de venta\r\n\r\nModulo venta',NULL,'2025-09-11 06:15:04'),(2,'Registrar nueva venta','Modulo de venta',NULL,'2025-09-11 06:15:04'),(3,'Anular una venta','Modulo de venta',NULL,'2025-09-11 06:15:04'),(4,'Aplicar descuentos','Modulo de venta',NULL,'2025-09-11 06:15:04'),(5,'Habilitar modulo de inventario','Modulo de Inventario',NULL,'2025-09-11 06:15:04'),(6,'Consultar stock','Modulo de Inventario',NULL,'2025-09-11 06:15:04'),(7,'Hacer ajustes de inventario','Modulo de Inventario',NULL,'2025-09-11 06:15:04'),(8,'Actualizar precios o datos','Modulo de Inventario',NULL,'2025-09-11 06:15:04'),(9,'Habilitar modulo de facturacion','Modulo de Facturaci칩n','','2025-09-12 03:32:43'),(10,'Emitir facturas electr칩nicas','Modulo de Facturaci칩n',NULL,'2025-09-12 03:32:43'),(11,'Anular facturas y notas creditos','Modulo de Facturaci칩n',NULL,'2025-09-12 03:32:43'),(12,'Habilitar modulo de caja','Modulo de Caja',NULL,'2025-09-22 00:57:04'),(13,'Abrir caja','Modulo de Caja',NULL,'2025-09-22 00:57:04'),(14,'Cerrar caja y generar arqueo','Modulo de Caja',NULL,'2025-09-22 00:57:04'),(15,'Ver reportes de caja','Modulo de Caja',NULL,'2025-09-22 00:57:04'),(16,'Habilitar modulo de reportes','Modulos Administrativos ',NULL,'2025-09-22 01:00:57'),(17,'Habilitar modulo de configuracion','Modulos Administrativos ',NULL,'2025-09-22 01:00:57');
/*!40000 ALTER TABLE `permisos` ENABLE KEYS */;
UNLOCK TABLES;

--
-- Table structure for table `precios_personalizados`
--

DROP TABLE IF EXISTS `precios_personalizados`;
/*!40101 SET @saved_cs_client     = @@character_set_client */;
/*!50503 SET character_set_client = utf8mb4 */;
CREATE TABLE `precios_personalizados` (
  `id` int NOT NULL AUTO_INCREMENT,
  `idproductoid` int NOT NULL,
  `precio` decimal(12,2) NOT NULL,
  `estado` tinyint(1) DEFAULT NULL,
  `created_at` timestamp NULL DEFAULT CURRENT_TIMESTAMP,
  PRIMARY KEY (`id`),
  KEY `idproductoid_idx` (`idproductoid`),
  CONSTRAINT `idproductoid` FOREIGN KEY (`idproductoid`) REFERENCES `productos` (`id`) ON DELETE CASCADE ON UPDATE CASCADE
) ENGINE=InnoDB DEFAULT CHARSET=utf8mb3 COLLATE=utf8mb3_unicode_ci;
/*!40101 SET character_set_client = @saved_cs_client */;

--
-- Dumping data for table `precios_personalizados`
--

LOCK TABLES `precios_personalizados` WRITE;
/*!40000 ALTER TABLE `precios_personalizados` DISABLE KEYS */;
/*!40000 ALTER TABLE `precios_personalizados` ENABLE KEYS */;
UNLOCK TABLES;

--
-- Table structure for table `productos`
--

DROP TABLE IF EXISTS `productos`;
/*!40101 SET @saved_cs_client     = @@character_set_client */;
/*!50503 SET character_set_client = utf8mb4 */;
CREATE TABLE `productos` (
  `id` int NOT NULL AUTO_INCREMENT,
  `idcategoria` int DEFAULT NULL,
  `idunidadmedida` int NOT NULL,
  `nombre` varchar(55) CHARACTER SET utf8mb3 COLLATE utf8mb3_spanish_ci NOT NULL,
  `foto` varchar(99) CHARACTER SET utf8mb3 COLLATE utf8mb3_spanish_ci DEFAULT NULL,
  `impuesto` int DEFAULT NULL,
  `marca` varchar(25) CHARACTER SET utf8mb3 COLLATE utf8mb3_spanish_ci DEFAULT NULL,
  `tipoproducto` tinyint(1) DEFAULT '0',
  `tipoproduccion` tinyint(1) DEFAULT '0',
  `sku` varchar(15) CHARACTER SET utf8mb3 COLLATE utf8mb3_spanish_ci DEFAULT NULL,
  `unidadmedida` varchar(22) CHARACTER SET utf8mb3 COLLATE utf8mb3_spanish_ci DEFAULT NULL,
  `preciopersonalizado` tinyint(1) DEFAULT NULL,
  `descripcion` varchar(255) CHARACTER SET utf8mb3 COLLATE utf8mb3_spanish_ci DEFAULT NULL,
  `peso` varchar(15) CHARACTER SET utf8mb3 COLLATE utf8mb3_spanish_ci DEFAULT NULL,
  `medidas` varchar(25) CHARACTER SET utf8mb3 COLLATE utf8mb3_spanish_ci DEFAULT NULL,
  `color` varchar(25) CHARACTER SET utf8mb3 COLLATE utf8mb3_spanish_ci DEFAULT NULL,
  `funcion` varchar(75) CHARACTER SET utf8mb3 COLLATE utf8mb3_spanish_ci DEFAULT NULL,
  `uso` varchar(25) CHARACTER SET utf8mb3 COLLATE utf8mb3_spanish_ci DEFAULT NULL,
  `fabricante` varchar(25) CHARACTER SET utf8mb3 COLLATE utf8mb3_spanish_ci DEFAULT NULL,
  `garantia` varchar(15) CHARACTER SET utf8mb3 COLLATE utf8mb3_spanish_ci DEFAULT NULL,
  `stock` decimal(10,2) DEFAULT NULL,
  `stockminimo` decimal(8,2) DEFAULT NULL,
  `categoria` varchar(45) CHARACTER SET utf8mb3 COLLATE utf8mb3_spanish_ci DEFAULT NULL,
  `rendimientoestandar` decimal(11,2) DEFAULT '1.00',
  `precio_compra` decimal(13,2) DEFAULT NULL,
  `precio_venta` int NOT NULL,
  `fecha_ingreso` datetime DEFAULT NULL,
  `estado` tinyint(1) DEFAULT NULL,
  `visible` tinyint(1) DEFAULT NULL,
  PRIMARY KEY (`id`),
  UNIQUE KEY `nombre_UNIQUE` (`nombre`),
  UNIQUE KEY `codigo_UNIQUE` (`sku`),
  KEY `idcategoria_idx` (`idcategoria`),
  KEY `idunidadmedida_idx` (`idunidadmedida`),
  CONSTRAINT `idcategoria` FOREIGN KEY (`idcategoria`) REFERENCES `categorias` (`id`) ON DELETE SET NULL ON UPDATE CASCADE,
  CONSTRAINT `idunidadmedida` FOREIGN KEY (`idunidadmedida`) REFERENCES `unidadesmedida` (`id`) ON UPDATE CASCADE
) ENGINE=InnoDB AUTO_INCREMENT=27 DEFAULT CHARSET=utf8mb3 COLLATE=utf8mb3_unicode_ci;
/*!40101 SET character_set_client = @saved_cs_client */;

--
-- Dumping data for table `productos`
--

LOCK TABLES `productos` WRITE;
/*!40000 ALTER TABLE `productos` DISABLE KEYS */;
INSERT INTO `productos` VALUES (1,1,1,'Otros',NULL,0,NULL,0,0,NULL,'Unidades',0,NULL,NULL,NULL,NULL,NULL,NULL,NULL,NULL,0.00,0.00,'Categoria_Otros',1.00,0.50,0,NULL,1,0),(2,5,1,'Pulidora DeWALT 8200rpm 1/2','cliente1/productos/671f1676979c8pulidora.jpg',19,NULL,1,0,'100200','Unidad',0,NULL,NULL,NULL,NULL,NULL,NULL,NULL,NULL,11.00,0.00,'Equipos Eletricos',3.00,13865.33,598000,'2024-01-08 13:36:58',1,1),(3,5,1,'Taladro percutor BLACK AND DECKER 550W 1/2','undefined',0,NULL,1,1,'100300','Unidad',0,NULL,NULL,NULL,NULL,NULL,NULL,NULL,NULL,6.00,0.00,'Equipos Eletricos',1.00,7698.00,213900,'2024-01-08 13:36:58',1,1),(4,5,1,'Atornillador Inalambrico Dewalt 12W de 1/2','undefined',NULL,NULL,0,1,'100400','Unidad',0,NULL,NULL,NULL,NULL,NULL,NULL,NULL,NULL,4.00,0.00,'Equipos Eletricos',1.00,25.00,211000,'2024-01-08 13:36:58',1,1),(5,6,1,'Pistola de impacto ingersoll rand','null',16,NULL,0,1,'21245','Unidad',0,NULL,NULL,NULL,NULL,NULL,NULL,NULL,NULL,21.00,0.00,'Equipos Neumaticos',1.00,150000.00,922000,'2024-01-08 13:36:58',1,1),(6,9,1,'Vitamina women Blend','cliente1/productos/6742b5f92e199vitaminas5.jpg',8,NULL,0,1,'1010089','Unidad',0,NULL,NULL,NULL,NULL,NULL,NULL,NULL,NULL,48.20,0.00,'Herramientas Manuales',1.00,83333.33,180000,'2024-01-08 13:36:58',1,1),(7,7,1,'Remachadora','null',19,NULL,0,0,NULL,'Unidad',0,NULL,NULL,NULL,NULL,NULL,NULL,NULL,NULL,10.00,0.00,'Herramientas Manuales',1.00,10000.00,18500,'2024-01-08 13:36:58',1,1),(8,5,1,'Taladro Rotomartillo dewalt 1/2 650w','null',19,NULL,0,0,NULL,'Unidad',0,NULL,NULL,NULL,NULL,NULL,NULL,NULL,NULL,20.00,0.00,'Equipos Eletricos',1.00,40000.00,284600,NULL,1,1),(9,7,1,'Llave 3/8','null',19,NULL,0,0,NULL,'Unidad',0,NULL,NULL,NULL,NULL,NULL,NULL,NULL,NULL,87.70,0.00,'Herramientas Manuales',1.00,21000.00,10000,NULL,1,1),(10,7,1,'Llave 1/2','null',19,NULL,0,0,NULL,'Unidad',0,NULL,NULL,NULL,NULL,NULL,NULL,NULL,NULL,5.00,0.00,'Herramientas Manuales',1.00,10000.00,10000,NULL,1,1),(11,5,1,'Aspiradorax','cliente1/productos/6724625f84d00aspiradora2.jpg',19,NULL,0,0,NULL,'Unidad',0,NULL,NULL,NULL,NULL,NULL,NULL,NULL,NULL,9.00,0.00,'Equipos Eletricos',1.00,60000.00,120500,NULL,1,1),(12,9,1,'Proteina 10kg','null',19,NULL,0,0,NULL,'Unidad',0,NULL,NULL,NULL,NULL,NULL,NULL,NULL,NULL,20.00,0.00,'Proteinas ',1.00,315000.00,250000,NULL,1,1),(13,9,3,'proteina 5kg','cliente1/productos/68854e852bf53proteina4.jpg',19,NULL,0,0,NULL,'Libras',0,NULL,NULL,NULL,NULL,NULL,NULL,NULL,NULL,29.08,25.00,'Proteinas ',1.00,0.00,140000,NULL,1,1),(14,8,1,'Soldador sm h143','null',19,NULL,0,0,NULL,'Unidad',0,NULL,NULL,NULL,NULL,NULL,NULL,NULL,NULL,35.00,0.00,'Herramientas Electricas',1.00,150000.00,487000,'2025-01-29 04:43:51',1,1),(15,10,3,'Arena','null',19,NULL,1,0,NULL,'Libras',0,NULL,NULL,NULL,NULL,NULL,NULL,NULL,NULL,7.00,1.50,'Obra Negra',1.00,0.00,3000,'2025-02-02 05:20:25',1,1),(16,9,1,'Bi-Pro Vainilla 5kg','null',19,NULL,0,0,'8770','Unidad',0,NULL,NULL,NULL,NULL,NULL,NULL,NULL,NULL,0.00,100.00,'Proteinas ',1.00,201000.00,225000,'2025-02-09 23:43:05',1,1),(17,7,1,'Mezcladorax','null',19,NULL,1,0,'78881','Unidad',0,NULL,NULL,NULL,NULL,NULL,NULL,NULL,NULL,0.00,100.00,'Herramientas Manuales',1.00,792.00,380000,'2025-04-01 05:59:11',1,1),(18,5,1,'Esmeril','null',19,NULL,0,0,'1515','Unidad',0,NULL,NULL,NULL,NULL,NULL,NULL,NULL,NULL,5.00,100.00,'Equipos Electricos',1.00,100000.00,285000,'2025-04-03 03:28:50',1,1),(19,7,1,'Corta frio','null',19,NULL,0,0,NULL,'Unidad',0,NULL,NULL,NULL,NULL,NULL,NULL,NULL,NULL,0.00,100.00,'Herramientas Manuales',1.00,5000.00,11500,'2025-04-03 04:10:40',1,1),(20,9,1,'prote칤na 13kg masa ganador',NULL,0,NULL,0,0,NULL,'Unidades',0,NULL,NULL,NULL,NULL,NULL,NULL,NULL,NULL,-1.00,100.00,'Proteinas ',1.00,105000.00,200000,'2025-04-03 04:13:33',1,1),(21,11,1,'multimetro','null',0,NULL,0,0,NULL,'Unidad',0,NULL,NULL,NULL,NULL,NULL,NULL,NULL,NULL,10.00,100.00,'Equipos Electronicos',1.00,50000.00,100000,'2025-06-22 19:31:40',1,1),(22,12,1,'Puerta','null',0,NULL,1,1,NULL,'Unidad',0,NULL,NULL,NULL,NULL,NULL,NULL,NULL,NULL,39.00,100.00,'Acabados',1.00,390000.00,150000,'2025-06-22 19:54:36',1,1),(23,12,1,'Gafas de sol','cliente1/productos/687b289ec0779sunglasses2.jpg',19,NULL,0,0,NULL,'Unidad',0,NULL,NULL,NULL,NULL,NULL,NULL,NULL,NULL,1.00,100.00,'Acabados',1.00,20000.00,60000,'2025-07-19 05:09:50',1,1),(24,11,1,'Osciloscopio','null',0,NULL,0,0,NULL,'Unidad',0,NULL,NULL,NULL,NULL,NULL,NULL,NULL,NULL,5.00,100.00,'Equipos Electronicos',1.00,420000.00,700000,'2025-07-19 05:17:46',1,1),(25,5,1,'Planta electrica','null',0,NULL,0,0,NULL,'Unidad',0,NULL,NULL,NULL,NULL,NULL,NULL,NULL,NULL,7.00,100.00,'Equipos Electricos',1.00,200000.00,500000,'2025-07-19 05:24:31',1,1),(26,8,5,'Conector de transformador','cliente1/productos/687b2e526e732control4.jpeg',0,NULL,0,0,NULL,'Milimetros',0,NULL,NULL,NULL,NULL,NULL,NULL,NULL,NULL,122.00,100.00,'Herramientas Electricas',1.00,56000.00,145000,'2025-07-19 05:32:56',1,1);
/*!40000 ALTER TABLE `productos` ENABLE KEYS */;
UNLOCK TABLES;

--
-- Table structure for table `productos_sub`
--

DROP TABLE IF EXISTS `productos_sub`;
/*!40101 SET @saved_cs_client     = @@character_set_client */;
/*!50503 SET character_set_client = utf8mb4 */;
CREATE TABLE `productos_sub` (
  `id` int NOT NULL AUTO_INCREMENT,
  `id_producto` int NOT NULL,
  `id_subproducto` int NOT NULL,
  `cantidadsubproducto` decimal(11,2) NOT NULL,
  `costo` decimal(12,2) DEFAULT NULL,
  PRIMARY KEY (`id`),
  KEY `id_producto_idx` (`id_producto`),
  KEY `id_subproducto_idx` (`id_subproducto`),
  CONSTRAINT `id_producto` FOREIGN KEY (`id_producto`) REFERENCES `productos` (`id`) ON DELETE CASCADE ON UPDATE CASCADE,
  CONSTRAINT `id_subproducto` FOREIGN KEY (`id_subproducto`) REFERENCES `subproductos` (`id`) ON DELETE CASCADE ON UPDATE CASCADE
) ENGINE=InnoDB AUTO_INCREMENT=17 DEFAULT CHARSET=utf8mb3 COLLATE=utf8mb3_unicode_ci;
/*!40101 SET character_set_client = @saved_cs_client */;

--
-- Dumping data for table `productos_sub`
--

LOCK TABLES `productos_sub` WRITE;
/*!40000 ALTER TABLE `productos_sub` DISABLE KEYS */;
INSERT INTO `productos_sub` VALUES (2,2,1,0.60,96.00),(3,2,3,3.00,22500.00),(8,3,2,3.00,198.00),(12,2,4,200.00,19000.00),(13,3,3,1.00,7500.00),(14,17,2,12.00,792.00),(15,22,7,3.00,270000.00),(16,22,8,1.00,120000.00);
/*!40000 ALTER TABLE `productos_sub` ENABLE KEYS */;
UNLOCK TABLES;

--
-- Table structure for table `proveedores`
--

DROP TABLE IF EXISTS `proveedores`;
/*!40101 SET @saved_cs_client     = @@character_set_client */;
/*!50503 SET character_set_client = utf8mb4 */;
CREATE TABLE `proveedores` (
  `id` int NOT NULL AUTO_INCREMENT,
  `nit` varchar(45) CHARACTER SET utf8mb3 COLLATE utf8mb3_spanish_ci DEFAULT NULL,
  `nombre` varchar(45) CHARACTER SET utf8mb3 COLLATE utf8mb3_spanish_ci NOT NULL,
  `telefono` varchar(15) CHARACTER SET utf8mb3 COLLATE utf8mb3_unicode_ci DEFAULT NULL,
  `email` varchar(55) CHARACTER SET utf8mb3 COLLATE utf8mb3_general_ci DEFAULT NULL,
  `direccion` varchar(77) CHARACTER SET utf8mb3 COLLATE utf8mb3_general_ci DEFAULT NULL,
  `pais` varchar(30) CHARACTER SET utf8mb3 COLLATE utf8mb3_general_ci DEFAULT NULL,
  `ciudad` varchar(30) CHARACTER SET utf8mb3 COLLATE utf8mb3_general_ci DEFAULT NULL,
  `created_at` timestamp NULL DEFAULT CURRENT_TIMESTAMP,
  PRIMARY KEY (`id`)
) ENGINE=InnoDB AUTO_INCREMENT=8 DEFAULT CHARSET=utf8mb3 COLLATE=utf8mb3_unicode_ci;
/*!40101 SET character_set_client = @saved_cs_client */;

--
-- Dumping data for table `proveedores`
--

LOCK TABLES `proveedores` WRITE;
/*!40000 ALTER TABLE `proveedores` DISABLE KEYS */;
INSERT INTO `proveedores` VALUES (2,'901557836','Material instruments',NULL,NULL,NULL,NULL,NULL,'2025-09-16 05:13:30'),(3,'901533620','semiconductores LTA',NULL,NULL,NULL,NULL,NULL,'2025-09-16 05:15:13'),(4,'901326572','Plasticos colombia SAS',NULL,NULL,NULL,NULL,NULL,'2025-09-16 05:16:54'),(5,'901554320','Makro tech',NULL,NULL,NULL,NULL,NULL,'2025-09-16 05:22:38'),(6,NULL,'Celmax',NULL,NULL,NULL,NULL,NULL,'2025-09-16 05:22:45'),(7,NULL,'Argos',NULL,NULL,NULL,NULL,NULL,'2025-09-16 05:23:05');
/*!40000 ALTER TABLE `proveedores` ENABLE KEYS */;
UNLOCK TABLES;

--
-- Table structure for table `stockinsumossucursal`
--

DROP TABLE IF EXISTS `stockinsumossucursal`;
/*!40101 SET @saved_cs_client     = @@character_set_client */;
/*!50503 SET character_set_client = utf8mb4 */;
CREATE TABLE `stockinsumossucursal` (
  `id` int NOT NULL AUTO_INCREMENT,
  `subproductoid` int NOT NULL,
  `sucursalid` int NOT NULL,
  `stock` decimal(10,2) DEFAULT '0.00',
  `stockminimo` decimal(8,2) DEFAULT '0.00',
  `created_at` timestamp NULL DEFAULT CURRENT_TIMESTAMP,
  PRIMARY KEY (`id`),
  KEY `subproductoid_idx` (`subproductoid`),
  KEY `sucursal_id_idx` (`sucursalid`),
  CONSTRAINT `subproductoid` FOREIGN KEY (`subproductoid`) REFERENCES `subproductos` (`id`) ON DELETE CASCADE ON UPDATE CASCADE,
  CONSTRAINT `sucursal_id` FOREIGN KEY (`sucursalid`) REFERENCES `sucursales` (`id`) ON UPDATE CASCADE
) ENGINE=InnoDB AUTO_INCREMENT=32 DEFAULT CHARSET=utf8mb3 COLLATE=utf8mb3_unicode_ci;
/*!40101 SET character_set_client = @saved_cs_client */;

--
-- Dumping data for table `stockinsumossucursal`
--

LOCK TABLES `stockinsumossucursal` WRITE;
/*!40000 ALTER TABLE `stockinsumossucursal` DISABLE KEYS */;
INSERT INTO `stockinsumossucursal` VALUES (1,2,2,0.00,0.00,'2025-09-09 03:21:19'),(2,2,1,26.00,0.00,'2025-09-09 03:21:19'),(3,8,2,0.00,0.00,'2025-09-09 03:21:19'),(4,8,1,17.00,0.00,'2025-09-09 03:21:19'),(5,1,2,0.00,0.00,'2025-09-09 03:21:19'),(6,1,1,7.40,0.00,'2025-09-09 03:21:19'),(7,3,2,0.00,0.00,'2025-09-09 03:21:19'),(8,3,1,-17.00,0.00,'2025-09-09 03:21:19'),(9,4,2,0.00,0.00,'2025-09-09 03:21:19'),(10,4,1,-1199.98,0.00,'2025-09-09 03:21:19'),(11,7,2,0.00,0.00,'2025-09-09 03:21:19'),(12,7,1,28.00,0.00,'2025-09-09 03:21:19'),(13,5,2,0.00,0.00,'2025-09-09 03:21:19'),(14,5,1,0.00,0.00,'2025-09-09 03:21:19'),(15,9,2,0.00,0.00,'2025-09-09 03:21:19'),(16,9,1,0.00,0.00,'2025-09-09 03:21:19');
/*!40000 ALTER TABLE `stockinsumossucursal` ENABLE KEYS */;
UNLOCK TABLES;

--
-- Table structure for table `stockproductossucursal`
--

DROP TABLE IF EXISTS `stockproductossucursal`;
/*!40101 SET @saved_cs_client     = @@character_set_client */;
/*!50503 SET character_set_client = utf8mb4 */;
CREATE TABLE `stockproductossucursal` (
  `id` int NOT NULL AUTO_INCREMENT,
  `productoid` int NOT NULL,
  `sucursalid` int NOT NULL,
  `stock` decimal(10,2) DEFAULT '0.00',
  `stockminimo` decimal(8,2) DEFAULT '0.00',
  `habilitarventa` tinyint(1) DEFAULT '1',
  `created_at` timestamp NULL DEFAULT CURRENT_TIMESTAMP,
  PRIMARY KEY (`id`),
  KEY `productoid_idx` (`productoid`),
  KEY `sucursalid_idx` (`sucursalid`),
  CONSTRAINT `productoid` FOREIGN KEY (`productoid`) REFERENCES `productos` (`id`) ON DELETE CASCADE ON UPDATE CASCADE,
  CONSTRAINT `sucursalid` FOREIGN KEY (`sucursalid`) REFERENCES `sucursales` (`id`) ON UPDATE CASCADE
) ENGINE=InnoDB AUTO_INCREMENT=64 DEFAULT CHARSET=utf8mb3 COLLATE=utf8mb3_unicode_ci;
/*!40101 SET character_set_client = @saved_cs_client */;

--
-- Dumping data for table `stockproductossucursal`
--

LOCK TABLES `stockproductossucursal` WRITE;
/*!40000 ALTER TABLE `stockproductossucursal` DISABLE KEYS */;
INSERT INTO `stockproductossucursal` VALUES (1,1,2,0.00,0.00,1,'2025-09-08 05:14:55'),(2,1,1,0.00,0.00,1,'2025-09-08 05:14:55'),(3,2,2,0.00,0.00,1,'2025-09-08 05:14:55'),(4,2,1,0.00,0.00,1,'2025-09-08 05:14:55'),(5,3,2,0.00,0.00,1,'2025-09-08 05:14:55'),(6,3,1,-10.00,0.00,1,'2025-09-08 05:14:55'),(7,4,2,0.00,0.00,1,'2025-09-08 05:14:55'),(8,4,1,-6.00,0.00,1,'2025-09-08 05:14:55'),(9,5,2,-1.00,0.00,1,'2025-09-08 05:14:55'),(10,5,1,-13.00,0.00,1,'2025-09-08 05:14:55'),(11,6,2,3.00,0.00,1,'2025-09-08 05:14:55'),(12,6,1,3.00,0.00,1,'2025-09-08 05:14:55'),(13,7,2,0.00,0.00,1,'2025-09-08 05:14:55'),(14,7,1,15.00,0.00,1,'2025-09-08 05:14:55'),(15,8,2,-1.00,0.00,1,'2025-09-08 05:14:55'),(16,8,1,-2.00,0.00,1,'2025-09-08 05:14:55'),(17,9,2,0.00,0.00,1,'2025-09-08 05:14:55'),(18,9,1,5.00,0.00,1,'2025-09-08 05:14:55'),(19,10,2,0.00,0.00,1,'2025-09-08 05:14:55'),(20,10,1,-10.00,0.00,1,'2025-09-08 05:14:55'),(21,11,2,0.00,0.00,1,'2025-09-08 05:14:55'),(22,11,1,3.00,0.00,1,'2025-09-08 05:14:55'),(23,12,2,0.00,0.00,1,'2025-09-08 05:14:55'),(24,12,1,-2.00,0.00,1,'2025-09-08 05:14:55'),(25,14,2,0.00,0.00,1,'2025-09-08 05:14:55'),(26,14,1,9.00,0.00,1,'2025-09-08 05:14:55'),(27,16,2,0.00,0.00,1,'2025-09-08 05:14:55'),(28,16,1,-9.00,0.00,1,'2025-09-08 05:14:55'),(29,17,2,0.00,0.00,1,'2025-09-08 05:14:55'),(30,17,1,0.00,0.00,1,'2025-09-08 05:14:55'),(31,18,2,0.00,0.00,1,'2025-09-08 05:14:55'),(32,18,1,6.00,0.00,1,'2025-09-08 05:14:55'),(33,19,2,0.00,0.00,1,'2025-09-08 05:14:55'),(34,19,1,-4.00,0.00,1,'2025-09-08 05:14:55'),(35,20,2,0.00,0.00,1,'2025-09-08 05:14:55'),(36,20,1,0.00,0.00,1,'2025-09-08 05:14:55'),(37,21,2,-1.00,0.00,1,'2025-09-08 05:14:55'),(38,21,1,0.00,0.00,1,'2025-09-08 05:14:55'),(39,22,2,-4.00,0.00,1,'2025-09-08 05:14:55'),(40,22,1,2.00,0.00,1,'2025-09-08 05:14:55'),(41,23,2,-1.00,0.00,1,'2025-09-08 05:14:55'),(42,23,1,-1.00,0.00,1,'2025-09-08 05:14:55'),(43,24,2,0.00,0.00,1,'2025-09-08 05:14:55'),(44,24,1,-1.00,0.00,1,'2025-09-08 05:14:55'),(45,25,2,-2.00,0.00,1,'2025-09-08 05:14:55'),(46,25,1,0.00,0.00,1,'2025-09-08 05:14:55'),(47,13,2,-3.00,0.00,1,'2025-09-08 05:14:55'),(48,13,1,-28.00,0.00,1,'2025-09-08 05:14:55'),(49,15,2,0.00,0.00,1,'2025-09-08 05:14:55'),(50,15,1,0.00,0.00,1,'2025-09-08 05:14:55'),(51,26,2,-1.00,0.00,1,'2025-09-08 05:14:55'),(52,26,1,-3.00,0.00,1,'2025-09-08 05:14:55');
/*!40000 ALTER TABLE `stockproductossucursal` ENABLE KEYS */;
UNLOCK TABLES;

--
-- Table structure for table `subproductos`
--

DROP TABLE IF EXISTS `subproductos`;
/*!40101 SET @saved_cs_client     = @@character_set_client */;
/*!50503 SET character_set_client = utf8mb4 */;
CREATE TABLE `subproductos` (
  `id` int NOT NULL AUTO_INCREMENT,
  `id_unidadmedida` int NOT NULL,
  `insumoprocesado` tinyint(1) NOT NULL,
  `unidadmedida` varchar(33) CHARACTER SET utf8mb3 COLLATE utf8mb3_spanish_ci NOT NULL,
  `nombre` varchar(55) CHARACTER SET utf8mb3 COLLATE utf8mb3_spanish_ci NOT NULL,
  `sku` varchar(15) CHARACTER SET utf8mb3 COLLATE utf8mb3_spanish_ci DEFAULT NULL,
  `proveedor` varchar(45) CHARACTER SET utf8mb3 COLLATE utf8mb3_spanish_ci DEFAULT NULL,
  `descripcion` varchar(255) CHARACTER SET utf8mb3 COLLATE utf8mb3_spanish_ci DEFAULT NULL,
  `medidas` varchar(25) CHARACTER SET utf8mb3 COLLATE utf8mb3_spanish_ci DEFAULT NULL,
  `color` varchar(25) CHARACTER SET utf8mb3 COLLATE utf8mb3_spanish_ci DEFAULT NULL,
  `uso` varchar(25) CHARACTER SET utf8mb3 COLLATE utf8mb3_spanish_ci DEFAULT NULL,
  `stock` decimal(10,2) DEFAULT NULL,
  `stockminimo` decimal(8,2) DEFAULT NULL,
  `precio_compra` decimal(13,2) DEFAULT NULL,
  `fecha_ingreso` datetime DEFAULT NULL,
  PRIMARY KEY (`id`),
  KEY `idunidadmedida_idx` (`id_unidadmedida`),
  CONSTRAINT `id_unidadmedida` FOREIGN KEY (`id_unidadmedida`) REFERENCES `unidadesmedida` (`id`) ON UPDATE CASCADE
) ENGINE=InnoDB AUTO_INCREMENT=10 DEFAULT CHARSET=utf8mb3 COLLATE=utf8mb3_unicode_ci;
/*!40101 SET character_set_client = @saved_cs_client */;

--
-- Dumping data for table `subproductos`
--

LOCK TABLES `subproductos` WRITE;
/*!40000 ALTER TABLE `subproductos` DISABLE KEYS */;
INSERT INTO `subproductos` VALUES (1,4,0,'Kilogramos','Arena Media','12255445',NULL,NULL,NULL,NULL,NULL,13.60,11.00,160.00,'2025-02-10 00:03:13'),(2,1,0,'Unidad','Naranjas','55878523',NULL,NULL,NULL,NULL,NULL,20.00,5.00,66.00,'2025-02-10 05:27:35'),(3,4,0,'Kilogramos','Cemento','4500212036',NULL,NULL,NULL,NULL,NULL,2.00,15.00,7500.00,'2025-02-15 00:58:02'),(4,7,0,'Metros','Tubo de aluminio',NULL,NULL,NULL,NULL,NULL,NULL,-15.66,11.00,95.00,'2025-02-15 00:59:17'),(5,8,0,'Mililitros','Estuco blanco','0788000125',NULL,NULL,NULL,NULL,NULL,15013.00,10.00,0.00,'2025-02-17 05:07:49'),(7,7,0,'Metros','Lamina de madera calibre 12mm',NULL,NULL,NULL,NULL,NULL,NULL,7.00,0.00,90000.00,'2025-06-22 20:18:36'),(8,1,0,'Unidad','Cerraduras',NULL,NULL,NULL,NULL,NULL,NULL,5.00,0.00,120000.00,'2025-06-22 20:20:01'),(9,8,1,'Mililitros','Aceite Motul',NULL,NULL,NULL,NULL,NULL,NULL,0.00,0.00,0.00,'2025-07-20 05:16:39');
/*!40000 ALTER TABLE `subproductos` ENABLE KEYS */;
UNLOCK TABLES;

--
-- Table structure for table `sucursales`
--

DROP TABLE IF EXISTS `sucursales`;
/*!40101 SET @saved_cs_client     = @@character_set_client */;
/*!50503 SET character_set_client = utf8mb4 */;
CREATE TABLE `sucursales` (
  `id` int NOT NULL AUTO_INCREMENT,
  `nombre` varchar(99) CHARACTER SET utf8mb3 COLLATE utf8mb3_spanish_ci NOT NULL,
  `nit` varchar(15) COLLATE utf8mb3_unicode_ci DEFAULT NULL,
  `departamento` varchar(45) CHARACTER SET utf8mb3 COLLATE utf8mb3_spanish_ci DEFAULT NULL,
  `ciudad` varchar(45) CHARACTER SET utf8mb3 COLLATE utf8mb3_spanish_ci DEFAULT NULL,
  `direccion` varchar(145) CHARACTER SET utf8mb3 COLLATE utf8mb3_spanish_ci DEFAULT NULL,
  `telefono` varchar(45) CHARACTER SET utf8mb3 COLLATE utf8mb3_spanish_ci DEFAULT NULL,
  `movil` varchar(45) CHARACTER SET utf8mb3 COLLATE utf8mb3_spanish_ci DEFAULT NULL,
  `email` varchar(55) CHARACTER SET utf8mb3 COLLATE utf8mb3_spanish_ci DEFAULT NULL,
  `datosencabezados` varchar(512) CHARACTER SET utf8mb3 COLLATE utf8mb3_spanish_ci DEFAULT NULL,
  `ws` varchar(16) CHARACTER SET utf8mb3 COLLATE utf8mb3_spanish_ci DEFAULT NULL,
  `facebook` varchar(80) CHARACTER SET utf8mb3 COLLATE utf8mb3_spanish_ci DEFAULT NULL,
  `instagram` varchar(80) CHARACTER SET utf8mb3 COLLATE utf8mb3_spanish_ci DEFAULT NULL,
  `tiktok` varchar(80) CHARACTER SET utf8mb3 COLLATE utf8mb3_spanish_ci DEFAULT NULL,
  `youtube` varchar(80) CHARACTER SET utf8mb3 COLLATE utf8mb3_spanish_ci DEFAULT NULL,
  `logo` varchar(99) CHARACTER SET utf8mb3 COLLATE utf8mb3_spanish_ci DEFAULT NULL,
  `estado` tinyint(1) DEFAULT '1',
  `created_at` timestamp NULL DEFAULT CURRENT_TIMESTAMP,
  PRIMARY KEY (`id`)
) ENGINE=InnoDB AUTO_INCREMENT=3 DEFAULT CHARSET=utf8mb3 COLLATE=utf8mb3_unicode_ci;
/*!40101 SET character_set_client = @saved_cs_client */;

--
-- Dumping data for table `sucursales`
--

LOCK TABLES `sucursales` WRITE;
/*!40000 ALTER TABLE `sucursales` DISABLE KEYS */;
INSERT INTO `sucursales` VALUES (1,'Sede centro',NULL,NULL,NULL,'centro cr 19','3158863520',NULL,NULL,NULL,NULL,NULL,NULL,NULL,NULL,NULL,1,'2025-09-08 00:26:46'),(2,'Sede Av centenario',NULL,NULL,NULL,'Av centenario N 18','3169856621',NULL,NULL,NULL,NULL,NULL,NULL,NULL,NULL,NULL,1,'2025-09-08 00:26:46');
/*!40000 ALTER TABLE `sucursales` ENABLE KEYS */;
UNLOCK TABLES;

--
-- Table structure for table `tarifas`
--

DROP TABLE IF EXISTS `tarifas`;
/*!40101 SET @saved_cs_client     = @@character_set_client */;
/*!50503 SET character_set_client = utf8mb4 */;
CREATE TABLE `tarifas` (
  `id` int NOT NULL,
  `nombre` varchar(24) CHARACTER SET utf32 COLLATE utf32_spanish_ci NOT NULL,
  `valor` varchar(11) CHARACTER SET utf8mb3 COLLATE utf8mb3_spanish_ci NOT NULL,
  PRIMARY KEY (`id`)
) ENGINE=InnoDB DEFAULT CHARSET=utf8mb3 COLLATE=utf8mb3_unicode_ci;
/*!40101 SET character_set_client = @saved_cs_client */;

--
-- Dumping data for table `tarifas`
--

LOCK TABLES `tarifas` WRITE;
/*!40000 ALTER TABLE `tarifas` DISABLE KEYS */;
INSERT INTO `tarifas` VALUES (1,'Presencial','0'),(2,'Tarifa A','20000');
/*!40000 ALTER TABLE `tarifas` ENABLE KEYS */;
UNLOCK TABLES;

--
-- Table structure for table `tipofacturador`
--

DROP TABLE IF EXISTS `tipofacturador`;
/*!40101 SET @saved_cs_client     = @@character_set_client */;
/*!50503 SET character_set_client = utf8mb4 */;
CREATE TABLE `tipofacturador` (
  `id` int NOT NULL AUTO_INCREMENT,
  `nombre` varchar(22) CHARACTER SET utf8mb3 COLLATE utf8mb3_spanish_ci NOT NULL,
  PRIMARY KEY (`id`)
) ENGINE=InnoDB AUTO_INCREMENT=3 DEFAULT CHARSET=utf8mb3 COLLATE=utf8mb3_unicode_ci;
/*!40101 SET character_set_client = @saved_cs_client */;

--
-- Dumping data for table `tipofacturador`
--

LOCK TABLES `tipofacturador` WRITE;
/*!40000 ALTER TABLE `tipofacturador` DISABLE KEYS */;
INSERT INTO `tipofacturador` VALUES (1,'ELECTRONICA'),(2,'POS');
/*!40000 ALTER TABLE `tipofacturador` ENABLE KEYS */;
UNLOCK TABLES;

--
-- Table structure for table `unidadesmedida`
--

DROP TABLE IF EXISTS `unidadesmedida`;
/*!40101 SET @saved_cs_client     = @@character_set_client */;
/*!50503 SET character_set_client = utf8mb4 */;
CREATE TABLE `unidadesmedida` (
  `id` int NOT NULL AUTO_INCREMENT,
  `nombre` varchar(33) CHARACTER SET utf8mb3 COLLATE utf8mb3_spanish_ci NOT NULL,
  `simbolo` varchar(5) CHARACTER SET utf8mb3 COLLATE utf8mb3_spanish_ci DEFAULT NULL,
  `editable` tinyint(1) DEFAULT NULL,
  `fechacreacion` datetime DEFAULT NULL,
  `fechaupdate` datetime DEFAULT NULL,
  PRIMARY KEY (`id`)
) ENGINE=InnoDB AUTO_INCREMENT=12 DEFAULT CHARSET=utf8mb3 COLLATE=utf8mb3_unicode_ci;
/*!40101 SET character_set_client = @saved_cs_client */;

--
-- Dumping data for table `unidadesmedida`
--

LOCK TABLES `unidadesmedida` WRITE;
/*!40000 ALTER TABLE `unidadesmedida` DISABLE KEYS */;
INSERT INTO `unidadesmedida` VALUES (1,'Unidad','Und',0,'2025-02-07 00:00:00',NULL),(2,'Gramos','Gr',0,'2025-02-07 00:00:00',NULL),(3,'Libras','Lb',0,'2025-02-07 00:00:00',NULL),(4,'Kilogramos','Kg',0,'2025-02-07 00:00:00',NULL),(5,'Milimetros','Mn',0,'2025-02-07 00:00:00',NULL),(6,'Centimetros','Cm',0,'2025-02-07 00:00:00',NULL),(7,'Metros','Mt',0,'2025-02-07 00:00:00',NULL),(8,'Mililitros','Ml',0,'2025-02-07 00:00:00',NULL),(9,'Litros','Lt',0,'2025-02-07 00:00:00',NULL),(10,'Caja',NULL,1,'2025-02-17 05:26:36',NULL);
/*!40000 ALTER TABLE `unidadesmedida` ENABLE KEYS */;
UNLOCK TABLES;

--
-- Table structure for table `usuarios`
--

DROP TABLE IF EXISTS `usuarios`;
/*!40101 SET @saved_cs_client     = @@character_set_client */;
/*!50503 SET character_set_client = utf8mb4 */;
CREATE TABLE `usuarios` (
  `id` int NOT NULL AUTO_INCREMENT,
  `idsucursal` int NOT NULL,
  `nombre` varchar(40) CHARACTER SET utf8mb3 NOT NULL,
  `apellido` varchar(40) CHARACTER SET utf8mb3 DEFAULT NULL,
  `cedula` varchar(10) CHARACTER SET utf8mb3 DEFAULT NULL,
  `nickname` varchar(12) CHARACTER SET utf8mb3 NOT NULL,
  `movil` varchar(13) CHARACTER SET utf8mb3 COLLATE utf8mb3_spanish_ci DEFAULT NULL,
  `email` varchar(40) CHARACTER SET utf8mb3 DEFAULT NULL,
  `ws` varchar(13) CHARACTER SET utf8mb3 DEFAULT NULL,
  `password` varchar(60) CHARACTER SET utf8mb3 NOT NULL,
  `confirmado` tinyint(1) DEFAULT NULL,
  `token` varchar(13) CHARACTER SET utf8mb3 DEFAULT NULL,
  `perfil` varchar(20) CHARACTER SET utf8mb3 NOT NULL,
  `ciudad` varchar(44) CHARACTER SET utf8mb3 DEFAULT NULL,
  `direccion` varchar(60) CHARACTER SET utf8mb3 DEFAULT NULL,
  `fecha_nacimiento` date DEFAULT NULL,
  `img` varchar(60) CHARACTER SET utf8mb3 DEFAULT NULL,
  `fechacreacion` date DEFAULT NULL,
  `ultimologin` datetime DEFAULT NULL,
  PRIMARY KEY (`id`),
  UNIQUE KEY `nickname_UNIQUE` (`nickname`),
  UNIQUE KEY `identificacion_UNIQUE` (`cedula`),
  UNIQUE KEY `email_UNIQUE` (`email`),
  KEY `idsucursal_idx` (`idsucursal`),
  CONSTRAINT `idsucursal` FOREIGN KEY (`idsucursal`) REFERENCES `sucursales` (`id`) ON DELETE CASCADE ON UPDATE CASCADE
) ENGINE=InnoDB AUTO_INCREMENT=6 DEFAULT CHARSET=utf8mb3 COLLATE=utf8mb3_unicode_ci;
/*!40101 SET character_set_client = @saved_cs_client */;

--
-- Dumping data for table `usuarios`
--

LOCK TABLES `usuarios` WRITE;
/*!40000 ALTER TABLE `usuarios` DISABLE KEYS */;
INSERT INTO `usuarios` VALUES (1,1,'Julian','Rodriguez','1094552023','julianx1','3042029683','julianlink123@hotmail.com',NULL,'$2y$10$TmSbBtfQLZZwrDZDNT9XN.l8MgkhGfkB2g89qocNSFew2Msb93era',1,NULL,'1','Armenia','Calle 26 # 50-21 Barrio primero',NULL,'avatar.png','2024-03-25','2024-03-25 15:03:02'),(2,2,'Christian Manuel','Ramirez Heano','43887625','usuario1','3223356020','chramirez80@gmail.com',NULL,'$2y$10$GmxqvuIoX9tx2hSgPjGzu.aapEe9kChA.CY3AsQnM6WRpgjUGBIu6',1,NULL,'2','4','1',NULL,'','2024-01-08','2024-01-08 13:36:48'),(3,1,'David',NULL,NULL,'davidd','3042029684',NULL,NULL,'$2y$10$DrgpIvO86ljunRO6tvuSje0rO/AxH7xdh1Vd8.uI9q8Ss5TQhaZC6',1,NULL,'4',NULL,NULL,NULL,'cliente1/avatar/68c372e2c39e7jdrrperfil2020.jpg',NULL,NULL),(4,1,'Erika S','Sandoval',NULL,'erica',NULL,NULL,NULL,'1234',1,NULL,'4',NULL,NULL,NULL,'cliente1/avatar/68c39913171dbmodelperilshock.jpg',NULL,NULL),(5,2,'Alicia',NULL,NULL,'aliciaa',NULL,NULL,NULL,'1234',1,NULL,'4',NULL,NULL,NULL,'null',NULL,NULL);
/*!40000 ALTER TABLE `usuarios` ENABLE KEYS */;
UNLOCK TABLES;

--
-- Table structure for table `usuarios_permisos`
--

DROP TABLE IF EXISTS `usuarios_permisos`;
/*!40101 SET @saved_cs_client     = @@character_set_client */;
/*!50503 SET character_set_client = utf8mb4 */;
CREATE TABLE `usuarios_permisos` (
  `id` int NOT NULL AUTO_INCREMENT,
  `usuarioid` int NOT NULL,
  `permisoid` int NOT NULL,
  `created_at` timestamp NULL DEFAULT CURRENT_TIMESTAMP,
  PRIMARY KEY (`id`),
  KEY `usuario_id_idx` (`usuarioid`),
  KEY `permisoid_idx` (`permisoid`),
  CONSTRAINT `permisoid` FOREIGN KEY (`permisoid`) REFERENCES `permisos` (`id`) ON DELETE CASCADE ON UPDATE CASCADE,
  CONSTRAINT `usuarioid` FOREIGN KEY (`usuarioid`) REFERENCES `usuarios` (`id`) ON DELETE CASCADE ON UPDATE CASCADE
) ENGINE=InnoDB AUTO_INCREMENT=10 DEFAULT CHARSET=utf8mb3 COLLATE=utf8mb3_unicode_ci;
/*!40101 SET character_set_client = @saved_cs_client */;

--
-- Dumping data for table `usuarios_permisos`
--

LOCK TABLES `usuarios_permisos` WRITE;
/*!40000 ALTER TABLE `usuarios_permisos` DISABLE KEYS */;
INSERT INTO `usuarios_permisos` VALUES (1,3,1,'2025-09-12 03:42:45'),(2,3,2,'2025-09-12 03:42:45'),(3,3,4,'2025-09-12 03:42:45'),(5,4,1,'2025-09-12 03:52:51'),(6,4,2,'2025-09-12 03:52:51'),(7,5,9,'2025-09-12 04:32:24'),(8,3,6,'2025-09-22 01:22:50'),(9,3,9,'2025-09-22 01:23:06');
/*!40000 ALTER TABLE `usuarios_permisos` ENABLE KEYS */;
UNLOCK TABLES;

--
-- Table structure for table `ventas`
--

DROP TABLE IF EXISTS `ventas`;
/*!40101 SET @saved_cs_client     = @@character_set_client */;
/*!50503 SET character_set_client = utf8mb4 */;
CREATE TABLE `ventas` (
  `id` int NOT NULL AUTO_INCREMENT,
  `idfactura` int NOT NULL,
  `idproducto` int DEFAULT NULL,
  `tipoproducto` tinyint(1) DEFAULT NULL,
  `tipoproduccion` tinyint(1) DEFAULT NULL,
  `rendimientoestandar` decimal(11,2) DEFAULT NULL,
  `nombreproducto` varchar(124) CHARACTER SET utf8mb3 COLLATE utf8mb3_spanish_ci NOT NULL,
  `foto` varchar(99) CHARACTER SET utf8mb3 COLLATE utf8mb3_spanish_ci DEFAULT NULL,
  `valorunidad` int DEFAULT NULL,
  `cantidad` decimal(10,2) NOT NULL,
  `subtotal` decimal(13,2) DEFAULT NULL,
  `base` decimal(12,3) DEFAULT NULL,
  `impuesto` varchar(11) CHARACTER SET utf8mb3 COLLATE utf8mb3_spanish_ci DEFAULT NULL,
  `valorimp` decimal(12,3) DEFAULT NULL,
  `descuento` int DEFAULT NULL,
  `total` decimal(13,2) DEFAULT NULL,
  `dato1` varchar(45) CHARACTER SET utf8mb3 COLLATE utf8mb3_spanish_ci DEFAULT NULL,
  `dato2` varchar(45) CHARACTER SET utf8mb3 COLLATE utf8mb3_spanish_ci DEFAULT NULL,
  PRIMARY KEY (`id`),
  KEY `idproducto_idx` (`idproducto`),
  KEY `idfactura_idx` (`idfactura`),
  CONSTRAINT `idfactura` FOREIGN KEY (`idfactura`) REFERENCES `facturas` (`id`) ON DELETE CASCADE ON UPDATE CASCADE,
  CONSTRAINT `idproducto` FOREIGN KEY (`idproducto`) REFERENCES `productos` (`id`) ON DELETE SET NULL ON UPDATE CASCADE
) ENGINE=InnoDB AUTO_INCREMENT=2 DEFAULT CHARSET=utf8mb3 COLLATE=utf8mb3_unicode_ci;
/*!40101 SET character_set_client = @saved_cs_client */;

--
-- Dumping data for table `ventas`
--

LOCK TABLES `ventas` WRITE;
/*!40000 ALTER TABLE `ventas` DISABLE KEYS */;
INSERT INTO `ventas` VALUES (1,1,3,1,1,1.00,'Taladro percutor BLACK AND DECKER 550W 1/2','undefined',213900,2.00,427800.00,427800.000,'excluido',0.000,0,427800.00,'','');
/*!40000 ALTER TABLE `ventas` ENABLE KEYS */;
UNLOCK TABLES;

--
-- Dumping routines for database 'contapos'
--
/*!40103 SET TIME_ZONE=@OLD_TIME_ZONE */;

/*!40101 SET SQL_MODE=@OLD_SQL_MODE */;
/*!40014 SET FOREIGN_KEY_CHECKS=@OLD_FOREIGN_KEY_CHECKS */;
/*!40014 SET UNIQUE_CHECKS=@OLD_UNIQUE_CHECKS */;
/*!40101 SET CHARACTER_SET_CLIENT=@OLD_CHARACTER_SET_CLIENT */;
/*!40101 SET CHARACTER_SET_RESULTS=@OLD_CHARACTER_SET_RESULTS */;
/*!40101 SET COLLATION_CONNECTION=@OLD_COLLATION_CONNECTION */;
/*!40111 SET SQL_NOTES=@OLD_SQL_NOTES */;

-- Dump completed on 2025-09-23  1:07:41
