-- MySQL dump 10.13  Distrib 8.0.18, for Win64 (x86_64)
--
-- Host: 127.0.0.1    Database: contapos
-- ------------------------------------------------------
-- Server version	8.0.40

/*!40101 SET @OLD_CHARACTER_SET_CLIENT=@@CHARACTER_SET_CLIENT */;
/*!40101 SET @OLD_CHARACTER_SET_RESULTS=@@CHARACTER_SET_RESULTS */;
/*!40101 SET @OLD_COLLATION_CONNECTION=@@COLLATION_CONNECTION */;
/*!50503 SET NAMES utf8mb4 */;
/*!40103 SET @OLD_TIME_ZONE=@@TIME_ZONE */;
/*!40103 SET TIME_ZONE='+00:00' */;
/*!40014 SET @OLD_UNIQUE_CHECKS=@@UNIQUE_CHECKS, UNIQUE_CHECKS=0 */;
/*!40014 SET @OLD_FOREIGN_KEY_CHECKS=@@FOREIGN_KEY_CHECKS, FOREIGN_KEY_CHECKS=0 */;
/*!40101 SET @OLD_SQL_MODE=@@SQL_MODE, SQL_MODE='NO_AUTO_VALUE_ON_ZERO' */;
/*!40111 SET @OLD_SQL_NOTES=@@SQL_NOTES, SQL_NOTES=0 */;

--
-- Table structure for table `arqueoscajas`
--

DROP TABLE IF EXISTS `arqueoscajas`;
/*!40101 SET @saved_cs_client     = @@character_set_client */;
/*!50503 SET character_set_client = utf8mb4 */;
CREATE TABLE `arqueoscajas` (
  `id` int NOT NULL AUTO_INCREMENT,
  `id_cierrecajaid` int NOT NULL,
  `cienmil` int DEFAULT NULL,
  `cincuentamil` int DEFAULT NULL,
  `veintemil` int DEFAULT NULL,
  `diezmil` int DEFAULT NULL,
  `cincomil` int DEFAULT NULL,
  `dosmil` int DEFAULT NULL,
  `mil` int DEFAULT NULL,
  `quinientos` int DEFAULT NULL,
  `docientos` int DEFAULT NULL,
  `cien` int DEFAULT NULL,
  `cincuenta` int DEFAULT NULL,
  `dato1` int DEFAULT NULL,
  `dato2` int DEFAULT NULL,
  PRIMARY KEY (`id`),
  KEY `id_cierrecajaid_idx` (`id_cierrecajaid`),
  CONSTRAINT `id_cierrecajaid` FOREIGN KEY (`id_cierrecajaid`) REFERENCES `cierrescajas` (`id`) ON DELETE CASCADE ON UPDATE CASCADE
) ENGINE=InnoDB AUTO_INCREMENT=4 DEFAULT CHARSET=utf8mb3 COLLATE=utf8mb3_unicode_ci;
/*!40101 SET character_set_client = @saved_cs_client */;

--
-- Dumping data for table `arqueoscajas`
--

LOCK TABLES `arqueoscajas` WRITE;
/*!40000 ALTER TABLE `arqueoscajas` DISABLE KEYS */;
INSERT INTO `arqueoscajas` VALUES (1,1,4,3,5,0,0,0,0,0,0,0,0,0,0),(2,3,11,10,6,12,0,0,0,0,0,0,0,0,0),(3,4,0,0,0,0,0,0,0,0,0,0,0,0,0);
/*!40000 ALTER TABLE `arqueoscajas` ENABLE KEYS */;
UNLOCK TABLES;

--
-- Table structure for table `bancos`
--

DROP TABLE IF EXISTS `bancos`;
/*!40101 SET @saved_cs_client     = @@character_set_client */;
/*!50503 SET character_set_client = utf8mb4 */;
CREATE TABLE `bancos` (
  `id` int NOT NULL AUTO_INCREMENT,
  `nombre` varchar(45) CHARACTER SET utf8mb3 COLLATE utf8mb3_spanish_ci NOT NULL,
  `numerocuenta` varchar(45) CHARACTER SET utf8mb3 COLLATE utf8mb3_spanish_ci DEFAULT NULL,
  `saldo` decimal(14,2) DEFAULT '0.00',
  `estado` tinyint(1) DEFAULT '1',
  `created_at` timestamp NULL DEFAULT CURRENT_TIMESTAMP,
  PRIMARY KEY (`id`)
) ENGINE=InnoDB AUTO_INCREMENT=2 DEFAULT CHARSET=utf8mb3 COLLATE=utf8mb3_unicode_ci;
/*!40101 SET character_set_client = @saved_cs_client */;

--
-- Dumping data for table `bancos`
--

LOCK TABLES `bancos` WRITE;
/*!40000 ALTER TABLE `bancos` DISABLE KEYS */;
INSERT INTO `bancos` VALUES (1,'BBVA','16553846591',NULL,1,'2025-08-31 15:54:18');
/*!40000 ALTER TABLE `bancos` ENABLE KEYS */;
UNLOCK TABLES;

--
-- Table structure for table `caja`
--

DROP TABLE IF EXISTS `caja`;
/*!40101 SET @saved_cs_client     = @@character_set_client */;
/*!50503 SET character_set_client = utf8mb4 */;
CREATE TABLE `caja` (
  `id` int NOT NULL AUTO_INCREMENT,
  `idsucursalid` int DEFAULT NULL,
  `idtipoconsecutivo` int NOT NULL,
  `nombre` varchar(33) CHARACTER SET utf8mb3 COLLATE utf8mb3_spanish_ci NOT NULL,
  `negocio` varchar(45) CHARACTER SET utf8mb3 COLLATE utf8mb3_spanish_ci DEFAULT NULL,
  `editable` tinyint(1) DEFAULT '1',
  PRIMARY KEY (`id`),
  KEY `idconsecutivo_idx` (`idtipoconsecutivo`),
  KEY `idsucursalid_idx` (`idsucursalid`),
  CONSTRAINT `idconsecutivo` FOREIGN KEY (`idtipoconsecutivo`) REFERENCES `consecutivos` (`id`) ON UPDATE CASCADE,
  CONSTRAINT `idsucursalid` FOREIGN KEY (`idsucursalid`) REFERENCES `sucursales` (`id`) ON UPDATE CASCADE
) ENGINE=InnoDB AUTO_INCREMENT=4 DEFAULT CHARSET=utf8mb3 COLLATE=utf8mb3_unicode_ci;
/*!40101 SET character_set_client = @saved_cs_client */;

--
-- Dumping data for table `caja`
--

LOCK TABLES `caja` WRITE;
/*!40000 ALTER TABLE `caja` DISABLE KEYS */;
INSERT INTO `caja` VALUES (1,1,1,'Caja principal','Negocios pos sas',0),(2,2,2,'Caja principal','Negocios pos sas',0),(3,1,1,'Caja auxiliar','Negocios pos sas',1);
/*!40000 ALTER TABLE `caja` ENABLE KEYS */;
UNLOCK TABLES;

--
-- Table structure for table `categoriagastos`
--

DROP TABLE IF EXISTS `categoriagastos`;
/*!40101 SET @saved_cs_client     = @@character_set_client */;
/*!50503 SET character_set_client = utf8mb4 */;
CREATE TABLE `categoriagastos` (
  `id` int NOT NULL AUTO_INCREMENT,
  `nombre` varchar(45) CHARACTER SET utf8mb3 COLLATE utf8mb3_spanish_ci NOT NULL,
  PRIMARY KEY (`id`)
) ENGINE=InnoDB AUTO_INCREMENT=11 DEFAULT CHARSET=utf8mb3 COLLATE=utf8mb3_unicode_ci;
/*!40101 SET character_set_client = @saved_cs_client */;

--
-- Dumping data for table `categoriagastos`
--

LOCK TABLES `categoriagastos` WRITE;
/*!40000 ALTER TABLE `categoriagastos` DISABLE KEYS */;
INSERT INTO `categoriagastos` VALUES (1,'Rebastecimiento'),(2,'Arriendo o alquiler de esepacio'),(3,'Marketing o publicidad'),(4,'Papeleria'),(5,'Mantenimiento y/o reparacion'),(6,'Alquiler de equipos'),(7,'Servicios publicos'),(8,'Insumos de aseo'),(9,'Logistica distribucion o transporte '),(10,'Otros');
/*!40000 ALTER TABLE `categoriagastos` ENABLE KEYS */;
UNLOCK TABLES;

--
-- Table structure for table `categorias`
--

DROP TABLE IF EXISTS `categorias`;
/*!40101 SET @saved_cs_client     = @@character_set_client */;
/*!50503 SET character_set_client = utf8mb4 */;
CREATE TABLE `categorias` (
  `id` int NOT NULL AUTO_INCREMENT,
  `nombre` varchar(45) CHARACTER SET utf8mb3 COLLATE utf8mb3_general_ci NOT NULL,
  `codigo` varchar(15) CHARACTER SET utf8mb3 COLLATE utf8mb3_general_ci DEFAULT NULL,
  `totalproductos` int DEFAULT NULL,
  `foto` varchar(99) CHARACTER SET utf8mb3 COLLATE utf8mb3_general_ci DEFAULT NULL,
  `fechacreacion` date DEFAULT NULL,
  `visible` tinyint(1) DEFAULT NULL,
  PRIMARY KEY (`id`),
  UNIQUE KEY `nombre_UNIQUE` (`nombre`),
  UNIQUE KEY `referencia_UNIQUE` (`codigo`)
) ENGINE=InnoDB AUTO_INCREMENT=13 DEFAULT CHARSET=utf8mb3 COLLATE=utf8mb3_unicode_ci;
/*!40101 SET character_set_client = @saved_cs_client */;

--
-- Dumping data for table `categorias`
--

LOCK TABLES `categorias` WRITE;
/*!40000 ALTER TABLE `categorias` DISABLE KEYS */;
INSERT INTO `categorias` VALUES (1,'Categoria_Otros',NULL,0,NULL,NULL,0),(5,'Equipos Electricos','E001',7,NULL,'2025-02-06',1),(6,'Equipos Neumaticos','E002',NULL,NULL,'2024-01-14',1),(7,'Herramientas Manuales','H001',5,NULL,'2024-01-14',1),(8,'Herramientas Electricas','H002',2,NULL,'2025-01-29',1),(9,'Proteinas ',NULL,5,NULL,'2024-11-02',1),(10,'Obra Negra',NULL,1,NULL,'2025-02-02',1),(11,'Equipos Electronicos',NULL,2,NULL,'2025-06-22',1),(12,'Acabados',NULL,2,NULL,'2025-06-22',1);
/*!40000 ALTER TABLE `categorias` ENABLE KEYS */;
UNLOCK TABLES;

--
-- Table structure for table `cierrescajas`
--

DROP TABLE IF EXISTS `cierrescajas`;
/*!40101 SET @saved_cs_client     = @@character_set_client */;
/*!50503 SET character_set_client = utf8mb4 */;
CREATE TABLE `cierrescajas` (
  `id` int NOT NULL AUTO_INCREMENT,
  `idsucursal_id` int DEFAULT NULL,
  `idcaja` int DEFAULT NULL,
  `id_usuario` int DEFAULT NULL,
  `nombrecaja` varchar(33) CHARACTER SET utf8mb3 COLLATE utf8mb3_spanish_ci DEFAULT NULL,
  `nombreusuario` varchar(80) CHARACTER SET utf8mb3 COLLATE utf8mb3_spanish_ci DEFAULT NULL,
  `fechainicio` datetime NOT NULL,
  `fechacierre` datetime DEFAULT NULL,
  `ncambiosaventa` int DEFAULT NULL,
  `totalcotizaciones` int DEFAULT NULL,
  `totalfacturas` int DEFAULT NULL,
  `facturaselectronicas` int DEFAULT NULL,
  `facturaspos` int DEFAULT NULL,
  `valorfe` varchar(14) CHARACTER SET utf8mb3 COLLATE utf8mb3_spanish_ci DEFAULT NULL,
  `descuentofe` varchar(14) CHARACTER SET utf8mb3 COLLATE utf8mb3_spanish_ci DEFAULT NULL,
  `descuentopos` varchar(14) CHARACTER SET utf8mb3 COLLATE utf8mb3_spanish_ci DEFAULT NULL,
  `basecaja` varchar(14) CHARACTER SET utf8mb3 COLLATE utf8mb3_spanish_ci DEFAULT NULL,
  `ventasenefectivo` varchar(14) CHARACTER SET utf8mb3 COLLATE utf8mb3_spanish_ci DEFAULT NULL,
  `gastoscaja` varchar(14) CHARACTER SET utf8mb3 COLLATE utf8mb3_spanish_ci DEFAULT NULL,
  `gastosbanco` varchar(14) CHARACTER SET utf8mb3 COLLATE utf8mb3_spanish_ci DEFAULT NULL,
  `valorpos` varchar(14) CHARACTER SET utf8mb3 COLLATE utf8mb3_spanish_ci DEFAULT NULL,
  `dineroencaja` varchar(14) CHARACTER SET utf8mb3 COLLATE utf8mb3_spanish_ci DEFAULT NULL,
  `domicilios` varchar(10) CHARACTER SET utf8mb3 COLLATE utf8mb3_spanish_ci DEFAULT NULL,
  `ndomicilios` int DEFAULT NULL,
  `realencaja` varchar(14) CHARACTER SET utf8mb3 COLLATE utf8mb3_spanish_ci DEFAULT NULL,
  `ingresoventas` varchar(14) CHARACTER SET utf8mb3 COLLATE utf8mb3_spanish_ci DEFAULT NULL,
  `totaldescuentos` varchar(14) CHARACTER SET utf8mb3 COLLATE utf8mb3_spanish_ci DEFAULT NULL,
  `realventas` varchar(14) CHARACTER SET utf8mb3 COLLATE utf8mb3_spanish_ci DEFAULT NULL,
  `valorimpuestototal` varchar(14) CHARACTER SET utf8mb3 COLLATE utf8mb3_spanish_ci DEFAULT NULL,
  `totalbruto` varchar(14) CHARACTER SET utf8mb3 COLLATE utf8mb3_spanish_ci DEFAULT NULL,
  `estado` tinyint(1) NOT NULL,
  `dato1` varchar(11) CHARACTER SET utf8mb3 COLLATE utf8mb3_spanish_ci DEFAULT NULL,
  `dato2` varchar(11) CHARACTER SET utf32 COLLATE utf32_spanish_ci DEFAULT NULL,
  PRIMARY KEY (`id`),
  KEY `idcaja_idx` (`idcaja`),
  KEY `id_usuario_idx` (`id_usuario`),
  KEY `idsucursal_id_idx` (`idsucursal_id`),
  CONSTRAINT `id_usuario` FOREIGN KEY (`id_usuario`) REFERENCES `usuarios` (`id`) ON DELETE SET NULL ON UPDATE CASCADE,
  CONSTRAINT `idcaja` FOREIGN KEY (`idcaja`) REFERENCES `caja` (`id`) ON UPDATE CASCADE,
  CONSTRAINT `idsucursal_id` FOREIGN KEY (`idsucursal_id`) REFERENCES `sucursales` (`id`) ON UPDATE CASCADE
) ENGINE=InnoDB DEFAULT CHARSET=utf8mb3 COLLATE=utf8mb3_unicode_ci;
/*!40101 SET character_set_client = @saved_cs_client */;

--
-- Dumping data for table `cierrescajas`
--

LOCK TABLES `cierrescajas` WRITE;
/*!40000 ALTER TABLE `cierrescajas` DISABLE KEYS */;
/*!40000 ALTER TABLE `cierrescajas` ENABLE KEYS */;
UNLOCK TABLES;

--
-- Table structure for table `clientes`
--

DROP TABLE IF EXISTS `clientes`;
/*!40101 SET @saved_cs_client     = @@character_set_client */;
/*!50503 SET character_set_client = utf8mb4 */;
CREATE TABLE `clientes` (
  `id` int NOT NULL AUTO_INCREMENT,
  `nombre` varchar(35) CHARACTER SET utf8mb3 COLLATE utf8mb3_general_ci NOT NULL,
  `apellido` varchar(35) CHARACTER SET utf8mb3 COLLATE utf8mb3_general_ci NOT NULL,
  `tipodocumento` varchar(36) COLLATE utf8mb3_unicode_ci NOT NULL,
  `identificacion` varchar(11) CHARACTER SET utf8mb3 COLLATE utf8mb3_general_ci NOT NULL,
  `telefono` varchar(14) CHARACTER SET utf8mb3 COLLATE utf8mb3_general_ci NOT NULL,
  `email` varchar(55) CHARACTER SET utf8mb3 COLLATE utf8mb3_general_ci DEFAULT NULL,
  `fecha_nacimiento` date DEFAULT NULL,
  `total_compras` int DEFAULT NULL,
  `ultima_compra` datetime DEFAULT NULL,
  `data1` varchar(45) CHARACTER SET utf8mb3 COLLATE utf8mb3_general_ci DEFAULT NULL,
  PRIMARY KEY (`id`),
  UNIQUE KEY `identificacion_UNIQUE` (`identificacion`)
) ENGINE=InnoDB AUTO_INCREMENT=27 DEFAULT CHARSET=utf8mb3 COLLATE=utf8mb3_unicode_ci;
/*!40101 SET character_set_client = @saved_cs_client */;

--
-- Dumping data for table `clientes`
--

LOCK TABLES `clientes` WRITE;
/*!40000 ALTER TABLE `clientes` DISABLE KEYS */;
INSERT INTO `clientes` VALUES (1,'N/a','N/a','6','N/a','N/a','N/a',NULL,NULL,NULL,NULL),(4,'Juan Guillero','Alzate Mendoza','3','41558620','(320) 554-8746','juang@correo.com',NULL,1831464,'2024-02-09 01:54:34',NULL),(6,'Steven','Morales','3','1092445120','(311) 547-8233',NULL,NULL,1422700,'2024-02-04 01:11:06',NULL),(7,'Sofia','Reyes Betankourt','3','1093556004','(315) 447-8063',NULL,NULL,4640700,'2024-02-09 01:53:59',NULL),(8,'Manuel','Pinilla','3','1093556980','(312) 554-8880',NULL,NULL,1988000,'2024-02-09 01:55:22',NULL),(9,'Luis Fernando','Montes','3','1094887112','(314) 550-5659',NULL,NULL,421000,'2024-02-09 10:43:40',NULL),(10,'Maria Luisa','Beltran Loaiza','3','1094995623','(316) 554-5878',NULL,NULL,1116000,'2024-02-04 01:12:45',NULL),(11,'Dario','Londoño Perez','3','1092445164','(318) 445-2123',NULL,NULL,2418416,'2024-02-04 01:09:28',NULL),(12,'Tomas','Restrepo','3','1094554123','(317) 445-2231',NULL,NULL,NULL,NULL,NULL),(13,'Lina','Ospina Ruiz','3','47889520','(319) ___-____',NULL,NULL,147700,'2024-02-04 01:13:06',NULL),(14,'Lucas Manuel','Gomez Serna','3','41556230','(316) 554-2220',NULL,NULL,1721410,'2024-02-09 10:41:55',NULL),(15,'Luisa Fernanda','Marin Escobar','3','456687210','(318) ___-____',NULL,NULL,1963295,'2024-02-08 23:59:21',NULL),(16,'Leidy','Cardona Patiño','3','1093456203','(315) 447-8556',NULL,NULL,5003682,'2024-02-04 01:04:38',NULL),(17,'Ana','Rincon','3','1090450155','3152208540','anar@gmail.com',NULL,NULL,NULL,NULL),(18,'Miguel','Perdomo','3','1092452012','3145520127','miguel45@hotmail.com',NULL,NULL,NULL,NULL),(24,'Robert','Salamanca','3','41285112','3125842041','robertj@entel.cl',NULL,NULL,NULL,NULL),(25,'Andrea','Carvajal','3','1094887510','3124507832','andrecvj@gmail.com',NULL,NULL,NULL,NULL),(26,'maletero','beltran','CC','9855200','3145520986','maletero@maleta.com',NULL,NULL,NULL,NULL);
/*!40000 ALTER TABLE `clientes` ENABLE KEYS */;
UNLOCK TABLES;

--
-- Table structure for table `compras`
--

DROP TABLE IF EXISTS `compras`;
/*!40101 SET @saved_cs_client     = @@character_set_client */;
/*!50503 SET character_set_client = utf8mb4 */;
CREATE TABLE `compras` (
  `id` int NOT NULL AUTO_INCREMENT,
  `id_sucursal_id` int DEFAULT NULL,
  `idusuario` int DEFAULT NULL,
  `idproveedor` int DEFAULT NULL,
  `idformapago` int DEFAULT NULL,
  `idorigencaja` int DEFAULT NULL,
  `idorigenbanco` int DEFAULT NULL,
  `nombreorigencaja` varchar(45) CHARACTER SET utf8mb3 COLLATE utf8mb3_spanish_ci DEFAULT NULL,
  `nombreorigenbanco` varchar(45) CHARACTER SET utf8mb3 COLLATE utf8mb3_spanish_ci DEFAULT NULL,
  `nombreusuario` varchar(45) CHARACTER SET utf8mb3 COLLATE utf8mb3_spanish_ci NOT NULL,
  `nombreproveedor` varchar(45) CHARACTER SET utf8mb3 COLLATE utf8mb3_spanish_ci DEFAULT NULL,
  `formapago` varchar(45) CHARACTER SET utf8mb3 COLLATE utf8mb3_spanish_ci DEFAULT NULL,
  `nfactura` varchar(45) CHARACTER SET utf8mb3 COLLATE utf8mb3_spanish_ci DEFAULT NULL,
  `impuesto` int DEFAULT NULL,
  `origenpago` tinyint(1) DEFAULT NULL,
  `nombreorigenpago` varchar(45) CHARACTER SET utf8mb3 COLLATE utf8mb3_spanish_ci DEFAULT NULL,
  `cantidaditems` int NOT NULL,
  `observacion` varchar(255) CHARACTER SET utf8mb3 COLLATE utf8mb3_spanish_ci DEFAULT NULL,
  `estado` varchar(22) CHARACTER SET utf8mb3 COLLATE utf8mb3_spanish_ci NOT NULL,
  `subtotal` decimal(12,2) NOT NULL,
  `valortotal` decimal(12,2) NOT NULL,
  `fechacompra` datetime NOT NULL,
  PRIMARY KEY (`id`),
  KEY `idusuario_idx` (`idusuario`),
  KEY `id_usuario_idx` (`idusuario`),
  KEY `id_sucursal_id_idx` (`id_sucursal_id`),
  CONSTRAINT `id_sucursal_id` FOREIGN KEY (`id_sucursal_id`) REFERENCES `sucursales` (`id`) ON UPDATE CASCADE,
  CONSTRAINT `usuario_id` FOREIGN KEY (`idusuario`) REFERENCES `usuarios` (`id`) ON DELETE SET NULL ON UPDATE CASCADE
) ENGINE=InnoDB DEFAULT CHARSET=utf8mb3 COLLATE=utf8mb3_unicode_ci;
/*!40101 SET character_set_client = @saved_cs_client */;

--
-- Dumping data for table `compras`
--

LOCK TABLES `compras` WRITE;
/*!40000 ALTER TABLE `compras` DISABLE KEYS */;
/*!40000 ALTER TABLE `compras` ENABLE KEYS */;
UNLOCK TABLES;

--
-- Table structure for table `consecutivos`
--

DROP TABLE IF EXISTS `consecutivos`;
/*!40101 SET @saved_cs_client     = @@character_set_client */;
/*!50503 SET character_set_client = utf8mb4 */;
CREATE TABLE `consecutivos` (
  `id` int NOT NULL AUTO_INCREMENT,
  `id_sucursalid` int DEFAULT NULL,
  `idtipofacturador` int NOT NULL,
  `idnegocio` int DEFAULT NULL,
  `nombre` varchar(33) CHARACTER SET utf8mb3 COLLATE utf8mb3_unicode_ci NOT NULL,
  `rangoinicial` int DEFAULT NULL,
  `rangofinal` varchar(11) COLLATE utf8mb3_unicode_ci DEFAULT NULL,
  `siguientevalor` varchar(11) COLLATE utf8mb3_unicode_ci DEFAULT NULL,
  `fechainicio` date DEFAULT NULL,
  `fechafin` date DEFAULT NULL,
  `resolucion` varchar(22) COLLATE utf8mb3_unicode_ci DEFAULT NULL,
  `consecutivoremplazo` varchar(33) COLLATE utf8mb3_unicode_ci DEFAULT NULL,
  `prefijo` varchar(11) COLLATE utf8mb3_unicode_ci DEFAULT NULL,
  `mostrarresolucion` tinyint(1) DEFAULT NULL,
  `mostrarimpuestodiscriminado` tinyint(1) DEFAULT NULL,
  `tokenfacturaelectronica` varchar(45) COLLATE utf8mb3_unicode_ci DEFAULT NULL,
  `estado` tinyint(1) DEFAULT NULL,
  PRIMARY KEY (`id`),
  KEY `idtipofacturador_idx` (`idtipofacturador`),
  KEY `id_sucursalid_idx` (`id_sucursalid`),
  CONSTRAINT `id_sucursalid` FOREIGN KEY (`id_sucursalid`) REFERENCES `sucursales` (`id`) ON UPDATE CASCADE,
  CONSTRAINT `idtipofacturador` FOREIGN KEY (`idtipofacturador`) REFERENCES `tipofacturador` (`id`) ON UPDATE CASCADE
) ENGINE=InnoDB AUTO_INCREMENT=4 DEFAULT CHARSET=utf8mb3 COLLATE=utf8mb3_unicode_ci;
/*!40101 SET character_set_client = @saved_cs_client */;

--
-- Dumping data for table `consecutivos`
--

LOCK TABLES `consecutivos` WRITE;
/*!40000 ALTER TABLE `consecutivos` DISABLE KEYS */;
INSERT INTO `consecutivos` VALUES (1,1,2,1,'Facturacion POS',1,'5000','1',NULL,'2025-03-21',NULL,NULL,'FAP',1,1,NULL,1),(2,1,2,1,'Documento equivalente Pos',1,'500','1',NULL,'2025-05-12',NULL,NULL,'DOCP',1,1,NULL,1),(3,1,1,1,'Factura electronica 512',1,'1500','1',NULL,'2025-09-15','9560055445801',NULL,'FE',1,1,'abcde',1);
/*!40000 ALTER TABLE `consecutivos` ENABLE KEYS */;
UNLOCK TABLES;

--
-- Table structure for table `conversionunidades`
--

DROP TABLE IF EXISTS `conversionunidades`;
/*!40101 SET @saved_cs_client     = @@character_set_client */;
/*!50503 SET character_set_client = utf8mb4 */;
CREATE TABLE `conversionunidades` (
  `id` int NOT NULL AUTO_INCREMENT,
  `idproducto` int DEFAULT NULL,
  `idsubproducto` int DEFAULT NULL,
  `idunidadmedidabase` int NOT NULL,
  `idunidadmedidadestino` int NOT NULL,
  `nombreunidadbase` varchar(22) CHARACTER SET utf8mb3 COLLATE utf8mb3_spanish_ci DEFAULT NULL,
  `nombreunidaddestino` varchar(22) CHARACTER SET utf8mb3 COLLATE utf8mb3_spanish_ci DEFAULT NULL,
  `factorconversion` decimal(11,3) NOT NULL,
  PRIMARY KEY (`id`),
  KEY `idsubproducto_idx` (`idsubproducto`),
  KEY `idunidadmedidabase_idx` (`idunidadmedidabase`),
  KEY `idunidadmedidadestino_idx` (`idunidadmedidadestino`),
  KEY `idproducto_idx` (`idproducto`),
  CONSTRAINT `idsubproducto` FOREIGN KEY (`idsubproducto`) REFERENCES `subproductos` (`id`) ON DELETE CASCADE ON UPDATE CASCADE,
  CONSTRAINT `idunidadmedidabase` FOREIGN KEY (`idunidadmedidabase`) REFERENCES `unidadesmedida` (`id`) ON DELETE CASCADE ON UPDATE CASCADE,
  CONSTRAINT `idunidadmedidadestino` FOREIGN KEY (`idunidadmedidadestino`) REFERENCES `unidadesmedida` (`id`) ON DELETE CASCADE ON UPDATE CASCADE,
  CONSTRAINT `producto_id` FOREIGN KEY (`idproducto`) REFERENCES `productos` (`id`) ON DELETE CASCADE ON UPDATE CASCADE
) ENGINE=InnoDB AUTO_INCREMENT=122 DEFAULT CHARSET=utf8mb3 COLLATE=utf8mb3_unicode_ci;
/*!40101 SET character_set_client = @saved_cs_client */;

--
-- Dumping data for table `conversionunidades`
--

LOCK TABLES `conversionunidades` WRITE;
/*!40000 ALTER TABLE `conversionunidades` DISABLE KEYS */;
INSERT INTO `conversionunidades` VALUES (13,NULL,4,7,7,'metros','metros',1.000),(14,NULL,4,7,5,'metros','milimetros',0.001),(15,NULL,4,7,6,'metros','centimetros',0.010),(19,NULL,7,7,7,'metros','metros',1.000),(20,NULL,7,7,5,'metros','milimetros',0.001),(21,NULL,7,7,6,'metros','centimetros',0.010),(22,NULL,8,1,1,'unidad','unidad',1.000),(23,NULL,9,8,8,'mililitros','mililitros',1.000),(24,NULL,9,8,9,'mililitros','litros',1000.000),(25,15,NULL,3,3,'libras','libras',1.000),(26,15,NULL,3,2,'libras','gramos',0.002),(27,15,NULL,3,4,'libras','kilogramos',2.204),(28,22,NULL,1,1,'unidad','unidad',1.000),(29,2,NULL,1,1,'unidad','unidad',1.000),(30,3,NULL,1,1,'unidad','unidad',1.000),(31,17,NULL,1,1,'unidad','unidad',1.000),(32,4,NULL,1,1,'unidad','unidad',1.000),(36,NULL,1,4,4,'kilogramos','kilogramos',1.000),(37,NULL,1,4,2,'kilogramos','gramos',0.001),(38,NULL,1,4,3,'kilogramos','libras',0.453),(42,NULL,3,4,4,'kilogramos','kilogramos',1.000),(43,NULL,3,4,2,'kilogramos','gramos',0.001),(44,NULL,3,4,3,'kilogramos','libras',0.453),(45,13,NULL,3,3,'libras','libras',1.000),(46,13,NULL,3,2,'libras','gramos',0.002),(47,13,NULL,3,4,'libras','kilogramos',2.204),(59,6,NULL,1,1,'unidad','unidad',1.000),(62,NULL,2,1,1,'unidad','unidad',1.000),(63,8,NULL,1,1,'unidad','unidad',1.000),(67,5,NULL,1,1,'unidad','unidad',1.000),(71,7,NULL,1,1,'unidad','unidad',1.000),(75,9,NULL,1,1,'unidad','unidad',1.000),(79,10,NULL,1,1,'unidad','unidad',1.000),(83,11,NULL,1,1,'unidad','unidad',1.000),(87,16,NULL,1,1,'unidad','unidad',1.000),(91,14,NULL,1,1,'unidad','unidad',1.000),(95,12,NULL,1,1,'unidad','unidad',1.000),(99,26,NULL,5,5,'milimetros','milimetros',1.000),(100,26,NULL,5,6,'milimetros','centimetros',10.000),(101,26,NULL,5,7,'milimetros','metros',1000.000),(105,25,NULL,1,1,'unidad','unidad',1.000),(109,24,NULL,1,1,'unidad','unidad',1.000),(113,23,NULL,1,1,'unidad','unidad',1.000),(117,21,NULL,1,1,'unidad','unidad',1.000),(121,18,NULL,1,1,'unidad','unidad',1.000);
/*!40000 ALTER TABLE `conversionunidades` ENABLE KEYS */;
UNLOCK TABLES;

--
-- Table structure for table `declaracionesdineros`
--

DROP TABLE IF EXISTS `declaracionesdineros`;
/*!40101 SET @saved_cs_client     = @@character_set_client */;
/*!50503 SET character_set_client = utf8mb4 */;
CREATE TABLE `declaracionesdineros` (
  `id` int NOT NULL AUTO_INCREMENT,
  `id_mediopago` int NOT NULL,
  `idcierrecajaid` int NOT NULL,
  `nombremediopago` varchar(33) CHARACTER SET utf8mb3 COLLATE utf8mb3_general_ci DEFAULT NULL,
  `valordeclarado` varchar(11) CHARACTER SET utf8mb3 COLLATE utf8mb3_spanish_ci NOT NULL,
  `valorsistema` varchar(11) CHARACTER SET utf8mb3 COLLATE utf8mb3_spanish_ci DEFAULT NULL,
  PRIMARY KEY (`id`),
  KEY `idmediopago_idx` (`id_mediopago`),
  KEY `idcierrecajaid_idx` (`idcierrecajaid`),
  CONSTRAINT `id_mediopago` FOREIGN KEY (`id_mediopago`) REFERENCES `mediospago` (`id`) ON UPDATE CASCADE,
  CONSTRAINT `idcierrecajaid` FOREIGN KEY (`idcierrecajaid`) REFERENCES `cierrescajas` (`id`) ON UPDATE CASCADE
) ENGINE=InnoDB AUTO_INCREMENT=41 DEFAULT CHARSET=utf8mb3 COLLATE=utf8mb3_unicode_ci;
/*!40101 SET character_set_client = @saved_cs_client */;

--
-- Dumping data for table `declaracionesdineros`
--

LOCK TABLES `declaracionesdineros` WRITE;
/*!40000 ALTER TABLE `declaracionesdineros` DISABLE KEYS */;
INSERT INTO `declaracionesdineros` VALUES (1,2,1,'Daviplata','654100','0'),(2,3,1,'Nequi','1150000','0'),(4,1,1,'Efectivo','920000','0'),(13,7,1,'Transf. Bancaria','250000','0'),(26,4,1,'Codigo QR','120000','0'),(28,6,3,'Tarjeta Debito','100000','0'),(29,1,3,'Efectivo','1186500','0'),(30,2,3,'Daviplata','80000','0'),(31,3,3,'Nequi','12000','0'),(32,4,3,'Codigo QR','50000','0'),(34,1,4,'Efectivo','0','0'),(35,2,8,'Daviplata','54','0'),(36,3,8,'Nequi','0','0'),(37,1,25,'Efectivo','2000000','0'),(38,1,19,'Efectivo','201200','0'),(39,2,19,'Daviplata','75600','0'),(40,7,25,'Transf. Bancaria','655100','0');
/*!40000 ALTER TABLE `declaracionesdineros` ENABLE KEYS */;
UNLOCK TABLES;

--
-- Table structure for table `detallecompra`
--

DROP TABLE IF EXISTS `detallecompra`;
/*!40101 SET @saved_cs_client     = @@character_set_client */;
/*!50503 SET character_set_client = utf8mb4 */;
CREATE TABLE `detallecompra` (
  `id` int NOT NULL AUTO_INCREMENT,
  `idcompra` int NOT NULL,
  `iditem` int NOT NULL,
  `idpx` int DEFAULT NULL,
  `idsx` int DEFAULT NULL,
  `tipo` int NOT NULL,
  `nombreitem` varchar(55) CHARACTER SET utf8mb3 COLLATE utf8mb3_spanish_ci DEFAULT NULL,
  `unidad` varchar(45) CHARACTER SET utf8mb3 COLLATE utf8mb3_spanish_ci DEFAULT NULL,
  `cantidad` int NOT NULL,
  `factor` decimal(7,3) DEFAULT NULL,
  `impuesto` int DEFAULT NULL,
  `valorunidad` decimal(10,2) NOT NULL,
  `subtotal` decimal(11,2) DEFAULT NULL,
  `valorcompra` decimal(11,2) NOT NULL,
  PRIMARY KEY (`id`),
  KEY `idcompra_idx` (`idcompra`),
  KEY `idpx_idx` (`idpx`),
  KEY `idsx_idx` (`idsx`),
  CONSTRAINT `idcompra` FOREIGN KEY (`idcompra`) REFERENCES `compras` (`id`) ON DELETE CASCADE ON UPDATE CASCADE,
  CONSTRAINT `idpx` FOREIGN KEY (`idpx`) REFERENCES `productos` (`id`) ON DELETE SET NULL ON UPDATE CASCADE,
  CONSTRAINT `idsx` FOREIGN KEY (`idsx`) REFERENCES `subproductos` (`id`) ON DELETE SET NULL ON UPDATE CASCADE
) ENGINE=InnoDB DEFAULT CHARSET=utf8mb3 COLLATE=utf8mb3_unicode_ci;
/*!40101 SET character_set_client = @saved_cs_client */;

--
-- Dumping data for table `detallecompra`
--

LOCK TABLES `detallecompra` WRITE;
/*!40000 ALTER TABLE `detallecompra` DISABLE KEYS */;
/*!40000 ALTER TABLE `detallecompra` ENABLE KEYS */;
UNLOCK TABLES;

--
-- Table structure for table `direcciones`
--

DROP TABLE IF EXISTS `direcciones`;
/*!40101 SET @saved_cs_client     = @@character_set_client */;
/*!50503 SET character_set_client = utf8mb4 */;
CREATE TABLE `direcciones` (
  `id` int NOT NULL AUTO_INCREMENT,
  `idcliente` int NOT NULL,
  `idtarifa` int DEFAULT NULL,
  `iddepartamento` int DEFAULT NULL,
  `idciudad` int DEFAULT NULL,
  `pais` varchar(35) CHARACTER SET utf8mb3 COLLATE utf8mb3_general_ci DEFAULT NULL,
  `departamento` varchar(35) CHARACTER SET utf8mb3 COLLATE utf8mb3_general_ci NOT NULL,
  `ciudad` varchar(35) CHARACTER SET utf8mb3 COLLATE utf8mb3_spanish_ci NOT NULL,
  `direccion` varchar(77) COLLATE utf8mb3_spanish_ci NOT NULL,
  `codigopostal` varchar(12) COLLATE utf8mb3_spanish_ci DEFAULT NULL,
  `observacion` varchar(99) COLLATE utf8mb3_spanish_ci DEFAULT NULL,
  PRIMARY KEY (`id`),
  KEY `idcliente_idx` (`idcliente`),
  KEY `idtarifa_idx` (`idtarifa`),
  CONSTRAINT `id_cliente` FOREIGN KEY (`idcliente`) REFERENCES `clientes` (`id`) ON DELETE CASCADE ON UPDATE CASCADE,
  CONSTRAINT `idtarifa` FOREIGN KEY (`idtarifa`) REFERENCES `tarifas` (`id`) ON DELETE SET NULL ON UPDATE SET NULL
) ENGINE=InnoDB AUTO_INCREMENT=10 DEFAULT CHARSET=utf8mb3 COLLATE=utf8mb3_spanish_ci;
/*!40101 SET character_set_client = @saved_cs_client */;

--
-- Dumping data for table `direcciones`
--

LOCK TABLES `direcciones` WRITE;
/*!40000 ALTER TABLE `direcciones` DISABLE KEYS */;
INSERT INTO `direcciones` VALUES (1,1,1,1,1,NULL,'Quindio','Armenia','Almacen',NULL,NULL),(2,24,2,1,1,NULL,'Quindio','Armenia','Cr 15 #15-51',NULL,NULL),(3,17,2,1,1,NULL,'Quindio','Armenia','Av centenario #35-41',NULL,NULL),(4,18,2,1,1,NULL,'Quindio','Armenia','Barrio la castilla Mz F casa 14',NULL,NULL),(5,17,2,1,1,NULL,'Quindio','Calarca','Barrio Simon bolivar mz C casa 3',NULL,NULL),(6,6,2,1,1,NULL,'Quindio','Armenia','Barrio el placer Mz J casa 3',NULL,NULL),(7,1,2,1,1,NULL,'Quindio','Calarca','Av colon 25-50',NULL,NULL),(8,13,1,1,1,NULL,'Quindio','Armenia','cl 45  5| 10',NULL,NULL),(9,26,1,1,1,NULL,'Cundinamarca','Bogota','avenida 35 calle 85',NULL,NULL);
/*!40000 ALTER TABLE `direcciones` ENABLE KEYS */;
UNLOCK TABLES;

--
-- Table structure for table `fabricantes_marcas`
--

DROP TABLE IF EXISTS `fabricantes_marcas`;
/*!40101 SET @saved_cs_client     = @@character_set_client */;
/*!50503 SET character_set_client = utf8mb4 */;
CREATE TABLE `fabricantes_marcas` (
  `id` int NOT NULL AUTO_INCREMENT,
  `nombre` varchar(55) CHARACTER SET utf8mb3 COLLATE utf8mb3_general_ci NOT NULL,
  `telefono` varchar(15) CHARACTER SET utf8mb3 COLLATE utf8mb3_general_ci DEFAULT NULL,
  `email` varchar(55) CHARACTER SET utf8mb3 COLLATE utf8mb3_general_ci DEFAULT NULL,
  `direccion` varchar(77) CHARACTER SET utf8mb3 COLLATE utf8mb3_general_ci DEFAULT NULL,
  `pais` varchar(35) CHARACTER SET utf8mb3 COLLATE utf8mb3_general_ci DEFAULT NULL,
  `ciudad` varchar(35) CHARACTER SET utf8mb3 COLLATE utf8mb3_general_ci DEFAULT NULL,
  PRIMARY KEY (`id`)
) ENGINE=InnoDB DEFAULT CHARSET=utf8mb3 COLLATE=utf8mb3_unicode_ci;
/*!40101 SET character_set_client = @saved_cs_client */;

--
-- Dumping data for table `fabricantes_marcas`
--

LOCK TABLES `fabricantes_marcas` WRITE;
/*!40000 ALTER TABLE `fabricantes_marcas` DISABLE KEYS */;
/*!40000 ALTER TABLE `fabricantes_marcas` ENABLE KEYS */;
UNLOCK TABLES;

--
-- Table structure for table `factmediospago`
--

DROP TABLE IF EXISTS `factmediospago`;
/*!40101 SET @saved_cs_client     = @@character_set_client */;
/*!50503 SET character_set_client = utf8mb4 */;
CREATE TABLE `factmediospago` (
  `id` int NOT NULL AUTO_INCREMENT,
  `id_factura` int NOT NULL,
  `idmediopago` int NOT NULL,
  `valor` varchar(10) COLLATE utf8mb3_unicode_ci NOT NULL,
  PRIMARY KEY (`id`),
  KEY `idfactura_idx` (`id_factura`),
  KEY `idmediopago_idx` (`idmediopago`),
  CONSTRAINT `id_factura` FOREIGN KEY (`id_factura`) REFERENCES `facturas` (`id`) ON DELETE CASCADE ON UPDATE CASCADE,
  CONSTRAINT `idmediopago` FOREIGN KEY (`idmediopago`) REFERENCES `mediospago` (`id`)
) ENGINE=InnoDB DEFAULT CHARSET=utf8mb3 COLLATE=utf8mb3_unicode_ci;
/*!40101 SET character_set_client = @saved_cs_client */;

--
-- Dumping data for table `factmediospago`
--

LOCK TABLES `factmediospago` WRITE;
/*!40000 ALTER TABLE `factmediospago` DISABLE KEYS */;
/*!40000 ALTER TABLE `factmediospago` ENABLE KEYS */;
UNLOCK TABLES;

--
-- Table structure for table `facturas`
--

DROP TABLE IF EXISTS `facturas`;
/*!40101 SET @saved_cs_client     = @@character_set_client */;
/*!50503 SET character_set_client = utf8mb4 */;
CREATE TABLE `facturas` (
  `id` int NOT NULL AUTO_INCREMENT,
  `id_sucursal` int DEFAULT NULL,
  `idcliente` int DEFAULT NULL,
  `idvendedor` int DEFAULT NULL,
  `idcaja` int DEFAULT NULL,
  `idconsecutivo` int DEFAULT NULL,
  `iddireccion` int DEFAULT NULL,
  `idtarifazona` int DEFAULT NULL,
  `idcierrecaja` int DEFAULT NULL,
  `num_orden` varchar(22) CHARACTER SET utf8mb3 COLLATE utf8mb3_spanish_ci DEFAULT NULL,
  `cliente` varchar(55) CHARACTER SET utf8mb3 COLLATE utf8mb3_general_ci DEFAULT NULL,
  `vendedor` varchar(55) CHARACTER SET utf8mb3 COLLATE utf8mb3_general_ci DEFAULT NULL,
  `caja` varchar(33) COLLATE utf8mb3_unicode_ci DEFAULT NULL,
  `tipofacturador` varchar(33) COLLATE utf8mb3_unicode_ci DEFAULT NULL,
  `direccion` varchar(77) CHARACTER SET utf8mb3 COLLATE utf8mb3_general_ci DEFAULT NULL,
  `tarifazona` varchar(55) COLLATE utf8mb3_unicode_ci DEFAULT NULL,
  `totalunidades` int DEFAULT NULL,
  `recibido` varchar(15) CHARACTER SET utf8mb3 COLLATE utf8mb3_unicode_ci DEFAULT NULL,
  `transaccion` varchar(25) CHARACTER SET utf8mb3 COLLATE utf8mb3_unicode_ci DEFAULT NULL,
  `tipoventa` varchar(33) COLLATE utf8mb3_unicode_ci DEFAULT NULL,
  `cotizacion` tinyint(1) DEFAULT NULL,
  `estado` varchar(11) COLLATE utf8mb3_unicode_ci DEFAULT NULL,
  `cambioaventa` tinyint(1) DEFAULT NULL,
  `referencia` varchar(22) CHARACTER SET utf8mb3 COLLATE utf8mb3_spanish_ci DEFAULT NULL,
  `subtotal` varchar(14) CHARACTER SET utf8mb3 COLLATE utf8mb3_spanish_ci DEFAULT NULL,
  `base` decimal(13,3) DEFAULT NULL,
  `valorimpuestototal` decimal(12,3) DEFAULT NULL,
  `dctox100` int DEFAULT NULL,
  `descuento` varchar(10) COLLATE utf8mb3_unicode_ci DEFAULT NULL,
  `total` varchar(15) CHARACTER SET utf8mb3 COLLATE utf8mb3_spanish_ci DEFAULT NULL,
  `observacion` varchar(255) CHARACTER SET utf8mb3 COLLATE utf8mb3_general_ci DEFAULT NULL,
  `departamento` varchar(22) COLLATE utf8mb3_unicode_ci DEFAULT NULL,
  `ciudad` varchar(22) COLLATE utf8mb3_unicode_ci DEFAULT NULL,
  `entrega` varchar(11) CHARACTER SET utf8mb3 COLLATE utf8mb3_unicode_ci DEFAULT NULL,
  `valortarifa` varchar(9) COLLATE utf8mb3_unicode_ci DEFAULT NULL,
  `fechacreacion` datetime DEFAULT NULL,
  `fechapago` datetime DEFAULT NULL,
  `opc1` varchar(45) CHARACTER SET utf8mb3 COLLATE utf8mb3_unicode_ci DEFAULT NULL,
  `opc2` varchar(45) CHARACTER SET utf8mb3 COLLATE utf8mb3_unicode_ci DEFAULT NULL,
  PRIMARY KEY (`id`),
  UNIQUE KEY `unique_num_orden` (`id_sucursal`,`num_orden`) /*!80000 INVISIBLE */,
  KEY `idcliente_idx` (`idcliente`),
  KEY `idvendedor_idx` (`idvendedor`),
  KEY `iddireccion_idx` (`iddireccion`),
  KEY `idcierrecaja_idx` (`idcierrecaja`),
  KEY `idsucursal_idx` (`id_sucursal`),
  CONSTRAINT `id_sucursal` FOREIGN KEY (`id_sucursal`) REFERENCES `sucursales` (`id`) ON UPDATE CASCADE,
  CONSTRAINT `idcierrecaja` FOREIGN KEY (`idcierrecaja`) REFERENCES `cierrescajas` (`id`) ON UPDATE CASCADE,
  CONSTRAINT `idcliente` FOREIGN KEY (`idcliente`) REFERENCES `clientes` (`id`) ON DELETE SET NULL ON UPDATE CASCADE,
  CONSTRAINT `iddireccion` FOREIGN KEY (`iddireccion`) REFERENCES `direcciones` (`id`) ON DELETE SET NULL ON UPDATE CASCADE,
  CONSTRAINT `idvendedor` FOREIGN KEY (`idvendedor`) REFERENCES `usuarios` (`id`) ON DELETE SET NULL ON UPDATE CASCADE
) ENGINE=InnoDB DEFAULT CHARSET=utf8mb3 COLLATE=utf8mb3_unicode_ci;
/*!40101 SET character_set_client = @saved_cs_client */;

--
-- Dumping data for table `facturas`
--

LOCK TABLES `facturas` WRITE;
/*!40000 ALTER TABLE `facturas` DISABLE KEYS */;
/*!40000 ALTER TABLE `facturas` ENABLE KEYS */;
UNLOCK TABLES;

--
-- Table structure for table `gastos`
--

DROP TABLE IF EXISTS `gastos`;
/*!40101 SET @saved_cs_client     = @@character_set_client */;
/*!50503 SET character_set_client = utf8mb4 */;
CREATE TABLE `gastos` (
  `id` int NOT NULL AUTO_INCREMENT,
  `id_sucursalfk` int DEFAULT NULL,
  `idg_usuario` int DEFAULT NULL,
  `id_compra` int DEFAULT NULL,
  `id_banco` int DEFAULT NULL,
  `idg_caja` int DEFAULT NULL,
  `idg_cierrecaja` int NOT NULL,
  `idcategoriagastos` int NOT NULL,
  `tipo_origen` tinyint(1) NOT NULL DEFAULT '0',
  `operacion` varchar(22) CHARACTER SET utf8mb3 COLLATE utf8mb3_spanish_ci DEFAULT NULL,
  `valor` decimal(12,2) NOT NULL,
  `descripcion` varchar(255) CHARACTER SET utf8mb3 COLLATE utf8mb3_spanish_ci DEFAULT NULL,
  `fecha` datetime DEFAULT NULL,
  PRIMARY KEY (`id`),
  KEY `idg_usuario_idx` (`idg_usuario`),
  KEY `id_compra_idx` (`id_compra`),
  KEY `idg_caja_idx` (`idg_caja`),
  KEY `idg_cierrecaja_idx` (`idg_cierrecaja`),
  KEY `idcategoriagastos_idx` (`idcategoriagastos`),
  KEY `id_banco_idx` (`id_banco`),
  KEY `id_sucursalfk_idx` (`id_sucursalfk`),
  CONSTRAINT `id_banco` FOREIGN KEY (`id_banco`) REFERENCES `bancos` (`id`) ON DELETE SET NULL ON UPDATE CASCADE,
  CONSTRAINT `id_compra` FOREIGN KEY (`id_compra`) REFERENCES `compras` (`id`) ON DELETE SET NULL ON UPDATE CASCADE,
  CONSTRAINT `id_sucursalfk` FOREIGN KEY (`id_sucursalfk`) REFERENCES `sucursales` (`id`) ON UPDATE CASCADE,
  CONSTRAINT `idcategoriagastos` FOREIGN KEY (`idcategoriagastos`) REFERENCES `categoriagastos` (`id`) ON UPDATE CASCADE,
  CONSTRAINT `idg_caja` FOREIGN KEY (`idg_caja`) REFERENCES `caja` (`id`) ON DELETE SET NULL ON UPDATE CASCADE,
  CONSTRAINT `idg_cierrecaja` FOREIGN KEY (`idg_cierrecaja`) REFERENCES `cierrescajas` (`id`) ON UPDATE CASCADE,
  CONSTRAINT `idg_usuario` FOREIGN KEY (`idg_usuario`) REFERENCES `usuarios` (`id`) ON DELETE SET NULL ON UPDATE CASCADE
) ENGINE=InnoDB DEFAULT CHARSET=utf8mb3 COLLATE=utf8mb3_unicode_ci;
/*!40101 SET character_set_client = @saved_cs_client */;

--
-- Dumping data for table `gastos`
--

LOCK TABLES `gastos` WRITE;
/*!40000 ALTER TABLE `gastos` DISABLE KEYS */;
/*!40000 ALTER TABLE `gastos` ENABLE KEYS */;
UNLOCK TABLES;

--
-- Table structure for table `ingresoscajas`
--

DROP TABLE IF EXISTS `ingresoscajas`;
/*!40101 SET @saved_cs_client     = @@character_set_client */;
/*!50503 SET character_set_client = utf8mb4 */;
CREATE TABLE `ingresoscajas` (
  `id` int NOT NULL AUTO_INCREMENT,
  `idusuario` int DEFAULT NULL,
  `id_caja` int NOT NULL,
  `id_cierrecaja` int NOT NULL,
  `operacion` varchar(45) COLLATE utf8mb3_unicode_ci DEFAULT NULL,
  `fecha` datetime DEFAULT NULL,
  `valor` varchar(11) COLLATE utf8mb3_unicode_ci NOT NULL,
  `descripcion` varchar(255) COLLATE utf8mb3_unicode_ci DEFAULT NULL,
  PRIMARY KEY (`id`),
  KEY `idusuario_idx` (`idusuario`),
  KEY `idcaja_idx` (`id_caja`),
  KEY `idcierrecaja_idx` (`id_cierrecaja`),
  CONSTRAINT `id_caja` FOREIGN KEY (`id_caja`) REFERENCES `caja` (`id`) ON DELETE CASCADE ON UPDATE CASCADE,
  CONSTRAINT `id_cierrecaja` FOREIGN KEY (`id_cierrecaja`) REFERENCES `cierrescajas` (`id`) ON UPDATE CASCADE,
  CONSTRAINT `idusuario` FOREIGN KEY (`idusuario`) REFERENCES `usuarios` (`id`) ON DELETE SET NULL ON UPDATE CASCADE
) ENGINE=InnoDB DEFAULT CHARSET=utf8mb3 COLLATE=utf8mb3_unicode_ci;
/*!40101 SET character_set_client = @saved_cs_client */;

--
-- Dumping data for table `ingresoscajas`
--

LOCK TABLES `ingresoscajas` WRITE;
/*!40000 ALTER TABLE `ingresoscajas` DISABLE KEYS */;
/*!40000 ALTER TABLE `ingresoscajas` ENABLE KEYS */;
UNLOCK TABLES;

--
-- Table structure for table `insumos_fabricados`
--

DROP TABLE IF EXISTS `insumos_fabricados`;
/*!40101 SET @saved_cs_client     = @@character_set_client */;
/*!50503 SET character_set_client = utf8mb4 */;
CREATE TABLE `insumos_fabricados` (
  `id` int NOT NULL AUTO_INCREMENT,
  `id_insumoproducido` int NOT NULL,
  `id_subproducto` int NOT NULL,
  `cantidadsubproducto` decimal(11,2) NOT NULL,
  `costo` decimal(12,2) DEFAULT NULL,
  PRIMARY KEY (`id`),
  CONSTRAINT `id_insumoproducido` FOREIGN KEY (`id`) REFERENCES `subproductos` (`id`) ON DELETE CASCADE ON UPDATE CASCADE
) ENGINE=InnoDB DEFAULT CHARSET=utf8mb3 COLLATE=utf8mb3_unicode_ci;
/*!40101 SET character_set_client = @saved_cs_client */;

--
-- Dumping data for table `insumos_fabricados`
--

LOCK TABLES `insumos_fabricados` WRITE;
/*!40000 ALTER TABLE `insumos_fabricados` DISABLE KEYS */;
/*!40000 ALTER TABLE `insumos_fabricados` ENABLE KEYS */;
UNLOCK TABLES;

--
-- Table structure for table `mediospago`
--

DROP TABLE IF EXISTS `mediospago`;
/*!40101 SET @saved_cs_client     = @@character_set_client */;
/*!50503 SET character_set_client = utf8mb4 */;
CREATE TABLE `mediospago` (
  `id` int NOT NULL AUTO_INCREMENT,
  `mediopago` varchar(33) CHARACTER SET utf8mb3 COLLATE utf8mb3_spanish_ci NOT NULL,
  `estado` tinyint(1) DEFAULT NULL,
  `nick` varchar(4) CHARACTER SET utf8mb3 COLLATE utf8mb3_spanish_ci DEFAULT NULL,
  PRIMARY KEY (`id`),
  UNIQUE KEY `mediopago_UNIQUE` (`mediopago`)
) ENGINE=InnoDB AUTO_INCREMENT=8 DEFAULT CHARSET=utf8mb3 COLLATE=utf8mb3_unicode_ci;
/*!40101 SET character_set_client = @saved_cs_client */;

--
-- Dumping data for table `mediospago`
--

LOCK TABLES `mediospago` WRITE;
/*!40000 ALTER TABLE `mediospago` DISABLE KEYS */;
INSERT INTO `mediospago` VALUES (1,'Efectivo',1,'EF'),(2,'Daviplata',1,'DV'),(3,'Nequi',1,'NQ'),(4,'Codigo QR',0,'QR'),(5,'Tarjeta Credito',0,'TC'),(6,'Tarjeta Debito',1,'TD'),(7,'Transf. Bancaria',1,'TB');
/*!40000 ALTER TABLE `mediospago` ENABLE KEYS */;
UNLOCK TABLES;

--
-- Table structure for table `negocio`
--

DROP TABLE IF EXISTS `negocio`;
/*!40101 SET @saved_cs_client     = @@character_set_client */;
/*!50503 SET character_set_client = utf8mb4 */;
CREATE TABLE `negocio` (
  `id` int NOT NULL AUTO_INCREMENT,
  `nombre` varchar(45) CHARACTER SET utf8mb3 COLLATE utf8mb3_general_ci NOT NULL,
  `ciudad` varchar(44) CHARACTER SET utf8mb3 COLLATE utf8mb3_general_ci NOT NULL,
  `direccion` varchar(60) CHARACTER SET utf8mb3 COLLATE utf8mb3_general_ci NOT NULL,
  `telefono` varchar(14) CHARACTER SET utf8mb3 COLLATE utf8mb3_general_ci DEFAULT NULL,
  `movil` varchar(14) CHARACTER SET utf8mb3 COLLATE utf8mb3_general_ci NOT NULL,
  `email` varchar(52) CHARACTER SET utf8mb3 COLLATE utf8mb3_general_ci NOT NULL,
  `nit` varchar(13) CHARACTER SET utf8mb3 COLLATE utf8mb3_general_ci DEFAULT NULL,
  `datosencabezados` varchar(512) CHARACTER SET utf8mb3 COLLATE utf8mb3_spanish_ci DEFAULT NULL,
  `ws` varchar(16) CHARACTER SET utf8mb3 COLLATE utf8mb3_general_ci NOT NULL,
  `facebook` varchar(80) CHARACTER SET utf8mb3 COLLATE utf8mb3_general_ci DEFAULT NULL,
  `instagram` varchar(80) CHARACTER SET utf8mb3 COLLATE utf8mb3_general_ci DEFAULT NULL,
  `tiktok` varchar(80) CHARACTER SET utf8mb3 COLLATE utf8mb3_general_ci DEFAULT NULL,
  `youtube` varchar(80) CHARACTER SET utf8mb3 COLLATE utf8mb3_general_ci DEFAULT NULL,
  `twitter` varchar(80) CHARACTER SET utf8mb3 COLLATE utf8mb3_general_ci DEFAULT NULL,
  `logo` varchar(99) CHARACTER SET utf8mb3 COLLATE utf8mb3_general_ci NOT NULL,
  `colorprincipal` varchar(7) CHARACTER SET utf8mb3 COLLATE utf8mb3_general_ci DEFAULT NULL,
  `colorsecundario` varchar(7) CHARACTER SET utf8mb3 COLLATE utf8mb3_general_ci DEFAULT NULL,
  `timeservice` int DEFAULT NULL,
  PRIMARY KEY (`id`)
) ENGINE=InnoDB AUTO_INCREMENT=2 DEFAULT CHARSET=utf8mb3 COLLATE=utf8mb3_unicode_ci;
/*!40101 SET character_set_client = @saved_cs_client */;

--
-- Dumping data for table `negocio`
--

LOCK TABLES `negocio` WRITE;
/*!40000 ALTER TABLE `negocio` DISABLE KEYS */;
INSERT INTO `negocio` VALUES (1,'Negocios pos sa','Armenia','Cra 12#9-03 esquina','7358452','3183920532','sasha.spa@gmail.com','41936042-6','No responsable de IVA\r\nRegimen Simple','3183920532','https://www.facebook.com/profile.php?id=100007164136068',NULL,NULL,NULL,NULL,'65432f14b63a0logo.png','#051453','#ffffff',60);
/*!40000 ALTER TABLE `negocio` ENABLE KEYS */;
UNLOCK TABLES;

--
-- Table structure for table `permisos`
--

DROP TABLE IF EXISTS `permisos`;
/*!40101 SET @saved_cs_client     = @@character_set_client */;
/*!50503 SET character_set_client = utf8mb4 */;
CREATE TABLE `permisos` (
  `id` int NOT NULL AUTO_INCREMENT,
  `nombre` varchar(55) CHARACTER SET utf8mb3 COLLATE utf8mb3_spanish_ci NOT NULL,
  `descripcion` varchar(255) CHARACTER SET utf8mb3 COLLATE utf8mb3_spanish_ci DEFAULT NULL,
  `created_at` timestamp NULL DEFAULT CURRENT_TIMESTAMP,
  PRIMARY KEY (`id`)
) ENGINE=InnoDB AUTO_INCREMENT=9 DEFAULT CHARSET=utf8mb3 COLLATE=utf8mb3_unicode_ci;
/*!40101 SET character_set_client = @saved_cs_client */;

--
-- Dumping data for table `permisos`
--

LOCK TABLES `permisos` WRITE;
/*!40000 ALTER TABLE `permisos` DISABLE KEYS */;
INSERT INTO `permisos` VALUES (1,'Registrar nueva venta',NULL,'2025-09-11 06:15:04'),(2,'Anular una venta',NULL,'2025-09-11 06:15:04'),(3,'Aplicar descuentos',NULL,'2025-09-11 06:15:04'),(4,'Consultar stock',NULL,'2025-09-11 06:15:04'),(5,'Hacer ajustes de inventario',NULL,'2025-09-11 06:15:04'),(6,'Actualizar precios o datos',NULL,'2025-09-11 06:15:04'),(7,'Emitir facturas electrónicas',NULL,'2025-09-11 06:15:04'),(8,'Anular facturas y notas creditos',NULL,'2025-09-11 06:15:04');
/*!40000 ALTER TABLE `permisos` ENABLE KEYS */;
UNLOCK TABLES;

--
-- Table structure for table `productos`
--

DROP TABLE IF EXISTS `productos`;
/*!40101 SET @saved_cs_client     = @@character_set_client */;
/*!50503 SET character_set_client = utf8mb4 */;
CREATE TABLE `productos` (
  `id` int NOT NULL AUTO_INCREMENT,
  `idcategoria` int DEFAULT NULL,
  `idunidadmedida` int NOT NULL,
  `nombre` varchar(55) CHARACTER SET utf8mb3 COLLATE utf8mb3_spanish_ci NOT NULL,
  `foto` varchar(99) CHARACTER SET utf8mb3 COLLATE utf8mb3_spanish_ci DEFAULT NULL,
  `impuesto` int DEFAULT NULL,
  `marca` varchar(25) CHARACTER SET utf8mb3 COLLATE utf8mb3_spanish_ci DEFAULT NULL,
  `tipoproducto` tinyint(1) DEFAULT '0',
  `tipoproduccion` tinyint(1) DEFAULT '0',
  `sku` varchar(15) CHARACTER SET utf8mb3 COLLATE utf8mb3_spanish_ci DEFAULT NULL,
  `unidadmedida` varchar(22) CHARACTER SET utf8mb3 COLLATE utf8mb3_spanish_ci DEFAULT NULL,
  `preciopersonalizado` tinyint(1) DEFAULT NULL,
  `descripcion` varchar(255) CHARACTER SET utf8mb3 COLLATE utf8mb3_spanish_ci DEFAULT NULL,
  `peso` varchar(15) CHARACTER SET utf8mb3 COLLATE utf8mb3_spanish_ci DEFAULT NULL,
  `medidas` varchar(25) CHARACTER SET utf8mb3 COLLATE utf8mb3_spanish_ci DEFAULT NULL,
  `color` varchar(25) CHARACTER SET utf8mb3 COLLATE utf8mb3_spanish_ci DEFAULT NULL,
  `funcion` varchar(75) CHARACTER SET utf8mb3 COLLATE utf8mb3_spanish_ci DEFAULT NULL,
  `uso` varchar(25) CHARACTER SET utf8mb3 COLLATE utf8mb3_spanish_ci DEFAULT NULL,
  `fabricante` varchar(25) CHARACTER SET utf8mb3 COLLATE utf8mb3_spanish_ci DEFAULT NULL,
  `garantia` varchar(15) CHARACTER SET utf8mb3 COLLATE utf8mb3_spanish_ci DEFAULT NULL,
  `stock` decimal(10,2) DEFAULT NULL,
  `stockminimo` decimal(8,2) DEFAULT NULL,
  `categoria` varchar(45) CHARACTER SET utf8mb3 COLLATE utf8mb3_spanish_ci DEFAULT NULL,
  `rendimientoestandar` decimal(11,2) DEFAULT '1.00',
  `precio_compra` decimal(13,2) DEFAULT NULL,
  `precio_venta` int NOT NULL,
  `fecha_ingreso` datetime DEFAULT NULL,
  `estado` tinyint(1) DEFAULT NULL,
  `visible` tinyint(1) DEFAULT NULL,
  PRIMARY KEY (`id`),
  UNIQUE KEY `nombre_UNIQUE` (`nombre`),
  UNIQUE KEY `codigo_UNIQUE` (`sku`),
  KEY `idcategoria_idx` (`idcategoria`),
  KEY `idunidadmedida_idx` (`idunidadmedida`),
  CONSTRAINT `idcategoria` FOREIGN KEY (`idcategoria`) REFERENCES `categorias` (`id`) ON DELETE SET NULL ON UPDATE CASCADE,
  CONSTRAINT `idunidadmedida` FOREIGN KEY (`idunidadmedida`) REFERENCES `unidadesmedida` (`id`) ON UPDATE CASCADE
) ENGINE=InnoDB AUTO_INCREMENT=27 DEFAULT CHARSET=utf8mb3 COLLATE=utf8mb3_unicode_ci;
/*!40101 SET character_set_client = @saved_cs_client */;

--
-- Dumping data for table `productos`
--

LOCK TABLES `productos` WRITE;
/*!40000 ALTER TABLE `productos` DISABLE KEYS */;
INSERT INTO `productos` VALUES (1,1,1,'Otros',NULL,0,NULL,0,0,NULL,'Unidades',0,NULL,NULL,NULL,NULL,NULL,NULL,NULL,NULL,0.00,0.00,'Categoria_Otros',1.00,0.50,0,NULL,1,0),(2,5,1,'Pulidora DeWALT 8200rpm 1/2','cliente1/productos/671f1676979c8pulidora.jpg',19,NULL,1,0,'100200','Unidad',0,NULL,NULL,NULL,NULL,NULL,NULL,NULL,NULL,11.00,0.00,'Equipos Eletricos',3.00,13865.33,598000,'2024-01-08 13:36:58',1,1),(3,5,1,'Taladro percutor BLACK AND DECKER 550W 1/2','undefined',0,NULL,1,1,'100300','Unidad',0,NULL,NULL,NULL,NULL,NULL,NULL,NULL,NULL,6.00,0.00,'Equipos Eletricos',1.00,7698.00,213900,'2024-01-08 13:36:58',1,1),(4,5,1,'Atornillador Inalambrico Dewalt 12W de 1/2','undefined',19,NULL,0,0,'100400','Unidad',0,NULL,NULL,NULL,NULL,NULL,NULL,NULL,NULL,4.00,0.00,'Equipos Eletricos',1.00,25.00,211000,'2024-01-08 13:36:58',1,1),(5,6,1,'Pistola de impacto ingersoll rand','null',19,NULL,0,0,'21245','Unidad',0,NULL,NULL,NULL,NULL,NULL,NULL,NULL,NULL,21.00,0.00,'Equipos Neumaticos',1.00,150000.00,922000,'2024-01-08 13:36:58',1,1),(6,9,1,'Vitamina women Blend','cliente1/productos/6742b5f92e199vitaminas5.jpg',19,NULL,0,0,'1010089','Unidad',0,NULL,NULL,NULL,NULL,NULL,NULL,NULL,NULL,34.20,0.00,'Herramientas Manuales',1.00,100000.00,180000,'2024-01-08 13:36:58',1,1),(7,7,1,'Remachadora','null',19,NULL,0,0,NULL,'Unidad',0,NULL,NULL,NULL,NULL,NULL,NULL,NULL,NULL,0.00,0.00,'Herramientas Manuales',1.00,58870.00,18500,'2024-01-08 13:36:58',1,1),(8,5,1,'Taladro Rotomartillo dewalt 1/2 650w','null',19,NULL,0,0,NULL,'Unidad',0,NULL,NULL,NULL,NULL,NULL,NULL,NULL,NULL,20.00,0.00,'Equipos Eletricos',1.00,40000.00,284600,NULL,1,1),(9,7,1,'Llave 3/8','null',19,NULL,0,0,NULL,'Unidad',0,NULL,NULL,NULL,NULL,NULL,NULL,NULL,NULL,84.70,0.00,'Herramientas Manuales',1.00,0.00,10000,NULL,1,1),(10,7,1,'Llave 1/2','null',19,NULL,0,0,NULL,'Unidad',0,NULL,NULL,NULL,NULL,NULL,NULL,NULL,NULL,3.00,0.00,'Herramientas Manuales',1.00,0.00,10000,NULL,1,1),(11,5,1,'Aspiradorax','cliente1/productos/6724625f84d00aspiradora2.jpg',19,NULL,0,0,NULL,'Unidad',0,NULL,NULL,NULL,NULL,NULL,NULL,NULL,NULL,4.00,0.00,'Equipos Eletricos',1.00,0.00,120500,NULL,1,1),(12,9,1,'Proteina 10kg','null',19,NULL,0,0,NULL,'Unidad',0,NULL,NULL,NULL,NULL,NULL,NULL,NULL,NULL,20.00,0.00,'Proteinas ',1.00,315000.00,250000,NULL,1,1),(13,9,3,'proteina 5kg','cliente1/productos/68854e852bf53proteina4.jpg',19,NULL,0,0,NULL,'Libras',0,NULL,NULL,NULL,NULL,NULL,NULL,NULL,NULL,29.08,25.00,'Proteinas ',1.00,0.00,140000,NULL,1,1),(14,8,1,'Soldador sm h143','null',19,NULL,0,0,NULL,'Unidad',0,NULL,NULL,NULL,NULL,NULL,NULL,NULL,NULL,23.00,0.00,'Herramientas Electricas',1.00,145000.00,487000,'2025-01-29 04:43:51',1,1),(15,10,3,'Arena','null',19,NULL,1,0,NULL,'Libras',0,NULL,NULL,NULL,NULL,NULL,NULL,NULL,NULL,7.00,1.50,'Obra Negra',1.00,0.00,3000,'2025-02-02 05:20:25',1,1),(16,9,1,'Bi-Pro Vainilla 5kg','null',19,NULL,0,0,'8770','Unidad',0,NULL,NULL,NULL,NULL,NULL,NULL,NULL,NULL,0.00,100.00,'Proteinas ',1.00,201000.00,225000,'2025-02-09 23:43:05',1,1),(17,7,1,'Mezcladorax','null',19,NULL,1,0,'78881','Unidad',0,NULL,NULL,NULL,NULL,NULL,NULL,NULL,NULL,0.00,100.00,'Herramientas Manuales',1.00,792.00,380000,'2025-04-01 05:59:11',1,1),(18,5,1,'Esmeril','null',19,NULL,0,0,'1515','Unidad',0,NULL,NULL,NULL,NULL,NULL,NULL,NULL,NULL,0.00,100.00,'Equipos Electricos',1.00,90000.00,285000,'2025-04-03 03:28:50',1,1),(19,7,1,'Corta frio','null',19,NULL,0,0,NULL,'Unidad',0,NULL,NULL,NULL,NULL,NULL,NULL,NULL,NULL,0.00,100.00,'Herramientas Manuales',1.00,5000.00,11500,'2025-04-03 04:10:40',1,1),(20,9,1,'proteína 13kg masa ganador',NULL,0,NULL,0,0,NULL,'Unidades',0,NULL,NULL,NULL,NULL,NULL,NULL,NULL,NULL,-1.00,100.00,'Proteinas ',1.00,105000.00,200000,'2025-04-03 04:13:33',1,1),(21,11,1,'multimetro','null',0,NULL,0,0,NULL,'Unidad',0,NULL,NULL,NULL,NULL,NULL,NULL,NULL,NULL,10.00,100.00,'Equipos Electronicos',1.00,50000.00,100000,'2025-06-22 19:31:40',1,1),(22,12,1,'Puerta','null',0,NULL,1,1,NULL,'Unidad',0,NULL,NULL,NULL,NULL,NULL,NULL,NULL,NULL,39.00,100.00,'Acabados',1.00,390000.00,150000,'2025-06-22 19:54:36',1,1),(23,12,1,'Gafas de sol','cliente1/productos/687b289ec0779sunglasses2.jpg',19,NULL,0,0,NULL,'Unidad',0,NULL,NULL,NULL,NULL,NULL,NULL,NULL,NULL,1.00,100.00,'Acabados',1.00,20000.00,60000,'2025-07-19 05:09:50',1,1),(24,11,1,'Osciloscopio','null',0,NULL,0,0,NULL,'Unidad',0,NULL,NULL,NULL,NULL,NULL,NULL,NULL,NULL,5.00,100.00,'Equipos Electronicos',1.00,420000.00,700000,'2025-07-19 05:17:46',1,1),(25,5,1,'Planta electrica','null',0,NULL,0,0,NULL,'Unidad',0,NULL,NULL,NULL,NULL,NULL,NULL,NULL,NULL,7.00,100.00,'Equipos Electricos',1.00,200000.00,500000,'2025-07-19 05:24:31',1,1),(26,8,5,'Conector de transformador','cliente1/productos/687b2e526e732control4.jpeg',0,NULL,0,0,NULL,'Milimetros',0,NULL,NULL,NULL,NULL,NULL,NULL,NULL,NULL,122.00,100.00,'Herramientas Electricas',1.00,56000.00,145000,'2025-07-19 05:32:56',1,1);
/*!40000 ALTER TABLE `productos` ENABLE KEYS */;
UNLOCK TABLES;

--
-- Table structure for table `productos_sub`
--

DROP TABLE IF EXISTS `productos_sub`;
/*!40101 SET @saved_cs_client     = @@character_set_client */;
/*!50503 SET character_set_client = utf8mb4 */;
CREATE TABLE `productos_sub` (
  `id` int NOT NULL AUTO_INCREMENT,
  `id_producto` int NOT NULL,
  `id_subproducto` int NOT NULL,
  `cantidadsubproducto` decimal(11,2) NOT NULL,
  `costo` decimal(12,2) DEFAULT NULL,
  PRIMARY KEY (`id`),
  KEY `id_producto_idx` (`id_producto`),
  KEY `id_subproducto_idx` (`id_subproducto`),
  CONSTRAINT `id_producto` FOREIGN KEY (`id_producto`) REFERENCES `productos` (`id`) ON DELETE CASCADE ON UPDATE CASCADE,
  CONSTRAINT `id_subproducto` FOREIGN KEY (`id_subproducto`) REFERENCES `subproductos` (`id`) ON DELETE CASCADE ON UPDATE CASCADE
) ENGINE=InnoDB AUTO_INCREMENT=17 DEFAULT CHARSET=utf8mb3 COLLATE=utf8mb3_unicode_ci;
/*!40101 SET character_set_client = @saved_cs_client */;

--
-- Dumping data for table `productos_sub`
--

LOCK TABLES `productos_sub` WRITE;
/*!40000 ALTER TABLE `productos_sub` DISABLE KEYS */;
INSERT INTO `productos_sub` VALUES (2,2,1,0.60,96.00),(3,2,3,3.00,22500.00),(8,3,2,3.00,198.00),(12,2,4,200.00,19000.00),(13,3,3,1.00,7500.00),(14,17,2,12.00,792.00),(15,22,7,3.00,270000.00),(16,22,8,1.00,120000.00);
/*!40000 ALTER TABLE `productos_sub` ENABLE KEYS */;
UNLOCK TABLES;

--
-- Table structure for table `proveedores`
--

DROP TABLE IF EXISTS `proveedores`;
/*!40101 SET @saved_cs_client     = @@character_set_client */;
/*!50503 SET character_set_client = utf8mb4 */;
CREATE TABLE `proveedores` (
  `id` int NOT NULL AUTO_INCREMENT,
  `nombre` varchar(45) CHARACTER SET utf8mb3 COLLATE utf8mb3_general_ci NOT NULL,
  `telefono` varchar(15) CHARACTER SET utf8mb3 COLLATE utf8mb3_general_ci NOT NULL,
  `email` varchar(55) CHARACTER SET utf8mb3 COLLATE utf8mb3_general_ci DEFAULT NULL,
  `direccion` varchar(77) CHARACTER SET utf8mb3 COLLATE utf8mb3_general_ci DEFAULT NULL,
  `pais` varchar(30) CHARACTER SET utf8mb3 COLLATE utf8mb3_general_ci DEFAULT NULL,
  `ciudad` varchar(30) CHARACTER SET utf8mb3 COLLATE utf8mb3_general_ci DEFAULT NULL,
  PRIMARY KEY (`id`)
) ENGINE=InnoDB DEFAULT CHARSET=utf8mb3 COLLATE=utf8mb3_unicode_ci;
/*!40101 SET character_set_client = @saved_cs_client */;

--
-- Dumping data for table `proveedores`
--

LOCK TABLES `proveedores` WRITE;
/*!40000 ALTER TABLE `proveedores` DISABLE KEYS */;
/*!40000 ALTER TABLE `proveedores` ENABLE KEYS */;
UNLOCK TABLES;

--
-- Table structure for table `stockinsumossucursal`
--

DROP TABLE IF EXISTS `stockinsumossucursal`;
/*!40101 SET @saved_cs_client     = @@character_set_client */;
/*!50503 SET character_set_client = utf8mb4 */;
CREATE TABLE `stockinsumossucursal` (
  `id` int NOT NULL AUTO_INCREMENT,
  `subproductoid` int NOT NULL,
  `sucursalid` int NOT NULL,
  `stock` decimal(10,2) DEFAULT '0.00',
  `stockminimo` decimal(8,2) DEFAULT '0.00',
  `created_at` timestamp NULL DEFAULT CURRENT_TIMESTAMP,
  PRIMARY KEY (`id`),
  KEY `subproductoid_idx` (`subproductoid`),
  KEY `sucursal_id_idx` (`sucursalid`),
  CONSTRAINT `subproductoid` FOREIGN KEY (`subproductoid`) REFERENCES `subproductos` (`id`) ON DELETE CASCADE ON UPDATE CASCADE,
  CONSTRAINT `sucursal_id` FOREIGN KEY (`sucursalid`) REFERENCES `sucursales` (`id`) ON UPDATE CASCADE
) ENGINE=InnoDB AUTO_INCREMENT=32 DEFAULT CHARSET=utf8mb3 COLLATE=utf8mb3_unicode_ci;
/*!40101 SET character_set_client = @saved_cs_client */;

--
-- Dumping data for table `stockinsumossucursal`
--

LOCK TABLES `stockinsumossucursal` WRITE;
/*!40000 ALTER TABLE `stockinsumossucursal` DISABLE KEYS */;
INSERT INTO `stockinsumossucursal` VALUES (1,2,2,0.00,0.00,'2025-09-09 03:21:19'),(2,2,1,50.00,0.00,'2025-09-09 03:21:19'),(3,8,2,0.00,0.00,'2025-09-09 03:21:19'),(4,8,1,14.00,0.00,'2025-09-09 03:21:19'),(5,1,2,0.00,0.00,'2025-09-09 03:21:19'),(6,1,1,11.00,0.00,'2025-09-09 03:21:19'),(7,3,2,0.00,0.00,'2025-09-09 03:21:19'),(8,3,1,1.00,0.00,'2025-09-09 03:21:19'),(9,4,2,0.00,0.00,'2025-09-09 03:21:19'),(10,4,1,0.00,0.00,'2025-09-09 03:21:19'),(11,7,2,0.00,0.00,'2025-09-09 03:21:19'),(12,7,1,28.00,0.00,'2025-09-09 03:21:19'),(13,5,2,0.00,0.00,'2025-09-09 03:21:19'),(14,5,1,0.00,0.00,'2025-09-09 03:21:19'),(15,9,2,0.00,0.00,'2025-09-09 03:21:19'),(16,9,1,0.00,0.00,'2025-09-09 03:21:19');
/*!40000 ALTER TABLE `stockinsumossucursal` ENABLE KEYS */;
UNLOCK TABLES;

--
-- Table structure for table `stockproductossucursal`
--

DROP TABLE IF EXISTS `stockproductossucursal`;
/*!40101 SET @saved_cs_client     = @@character_set_client */;
/*!50503 SET character_set_client = utf8mb4 */;
CREATE TABLE `stockproductossucursal` (
  `id` int NOT NULL AUTO_INCREMENT,
  `productoid` int NOT NULL,
  `sucursalid` int NOT NULL,
  `stock` decimal(10,2) DEFAULT '0.00',
  `stockminimo` decimal(8,2) DEFAULT '0.00',
  `habilitarventa` tinyint(1) DEFAULT '1',
  `created_at` timestamp NULL DEFAULT CURRENT_TIMESTAMP,
  PRIMARY KEY (`id`),
  KEY `productoid_idx` (`productoid`),
  KEY `sucursalid_idx` (`sucursalid`),
  CONSTRAINT `productoid` FOREIGN KEY (`productoid`) REFERENCES `productos` (`id`) ON DELETE CASCADE ON UPDATE CASCADE,
  CONSTRAINT `sucursalid` FOREIGN KEY (`sucursalid`) REFERENCES `sucursales` (`id`) ON UPDATE CASCADE
) ENGINE=InnoDB AUTO_INCREMENT=64 DEFAULT CHARSET=utf8mb3 COLLATE=utf8mb3_unicode_ci;
/*!40101 SET character_set_client = @saved_cs_client */;

--
-- Dumping data for table `stockproductossucursal`
--

LOCK TABLES `stockproductossucursal` WRITE;
/*!40000 ALTER TABLE `stockproductossucursal` DISABLE KEYS */;
INSERT INTO `stockproductossucursal` VALUES (1,1,2,0.00,0.00,1,'2025-09-08 05:14:55'),(2,1,1,0.00,0.00,1,'2025-09-08 05:14:55'),(3,2,2,0.00,0.00,1,'2025-09-08 05:14:55'),(4,2,1,0.00,0.00,1,'2025-09-08 05:14:55'),(5,3,2,0.00,0.00,1,'2025-09-08 05:14:55'),(6,3,1,0.00,0.00,1,'2025-09-08 05:14:55'),(7,4,2,0.00,0.00,1,'2025-09-08 05:14:55'),(8,4,1,0.00,0.00,1,'2025-09-08 05:14:55'),(9,5,2,0.00,0.00,1,'2025-09-08 05:14:55'),(10,5,1,0.00,0.00,1,'2025-09-08 05:14:55'),(11,6,2,3.00,0.00,1,'2025-09-08 05:14:55'),(12,6,1,13.00,0.00,1,'2025-09-08 05:14:55'),(13,7,2,0.00,0.00,1,'2025-09-08 05:14:55'),(14,7,1,10.00,0.00,1,'2025-09-08 05:14:55'),(15,8,2,0.00,0.00,1,'2025-09-08 05:14:55'),(16,8,1,0.00,0.00,1,'2025-09-08 05:14:55'),(17,9,2,0.00,0.00,1,'2025-09-08 05:14:55'),(18,9,1,14.00,0.00,1,'2025-09-08 05:14:55'),(19,10,2,0.00,0.00,1,'2025-09-08 05:14:55'),(20,10,1,0.00,0.00,1,'2025-09-08 05:14:55'),(21,11,2,0.00,0.00,1,'2025-09-08 05:14:55'),(22,11,1,0.00,0.00,1,'2025-09-08 05:14:55'),(23,12,2,0.00,0.00,1,'2025-09-08 05:14:55'),(24,12,1,4.00,0.00,1,'2025-09-08 05:14:55'),(25,14,2,0.00,0.00,1,'2025-09-08 05:14:55'),(26,14,1,0.00,0.00,1,'2025-09-08 05:14:55'),(27,16,2,0.00,0.00,1,'2025-09-08 05:14:55'),(28,16,1,0.00,0.00,1,'2025-09-08 05:14:55'),(29,17,2,0.00,0.00,1,'2025-09-08 05:14:55'),(30,17,1,0.00,0.00,1,'2025-09-08 05:14:55'),(31,18,2,0.00,0.00,1,'2025-09-08 05:14:55'),(32,18,1,16.00,0.00,1,'2025-09-08 05:14:55'),(33,19,2,0.00,0.00,1,'2025-09-08 05:14:55'),(34,19,1,0.00,0.00,1,'2025-09-08 05:14:55'),(35,20,2,0.00,0.00,1,'2025-09-08 05:14:55'),(36,20,1,0.00,0.00,1,'2025-09-08 05:14:55'),(37,21,2,0.00,0.00,1,'2025-09-08 05:14:55'),(38,21,1,0.00,0.00,1,'2025-09-08 05:14:55'),(39,22,2,0.00,0.00,1,'2025-09-08 05:14:55'),(40,22,1,2.00,0.00,1,'2025-09-08 05:14:55'),(41,23,2,0.00,0.00,1,'2025-09-08 05:14:55'),(42,23,1,0.00,0.00,1,'2025-09-08 05:14:55'),(43,24,2,0.00,0.00,1,'2025-09-08 05:14:55'),(44,24,1,0.00,0.00,1,'2025-09-08 05:14:55'),(45,25,2,0.00,0.00,1,'2025-09-08 05:14:55'),(46,25,1,0.00,0.00,1,'2025-09-08 05:14:55'),(47,13,2,0.00,0.00,1,'2025-09-08 05:14:55'),(48,13,1,0.00,0.00,1,'2025-09-08 05:14:55'),(49,15,2,0.00,0.00,1,'2025-09-08 05:14:55'),(50,15,1,0.00,0.00,1,'2025-09-08 05:14:55'),(51,26,2,0.00,0.00,1,'2025-09-08 05:14:55'),(52,26,1,0.00,0.00,1,'2025-09-08 05:14:55');
/*!40000 ALTER TABLE `stockproductossucursal` ENABLE KEYS */;
UNLOCK TABLES;

--
-- Table structure for table `subproductos`
--

DROP TABLE IF EXISTS `subproductos`;
/*!40101 SET @saved_cs_client     = @@character_set_client */;
/*!50503 SET character_set_client = utf8mb4 */;
CREATE TABLE `subproductos` (
  `id` int NOT NULL AUTO_INCREMENT,
  `id_unidadmedida` int NOT NULL,
  `insumoprocesado` tinyint(1) NOT NULL,
  `unidadmedida` varchar(33) CHARACTER SET utf8mb3 COLLATE utf8mb3_spanish_ci NOT NULL,
  `nombre` varchar(55) CHARACTER SET utf8mb3 COLLATE utf8mb3_spanish_ci NOT NULL,
  `sku` varchar(15) CHARACTER SET utf8mb3 COLLATE utf8mb3_spanish_ci DEFAULT NULL,
  `proveedor` varchar(45) CHARACTER SET utf8mb3 COLLATE utf8mb3_spanish_ci DEFAULT NULL,
  `descripcion` varchar(255) CHARACTER SET utf8mb3 COLLATE utf8mb3_spanish_ci DEFAULT NULL,
  `medidas` varchar(25) CHARACTER SET utf8mb3 COLLATE utf8mb3_spanish_ci DEFAULT NULL,
  `color` varchar(25) CHARACTER SET utf8mb3 COLLATE utf8mb3_spanish_ci DEFAULT NULL,
  `uso` varchar(25) CHARACTER SET utf8mb3 COLLATE utf8mb3_spanish_ci DEFAULT NULL,
  `stock` decimal(10,2) DEFAULT NULL,
  `stockminimo` decimal(8,2) DEFAULT NULL,
  `precio_compra` decimal(13,2) DEFAULT NULL,
  `fecha_ingreso` datetime DEFAULT NULL,
  PRIMARY KEY (`id`),
  KEY `idunidadmedida_idx` (`id_unidadmedida`),
  CONSTRAINT `id_unidadmedida` FOREIGN KEY (`id_unidadmedida`) REFERENCES `unidadesmedida` (`id`) ON UPDATE CASCADE
) ENGINE=InnoDB AUTO_INCREMENT=10 DEFAULT CHARSET=utf8mb3 COLLATE=utf8mb3_unicode_ci;
/*!40101 SET character_set_client = @saved_cs_client */;

--
-- Dumping data for table `subproductos`
--

LOCK TABLES `subproductos` WRITE;
/*!40000 ALTER TABLE `subproductos` DISABLE KEYS */;
INSERT INTO `subproductos` VALUES (1,4,0,'Kilogramos','Arena Media','12255445',NULL,NULL,NULL,NULL,NULL,13.60,11.00,160.00,'2025-02-10 00:03:13'),(2,1,0,'Unidad','Naranjas','55878523',NULL,NULL,NULL,NULL,NULL,20.00,5.00,66.00,'2025-02-10 05:27:35'),(3,4,0,'Kilogramos','Cemento','4500212036',NULL,NULL,NULL,NULL,NULL,2.00,15.00,7500.00,'2025-02-15 00:58:02'),(4,7,0,'Metros','Tubo de aluminio',NULL,NULL,NULL,NULL,NULL,NULL,-15.66,11.00,95.00,'2025-02-15 00:59:17'),(5,8,0,'Mililitros','Estuco blanco','0788000125',NULL,NULL,NULL,NULL,NULL,15013.00,10.00,0.00,'2025-02-17 05:07:49'),(7,7,0,'Metros','Lamina de madera calibre 12mm',NULL,NULL,NULL,NULL,NULL,NULL,7.00,0.00,90000.00,'2025-06-22 20:18:36'),(8,1,0,'Unidad','Cerraduras',NULL,NULL,NULL,NULL,NULL,NULL,5.00,0.00,120000.00,'2025-06-22 20:20:01'),(9,8,1,'Mililitros','Aceite Motul',NULL,NULL,NULL,NULL,NULL,NULL,0.00,0.00,0.00,'2025-07-20 05:16:39');
/*!40000 ALTER TABLE `subproductos` ENABLE KEYS */;
UNLOCK TABLES;

--
-- Table structure for table `sucursales`
--

DROP TABLE IF EXISTS `sucursales`;
/*!40101 SET @saved_cs_client     = @@character_set_client */;
/*!50503 SET character_set_client = utf8mb4 */;
CREATE TABLE `sucursales` (
  `id` int NOT NULL AUTO_INCREMENT,
  `nombre` varchar(99) CHARACTER SET utf8mb3 COLLATE utf8mb3_spanish_ci NOT NULL,
  `direccion` varchar(145) CHARACTER SET utf8mb3 COLLATE utf8mb3_spanish_ci DEFAULT NULL,
  `telefono` varchar(45) CHARACTER SET utf8mb3 COLLATE utf8mb3_spanish_ci DEFAULT NULL,
  `estado` tinyint(1) DEFAULT '1',
  `created_at` timestamp NULL DEFAULT CURRENT_TIMESTAMP,
  PRIMARY KEY (`id`)
) ENGINE=InnoDB AUTO_INCREMENT=3 DEFAULT CHARSET=utf8mb3 COLLATE=utf8mb3_unicode_ci;
/*!40101 SET character_set_client = @saved_cs_client */;

--
-- Dumping data for table `sucursales`
--

LOCK TABLES `sucursales` WRITE;
/*!40000 ALTER TABLE `sucursales` DISABLE KEYS */;
INSERT INTO `sucursales` VALUES (1,'Sede centro','centro cr 19','3158863520',1,'2025-09-08 00:26:46'),(2,'Sede Av centenario','Av centenario N 18','3169856621',1,'2025-09-08 00:26:46');
/*!40000 ALTER TABLE `sucursales` ENABLE KEYS */;
UNLOCK TABLES;

--
-- Table structure for table `tarifas`
--

DROP TABLE IF EXISTS `tarifas`;
/*!40101 SET @saved_cs_client     = @@character_set_client */;
/*!50503 SET character_set_client = utf8mb4 */;
CREATE TABLE `tarifas` (
  `id` int NOT NULL,
  `nombre` varchar(24) CHARACTER SET utf32 COLLATE utf32_spanish_ci NOT NULL,
  `valor` varchar(11) CHARACTER SET utf8mb3 COLLATE utf8mb3_spanish_ci NOT NULL,
  PRIMARY KEY (`id`)
) ENGINE=InnoDB DEFAULT CHARSET=utf8mb3 COLLATE=utf8mb3_unicode_ci;
/*!40101 SET character_set_client = @saved_cs_client */;

--
-- Dumping data for table `tarifas`
--

LOCK TABLES `tarifas` WRITE;
/*!40000 ALTER TABLE `tarifas` DISABLE KEYS */;
INSERT INTO `tarifas` VALUES (1,'Presencial','0'),(2,'Tarifa A','20000');
/*!40000 ALTER TABLE `tarifas` ENABLE KEYS */;
UNLOCK TABLES;

--
-- Table structure for table `tipofacturador`
--

DROP TABLE IF EXISTS `tipofacturador`;
/*!40101 SET @saved_cs_client     = @@character_set_client */;
/*!50503 SET character_set_client = utf8mb4 */;
CREATE TABLE `tipofacturador` (
  `id` int NOT NULL AUTO_INCREMENT,
  `nombre` varchar(22) CHARACTER SET utf8mb3 COLLATE utf8mb3_spanish_ci NOT NULL,
  PRIMARY KEY (`id`)
) ENGINE=InnoDB AUTO_INCREMENT=3 DEFAULT CHARSET=utf8mb3 COLLATE=utf8mb3_unicode_ci;
/*!40101 SET character_set_client = @saved_cs_client */;

--
-- Dumping data for table `tipofacturador`
--

LOCK TABLES `tipofacturador` WRITE;
/*!40000 ALTER TABLE `tipofacturador` DISABLE KEYS */;
INSERT INTO `tipofacturador` VALUES (1,'ELECTRONICA'),(2,'POS');
/*!40000 ALTER TABLE `tipofacturador` ENABLE KEYS */;
UNLOCK TABLES;

--
-- Table structure for table `unidadesmedida`
--

DROP TABLE IF EXISTS `unidadesmedida`;
/*!40101 SET @saved_cs_client     = @@character_set_client */;
/*!50503 SET character_set_client = utf8mb4 */;
CREATE TABLE `unidadesmedida` (
  `id` int NOT NULL AUTO_INCREMENT,
  `nombre` varchar(33) CHARACTER SET utf8mb3 COLLATE utf8mb3_spanish_ci NOT NULL,
  `simbolo` varchar(5) CHARACTER SET utf8mb3 COLLATE utf8mb3_spanish_ci DEFAULT NULL,
  `editable` tinyint(1) DEFAULT NULL,
  `fechacreacion` datetime DEFAULT NULL,
  `fechaupdate` datetime DEFAULT NULL,
  PRIMARY KEY (`id`)
) ENGINE=InnoDB AUTO_INCREMENT=12 DEFAULT CHARSET=utf8mb3 COLLATE=utf8mb3_unicode_ci;
/*!40101 SET character_set_client = @saved_cs_client */;

--
-- Dumping data for table `unidadesmedida`
--

LOCK TABLES `unidadesmedida` WRITE;
/*!40000 ALTER TABLE `unidadesmedida` DISABLE KEYS */;
INSERT INTO `unidadesmedida` VALUES (1,'Unidad','Und',0,'2025-02-07 00:00:00',NULL),(2,'Gramos','Gr',0,'2025-02-07 00:00:00',NULL),(3,'Libras','Lb',0,'2025-02-07 00:00:00',NULL),(4,'Kilogramos','Kg',0,'2025-02-07 00:00:00',NULL),(5,'Milimetros','Mn',0,'2025-02-07 00:00:00',NULL),(6,'Centimetros','Cm',0,'2025-02-07 00:00:00',NULL),(7,'Metros','Mt',0,'2025-02-07 00:00:00',NULL),(8,'Mililitros','Ml',0,'2025-02-07 00:00:00',NULL),(9,'Litros','Lt',0,'2025-02-07 00:00:00',NULL),(10,'Caja',NULL,1,'2025-02-17 05:26:36',NULL);
/*!40000 ALTER TABLE `unidadesmedida` ENABLE KEYS */;
UNLOCK TABLES;

--
-- Table structure for table `usuarios`
--

DROP TABLE IF EXISTS `usuarios`;
/*!40101 SET @saved_cs_client     = @@character_set_client */;
/*!50503 SET character_set_client = utf8mb4 */;
CREATE TABLE `usuarios` (
  `id` int NOT NULL AUTO_INCREMENT,
  `idsucursal` int NOT NULL,
  `nombre` varchar(40) CHARACTER SET utf8mb3 NOT NULL,
  `apellido` varchar(40) CHARACTER SET utf8mb3 DEFAULT NULL,
  `cedula` varchar(10) CHARACTER SET utf8mb3 DEFAULT NULL,
  `nickname` varchar(12) CHARACTER SET utf8mb3 NOT NULL,
  `movil` varchar(13) CHARACTER SET utf8mb3 NOT NULL,
  `email` varchar(40) CHARACTER SET utf8mb3 DEFAULT NULL,
  `ws` varchar(13) CHARACTER SET utf8mb3 DEFAULT NULL,
  `password` varchar(60) CHARACTER SET utf8mb3 NOT NULL,
  `confirmado` tinyint(1) DEFAULT NULL,
  `token` varchar(13) CHARACTER SET utf8mb3 DEFAULT NULL,
  `perfil` varchar(20) CHARACTER SET utf8mb3 NOT NULL,
  `ciudad` varchar(44) CHARACTER SET utf8mb3 DEFAULT NULL,
  `direccion` varchar(60) CHARACTER SET utf8mb3 DEFAULT NULL,
  `fecha_nacimiento` date DEFAULT NULL,
  `img` varchar(60) CHARACTER SET utf8mb3 DEFAULT NULL,
  `fechacreacion` date DEFAULT NULL,
  `ultimologin` datetime DEFAULT NULL,
  PRIMARY KEY (`id`),
  UNIQUE KEY `movil_UNIQUE` (`movil`),
  UNIQUE KEY `nickname_UNIQUE` (`nickname`),
  UNIQUE KEY `identificacion_UNIQUE` (`cedula`),
  UNIQUE KEY `email_UNIQUE` (`email`),
  KEY `idsucursal_idx` (`idsucursal`),
  CONSTRAINT `idsucursal` FOREIGN KEY (`idsucursal`) REFERENCES `sucursales` (`id`) ON DELETE CASCADE ON UPDATE CASCADE
) ENGINE=InnoDB AUTO_INCREMENT=23 DEFAULT CHARSET=utf8mb3 COLLATE=utf8mb3_unicode_ci;
/*!40101 SET character_set_client = @saved_cs_client */;

--
-- Dumping data for table `usuarios`
--

LOCK TABLES `usuarios` WRITE;
/*!40000 ALTER TABLE `usuarios` DISABLE KEYS */;
INSERT INTO `usuarios` VALUES (1,1,'Julian','Rodriguez','1094552023','julianx1','3042029683','julianlink123@hotmail.com',NULL,'$2y$10$TmSbBtfQLZZwrDZDNT9XN.l8MgkhGfkB2g89qocNSFew2Msb93era',1,NULL,'Administrador','Armenia','Calle 26 # 50-21 Barrio primero',NULL,'avatar.png','2024-03-25','2024-03-25 15:03:02'),(2,2,'Christian Manuel','Ramirez Heano','43887625','usuario1','3223356020','chramirez80@gmail.com',NULL,'$2y$10$GmxqvuIoX9tx2hSgPjGzu.aapEe9kChA.CY3AsQnM6WRpgjUGBIu6',1,NULL,'Administrador','4','1',NULL,'659afe8d76a70perritos.png','2024-01-08','2024-01-08 13:36:48'),(3,1,'Juan Andres','cifuentes','1095332015','usuario2','3125542030',NULL,NULL,'$2y$10$MGUM/fONG0mcZmKd2uuPPOx5kazsRhK78p6HAE.38yhvvl7gvNLeC',1,NULL,'Empleado','1','1',NULL,'659321d334008f5d0e3fd98bf7af68026f114f50c738e.png','2024-01-09','2024-01-08 13:36:58'),(7,1,'Marcelo','Santos','1095664730','usuario3','3142256027',NULL,NULL,'$2y$10$W1hK.vDnV2L18RUqa9bsbuBF8IJhNla9o9vuCYpaWfAvTeatfqVPq',1,NULL,'Administrador','4','1',NULL,'659331d26590039b78af2df2e86bac3e125aeb302c926.png','2024-01-09','2024-01-08 13:37:57'),(21,1,'Maicol Andres','Montoya Pinzon','1092478603','usuario6','3115204520',NULL,NULL,'$2y$10$VCUWdgiw8hFh2zaz12Tdju6RCbphGABdDptwLHhVh7YeoGm7lIlsG',1,NULL,'Empleado','1','1',NULL,'avatar.png','2024-01-09',NULL),(22,1,'valentina','rios','1093665201','usuario4','3154452011',NULL,NULL,'$2y$10$CgsI2I.HHee6651WxbMAgew5KxWw0tfmk.t2jiMrhCFIZorPj9kVS',1,NULL,'Empleado','1','1',NULL,'659ca3c5ccd58perritos.png','2024-01-09',NULL);
/*!40000 ALTER TABLE `usuarios` ENABLE KEYS */;
UNLOCK TABLES;

--
-- Table structure for table `usuarios_permisos`
--

DROP TABLE IF EXISTS `usuarios_permisos`;
/*!40101 SET @saved_cs_client     = @@character_set_client */;
/*!50503 SET character_set_client = utf8mb4 */;
CREATE TABLE `usuarios_permisos` (
  `id` int NOT NULL AUTO_INCREMENT,
  `usuarioid` int NOT NULL,
  `permisoid` int NOT NULL,
  PRIMARY KEY (`id`),
  KEY `usuario_id_idx` (`usuarioid`),
  KEY `permisoid_idx` (`permisoid`),
  CONSTRAINT `permisoid` FOREIGN KEY (`permisoid`) REFERENCES `permisos` (`id`) ON DELETE CASCADE ON UPDATE CASCADE,
  CONSTRAINT `usuarioid` FOREIGN KEY (`usuarioid`) REFERENCES `usuarios` (`id`) ON DELETE CASCADE ON UPDATE CASCADE
) ENGINE=InnoDB DEFAULT CHARSET=utf8mb3 COLLATE=utf8mb3_unicode_ci;
/*!40101 SET character_set_client = @saved_cs_client */;

--
-- Dumping data for table `usuarios_permisos`
--

LOCK TABLES `usuarios_permisos` WRITE;
/*!40000 ALTER TABLE `usuarios_permisos` DISABLE KEYS */;
/*!40000 ALTER TABLE `usuarios_permisos` ENABLE KEYS */;
UNLOCK TABLES;

--
-- Table structure for table `ventas`
--

DROP TABLE IF EXISTS `ventas`;
/*!40101 SET @saved_cs_client     = @@character_set_client */;
/*!50503 SET character_set_client = utf8mb4 */;
CREATE TABLE `ventas` (
  `id` int NOT NULL AUTO_INCREMENT,
  `idfactura` int NOT NULL,
  `idproducto` int DEFAULT NULL,
  `tipoproducto` tinyint(1) DEFAULT NULL,
  `tipoproduccion` tinyint(1) DEFAULT NULL,
  `rendimientoestandar` decimal(11,2) DEFAULT NULL,
  `nombreproducto` varchar(124) COLLATE utf8mb3_unicode_ci NOT NULL,
  `foto` varchar(99) CHARACTER SET utf8mb3 COLLATE utf8mb3_unicode_ci DEFAULT NULL,
  `valorunidad` int DEFAULT NULL,
  `cantidad` decimal(10,2) NOT NULL,
  `subtotal` decimal(13,2) DEFAULT NULL,
  `base` decimal(12,3) DEFAULT NULL,
  `impuesto` int DEFAULT NULL,
  `valorimp` decimal(12,3) DEFAULT NULL,
  `descuento` int DEFAULT NULL,
  `total` decimal(13,2) DEFAULT NULL,
  `dato1` varchar(45) CHARACTER SET utf8mb3 COLLATE utf8mb3_unicode_ci DEFAULT NULL,
  `dato2` varchar(45) CHARACTER SET utf8mb3 COLLATE utf8mb3_unicode_ci DEFAULT NULL,
  PRIMARY KEY (`id`),
  KEY `idfactura_idx` (`idfactura`),
  KEY `idproducto_idx` (`idproducto`),
  CONSTRAINT `idfactura` FOREIGN KEY (`idfactura`) REFERENCES `facturas` (`id`) ON DELETE CASCADE ON UPDATE CASCADE,
  CONSTRAINT `idproducto` FOREIGN KEY (`idproducto`) REFERENCES `productos` (`id`) ON DELETE SET NULL ON UPDATE CASCADE
) ENGINE=InnoDB AUTO_INCREMENT=307 DEFAULT CHARSET=utf8mb3 COLLATE=utf8mb3_unicode_ci;
/*!40101 SET character_set_client = @saved_cs_client */;

--
-- Dumping data for table `ventas`
--

LOCK TABLES `ventas` WRITE;
/*!40000 ALTER TABLE `ventas` DISABLE KEYS */;
INSERT INTO `ventas` VALUES (1,1,6,0,0,0.00,'Vitamina Blend',NULL,95600,2.00,0.00,NULL,0,NULL,0,191200.00,'',''),(2,1,3,1,0,0.00,'Taladro percutor BLACK AND DECKER 550W 1/2',NULL,598000,1.00,598000.00,502521.008,19,95478.992,0,598000.00,'',''),(3,2,12,0,0,0.00,'Proteina 10kg',NULL,213900,1.00,213900.00,213900.000,0,0.000,0,213900.00,'',''),(4,3,6,0,0,0.00,'Vitamina Blend',NULL,95600,2.00,0.00,NULL,0,NULL,0,191200.00,'',''),(5,3,3,1,0,0.00,'Taladro percutor BLACK AND DECKER 550W 1/2',NULL,922000,1.00,922000.00,774789.916,19,147210.084,0,922000.00,'',''),(6,4,3,1,0,0.00,'Taladro percutor BLACK AND DECKER 550W 1/2',NULL,213900,1.00,0.00,NULL,0,NULL,0,213900.00,'',''),(7,4,6,0,0,0.00,'Vitamina Blend',NULL,95600,2.00,0.00,NULL,0,NULL,0,191200.00,'',''),(8,4,4,0,0,0.00,'Atornillador Inalambrico Dewalt 12W de 1/2',NULL,284600,1.00,284600.00,239159.664,19,45440.336,0,284600.00,'',''),(9,5,6,0,0,0.00,'Vitamina Blend',NULL,10000,2.00,20000.00,16806.723,19,3193.277,0,20000.00,'',''),(10,6,6,0,0,0.00,'Vitamina Blend',NULL,10000,1.00,10000.00,8403.361,19,1596.639,0,10000.00,'',''),(11,6,3,1,0,0.00,'Taladro percutor BLACK AND DECKER 550W 1/2',NULL,213900,2.00,0.00,NULL,0,NULL,0,427800.00,'',''),(12,6,4,0,0,0.00,'Atornillador Inalambrico Dewalt 12W de 1/2',NULL,250000,1.00,250000.00,210084.034,19,39915.966,0,250000.00,'',''),(13,7,6,0,0,0.00,'Vitamina Blend',NULL,140000,1.00,140000.00,117647.059,19,22352.941,0,140000.00,'',''),(14,7,7,0,0,0.00,'Remachadora',NULL,18500,1.00,0.00,NULL,0,NULL,0,18500.00,'',''),(15,8,6,0,0,0.00,'Vitamina Blend',NULL,3000,2.00,6000.00,5042.017,19,957.983,0,6000.00,'',''),(16,8,7,0,0,0.00,'Remachadora',NULL,225000,1.00,225000.00,189075.630,19,35924.370,0,225000.00,'',''),(17,9,9,0,0,0.00,'Llave 3/8',NULL,380000,1.00,380000.00,319327.731,19,60672.269,0,380000.00,'',''),(18,13,2,1,0,0.00,'Pulidora DeWALT 8000rpm 1/2',NULL,285000,4.00,1140000.00,957983.193,19,182016.807,0,1140000.00,'',''),(19,14,3,1,0,0.00,'Taladro percutor BLACK AND DECKER 550W 1/2',NULL,11500,1.00,11500.00,9663.866,19,1836.134,0,11500.00,'',''),(20,14,4,0,0,0.00,'Atornillador Inalambrico Dewalt 12W de 1/2',NULL,211000,1.00,0.00,NULL,0,NULL,0,211000.00,'',''),(21,14,7,0,0,0.00,'Remachadora',NULL,18500,1.00,0.00,NULL,0,NULL,0,18500.00,'',''),(22,15,3,1,0,0.00,'Taladro percutor BLACK AND DECKER 550W 1/2',NULL,213900,1.00,0.00,NULL,0,NULL,0,213900.00,'',''),(23,15,6,0,0,0.00,'Vitamina Blend',NULL,60000,1.00,60000.00,50420.168,19,9579.832,0,60000.00,'',''),(24,15,9,0,0,0.00,'Llave 3/8',NULL,10000,1.00,0.00,NULL,0,NULL,0,10000.00,'',''),(25,16,6,0,0,0.00,'Vitamina Blend',NULL,95600,1.00,0.00,NULL,0,NULL,0,95600.00,'',''),(26,16,3,1,0,0.00,'Taladro percutor BLACK AND DECKER 550W 1/2',NULL,213900,1.00,0.00,NULL,0,NULL,0,213900.00,'',''),(27,16,7,0,0,0.00,'Remachadora',NULL,18500,1.00,0.00,NULL,0,NULL,0,18500.00,'',''),(28,17,2,1,0,0.00,'Pulidora DeWALT 8000rpm 1/2',NULL,598000,1.00,0.00,NULL,0,NULL,0,598000.00,'',''),(29,17,5,0,0,0.00,'Pistola de impacto ingersoll rand',NULL,921100,1.00,0.00,NULL,0,NULL,0,921100.00,'',''),(30,18,3,1,0,0.00,'Taladro percutor BLACK AND DECKER 550W 1/2',NULL,213900,1.00,0.00,NULL,0,NULL,0,213900.00,'',''),(31,18,7,0,0,0.00,'Remachadora',NULL,18500,1.00,0.00,NULL,0,NULL,0,18500.00,'',''),(32,18,10,0,0,0.00,'Llave 1/2',NULL,10000,1.00,0.00,NULL,0,NULL,0,10000.00,'',''),(33,19,3,1,0,0.00,'Taladro percutor BLACK AND DECKER 550W 1/2',NULL,213900,1.00,0.00,NULL,0,NULL,0,213900.00,'',''),(34,19,6,0,0,0.00,'Vitamina Blend',NULL,95600,1.00,0.00,NULL,0,NULL,0,95600.00,'',''),(35,20,3,1,0,0.00,'Taladro percutor BLACK AND DECKER 550W 1/2',NULL,213900,1.00,0.00,NULL,0,NULL,0,213900.00,'',''),(36,20,6,0,0,0.00,'Vitamina Blend',NULL,95600,2.00,0.00,NULL,0,NULL,0,191200.00,'',''),(37,20,9,0,0,0.00,'Llave 3/8',NULL,10000,1.00,0.00,NULL,0,NULL,0,10000.00,'',''),(38,21,6,0,0,0.00,'Vitamina Blend',NULL,95600,2.00,0.00,NULL,0,NULL,0,191200.00,'',''),(39,21,9,0,0,0.00,'Llave 3/8',NULL,10000,1.00,0.00,NULL,0,NULL,0,10000.00,'',''),(40,21,10,0,0,0.00,'Llave 1/2',NULL,10000,1.00,0.00,NULL,0,NULL,0,10000.00,'',''),(41,22,2,1,0,0.00,'Pulidora DeWALT 8000rpm 1/2',NULL,598000,2.00,0.00,NULL,0,NULL,0,1196000.00,'',''),(42,22,3,1,0,0.00,'Taladro percutor BLACK AND DECKER 550W 1/2',NULL,213900,1.00,0.00,NULL,0,NULL,0,213900.00,'',''),(43,23,6,0,0,0.00,'Vitamina Blend',NULL,95600,1.00,0.00,NULL,0,NULL,0,95600.00,'',''),(44,23,7,0,0,0.00,'Remachadora',NULL,18500,1.00,0.00,NULL,0,NULL,0,18500.00,'',''),(45,23,9,0,0,0.00,'Llave 3/8',NULL,10000,1.00,0.00,NULL,0,NULL,0,10000.00,'',''),(46,23,3,1,0,0.00,'Taladro percutor BLACK AND DECKER 550W 1/2',NULL,213900,1.00,0.00,NULL,0,NULL,0,213900.00,'',''),(47,24,3,1,0,0.00,'Taladro percutor BLACK AND DECKER 550W 1/2',NULL,213900,1.00,0.00,NULL,0,NULL,0,213900.00,'',''),(48,24,2,1,0,0.00,'Pulidora DeWALT 8000rpm 1/2',NULL,598000,3.00,0.00,NULL,0,NULL,0,1794000.00,'',''),(49,24,9,0,0,0.00,'Llave 3/8',NULL,10000,2.00,0.00,NULL,0,NULL,0,20000.00,'',''),(50,25,2,1,0,0.00,'Pulidora DeWALT 8000rpm 1/2',NULL,598000,4.00,0.00,NULL,0,NULL,0,2392000.00,'',''),(51,25,7,0,0,0.00,'Remachadora',NULL,18500,3.00,0.00,NULL,0,NULL,0,55500.00,'',''),(52,25,5,0,0,0.00,'Pistola de impacto ingersoll rand',NULL,921100,5.00,0.00,NULL,0,NULL,0,4605500.00,'',''),(53,26,6,0,0,0.00,'Vitamina Blend',NULL,95600,3.00,0.00,NULL,0,NULL,0,286800.00,'',''),(54,26,9,0,0,0.00,'Llave 3/8',NULL,10000,1.00,0.00,NULL,0,NULL,0,10000.00,'',''),(55,26,11,0,0,0.00,'Aspiradora',NULL,120500,2.00,0.00,NULL,0,NULL,0,241000.00,'',''),(56,35,2,1,0,0.00,'Pulidora DeWALT 8000rpm 1/2',NULL,598000,3.00,0.00,NULL,0,NULL,0,1794000.00,'',''),(57,35,3,0,0,0.00,'Taladro percutor BLACK AND DECKER 550W 1/2',NULL,213900,1.00,0.00,NULL,0,NULL,0,213900.00,'',''),(58,35,4,0,0,0.00,'Atornillador Inalambrico Dewalt 12W de 1/2',NULL,211000,2.00,0.00,NULL,0,NULL,0,422000.00,'',''),(59,36,2,1,0,0.00,'Pulidora DeWALT 8000rpm 1/2',NULL,598000,3.00,0.00,NULL,0,NULL,0,1794000.00,'',''),(60,36,3,1,0,0.00,'Taladro percutor BLACK AND DECKER 550W 1/2',NULL,213900,1.00,0.00,NULL,0,NULL,0,213900.00,'',''),(61,36,6,0,0,0.00,'Vitamina women Blend',NULL,95600,3.00,0.00,NULL,0,NULL,0,286800.00,'',''),(62,36,5,0,0,0.00,'Pistola de impacto ingersoll rand',NULL,921100,7.00,0.00,NULL,0,NULL,0,6447700.00,'',''),(63,36,13,0,0,0.00,'proteina 5kg',NULL,140000,1.00,0.00,NULL,0,NULL,0,140000.00,'',''),(64,36,10,0,0,0.00,'Llave 1/2',NULL,10000,1.00,0.00,NULL,0,NULL,0,10000.00,'',''),(65,37,3,1,0,0.00,'Taladro percutor BLACK AND DECKER 550W 1/2',NULL,213900,2.00,0.00,NULL,0,NULL,0,427800.00,'',''),(66,37,2,1,0,0.00,'Pulidora DeWALT 8000rpm 1/2',NULL,598000,1.00,0.00,NULL,0,NULL,0,598000.00,'',''),(67,37,5,0,0,0.00,'Pistola de impacto ingersoll rand',NULL,921100,1.00,0.00,NULL,0,NULL,0,921100.00,'',''),(68,37,6,0,0,0.00,'Vitamina women Blend',NULL,95600,3.00,0.00,NULL,0,NULL,0,286800.00,'',''),(69,37,9,0,0,0.00,'Llave 3/8',NULL,10000,5.00,0.00,NULL,0,NULL,0,50000.00,'',''),(70,37,10,0,0,0.00,'Llave 1/2',NULL,10000,1.00,0.00,NULL,0,NULL,0,10000.00,'',''),(71,37,7,0,0,0.00,'Remachadora',NULL,18500,1.00,0.00,NULL,0,NULL,0,18500.00,'',''),(72,37,12,0,0,0.00,'Proteina 10kg',NULL,250000,2.00,0.00,NULL,0,NULL,0,500000.00,'',''),(73,37,8,0,0,0.00,'Taladro Rotomartillo dewalt 1/2 650w',NULL,284600,1.00,0.00,NULL,0,NULL,0,284600.00,'',''),(74,37,11,0,0,0.00,'Aspiradora',NULL,120500,1.00,0.00,NULL,0,NULL,0,120500.00,'',''),(75,38,2,1,0,0.00,'Pulidora DeWALT 8000rpm 1/2',NULL,598000,1.00,0.00,NULL,0,NULL,0,598000.00,'',''),(76,38,3,1,0,0.00,'Taladro percutor BLACK AND DECKER 550W 1/2',NULL,213900,2.00,0.00,NULL,0,NULL,0,427800.00,'',''),(77,38,6,0,0,0.00,'Vitamina women Blend',NULL,95600,1.00,0.00,NULL,0,NULL,0,95600.00,'',''),(78,38,10,0,0,0.00,'Llave 1/2',NULL,10000,1.00,0.00,NULL,0,NULL,0,10000.00,'',''),(79,39,2,1,0,0.00,'Pulidora DeWALT 8000rpm 1/2',NULL,598000,2.00,0.00,NULL,0,NULL,0,1196000.00,'',''),(80,39,5,0,0,0.00,'Pistola de impacto ingersoll rand',NULL,921100,1.00,0.00,NULL,0,NULL,0,921100.00,'',''),(81,39,6,0,0,0.00,'Vitamina women Blend',NULL,95600,1.00,0.00,NULL,0,NULL,0,95600.00,'',''),(82,39,9,0,0,0.00,'Llave 3/8',NULL,10000,1.00,0.00,NULL,0,NULL,0,10000.00,'',''),(83,39,12,0,0,0.00,'Proteina 10kg',NULL,250000,1.00,0.00,NULL,0,NULL,0,250000.00,'',''),(84,40,3,1,0,0.00,'Taladro percutor BLACK AND DECKER 550W 1/2',NULL,213900,1.00,0.00,NULL,0,NULL,0,213900.00,'',''),(85,40,6,0,0,0.00,'Vitamina women Blend',NULL,95600,1.00,0.00,NULL,0,NULL,0,95600.00,'',''),(86,40,7,0,0,0.00,'Remachadora',NULL,18500,1.00,0.00,NULL,0,NULL,0,18500.00,'',''),(87,41,6,0,0,0.00,'Vitamina women Blend',NULL,95600,2.00,0.00,NULL,0,NULL,0,191200.00,'',''),(88,42,9,0,0,0.00,'Llave 3/8',NULL,10000,3.00,0.00,NULL,0,NULL,0,30000.00,'',''),(89,42,6,0,0,0.00,'Vitamina women Blend',NULL,95600,2.00,0.00,NULL,0,NULL,0,191200.00,'',''),(90,42,10,0,0,0.00,'Llave 1/2',NULL,10000,3.00,0.00,NULL,0,NULL,0,30000.00,'',''),(91,43,9,0,0,0.00,'Llave 3/8',NULL,10000,2.00,0.00,NULL,0,NULL,0,20000.00,'',''),(92,43,10,0,0,0.00,'Llave 1/2',NULL,10000,1.00,0.00,NULL,0,NULL,0,10000.00,'',''),(93,44,22,1,1,0.00,'Puerta',NULL,150000,1.00,0.00,NULL,0,NULL,0,150000.00,'',''),(94,45,2,1,0,0.00,'Pulidora DeWALT 8000rpm 1/2',NULL,598000,1.00,0.00,NULL,0,NULL,0,598000.00,'',''),(95,46,6,0,0,0.00,'Vitamina women Blend',NULL,95600,1.00,0.00,NULL,0,NULL,0,95600.00,'',''),(96,47,11,0,0,0.00,'Aspiradorax',NULL,120500,1.00,0.00,NULL,0,NULL,0,120500.00,'',''),(97,48,3,1,0,0.00,'Taladro percutor BLACK AND DECKER 550W 1/2',NULL,213900,2.00,0.00,NULL,0,NULL,0,427800.00,'',''),(98,49,3,1,0,0.00,'Taladro percutor BLACK AND DECKER 550W 1/2',NULL,213900,1.00,0.00,NULL,0,NULL,0,213900.00,'',''),(99,50,23,0,0,0.00,'Gafas de sol',NULL,60000,787.00,0.00,NULL,0,NULL,0,47220000.00,'',''),(100,51,15,1,0,0.00,'Arena',NULL,3000,1.00,0.00,NULL,0,NULL,0,3000.00,'',''),(101,52,22,1,1,0.00,'Puerta',NULL,150000,699.00,0.00,NULL,0,NULL,0,104850000.00,'',''),(103,56,1,-1,0,0.00,'lupe',NULL,22,1.00,0.00,NULL,0,NULL,0,22.00,'',''),(104,56,1,-1,0,0.00,'hola',NULL,35,1.00,0.00,NULL,0,NULL,0,35.00,'',''),(105,57,4,0,0,0.00,'Atornillador Inalambrico Dewalt 12W de 1/2',NULL,211000,1.00,0.00,NULL,0,NULL,0,211000.00,'',''),(106,57,5,0,0,0.00,'Pistola de impacto ingersoll rand',NULL,921100,1.00,0.00,NULL,0,NULL,0,921100.00,'',''),(107,58,6,0,0,0.00,'Vitamina women Blend',NULL,95600,1.00,0.00,NULL,0,NULL,0,124280.00,'',''),(108,59,9,0,0,0.00,'Llave 3/8',NULL,10000,0.00,0.00,NULL,0,NULL,0,0.00,'',''),(109,60,6,0,0,0.00,'Vitamina women Blend',NULL,95600,0.00,0.00,NULL,0,NULL,0,0.00,'',''),(110,60,9,0,0,0.00,'Llave 3/8',NULL,10000,0.00,0.00,NULL,0,NULL,0,0.00,'',''),(111,61,9,0,0,0.00,'Llave 3/8',NULL,10000,0.00,0.00,NULL,0,NULL,0,0.00,'',''),(112,61,12,0,0,0.00,'Proteina 10kg',NULL,250000,0.00,0.00,NULL,0,NULL,0,0.00,'',''),(113,61,16,0,0,0.00,'Bi-Pro Vainilla 5kg',NULL,225000,3.00,0.00,NULL,0,NULL,0,675000.00,'',''),(114,62,14,0,0,0.00,'Soldador sm h143',NULL,487000,1.00,0.00,NULL,0,NULL,0,487000.00,'',''),(115,62,15,1,0,0.00,'Arena',NULL,3000,3.00,0.00,NULL,0,NULL,0,9000.00,'',''),(116,62,5,0,0,0.00,'Pistola de impacto ingersoll rand',NULL,921100,1.00,0.00,NULL,0,NULL,0,921100.00,'',''),(117,63,13,0,0,0.00,'proteina 5kg',NULL,140000,3.00,0.00,NULL,0,NULL,0,420000.00,'',''),(118,64,7,0,0,0.00,'Remachadora',NULL,18500,4.00,0.00,NULL,0,NULL,0,74000.00,'',''),(119,65,6,0,0,0.00,'Vitamina women Blend',NULL,95600,4.00,0.00,NULL,0,NULL,0,334600.00,'',''),(120,65,9,0,0,0.00,'Llave 3/8',NULL,10000,1.00,0.00,NULL,0,NULL,0,13000.00,'',''),(121,66,6,0,0,0.00,'Vitamina women Blend','cliente1/productos/6742b5f92e199vitaminas5.jpg',95600,1.00,0.00,NULL,0,NULL,0,95600.00,'',''),(122,67,13,0,0,0.00,'proteina 5kg','cliente1/productos/68854e852bf53proteina4.jpg',140000,4.00,0.00,NULL,0,NULL,0,560000.00,'',''),(123,67,15,1,0,0.00,'Arena','null',3000,35.80,0.00,NULL,0,NULL,0,107400.00,'',''),(124,67,23,0,0,0.00,'Gafas de sol','cliente1/productos/687b289ec0779sunglasses2.jpg',60000,2.00,0.00,NULL,0,NULL,0,120000.00,'',''),(125,68,26,0,0,0.00,'Conector de transformador','cliente1/productos/687b2e526e732control4.jpeg',145000,1.00,0.00,NULL,0,NULL,0,145000.00,'',''),(126,68,23,0,0,0.00,'Gafas de sol','cliente1/productos/687b289ec0779sunglasses2.jpg',60000,1.00,0.00,NULL,0,NULL,0,60000.00,'',''),(127,69,22,1,1,0.00,'Puerta','null',150000,2.00,0.00,NULL,0,NULL,0,300000.00,'',''),(128,70,22,1,1,0.00,'Puerta','null',150000,2.00,0.00,NULL,0,NULL,0,300000.00,'',''),(129,71,22,1,1,0.00,'Puerta','null',150000,2.00,0.00,NULL,0,NULL,0,300000.00,'',''),(130,72,2,1,0,0.00,'Pulidora DeWALT 8200rpm 1/2','cliente1/productos/671f1676979c8pulidora.jpg',598000,1.00,0.00,NULL,0,NULL,0,598000.00,'',''),(131,73,2,1,0,0.00,'Pulidora DeWALT 8200rpm 1/2','cliente1/productos/671f1676979c8pulidora.jpg',598000,0.67,0.00,NULL,0,NULL,0,1196000.00,'',''),(132,74,2,1,0,0.00,'Pulidora DeWALT 8200rpm 1/2','cliente1/productos/671f1676979c8pulidora.jpg',598000,1.00,0.00,NULL,0,NULL,0,1794000.00,'',''),(133,75,22,1,0,0.00,'Puerta','null',150000,4.00,0.00,NULL,0,NULL,0,600000.00,'',''),(134,76,2,1,0,0.00,'Pulidora DeWALT 8200rpm 1/2','cliente1/productos/671f1676979c8pulidora.jpg',598000,1.33,0.00,NULL,0,NULL,0,2392000.00,'',''),(135,77,6,0,0,0.00,'Vitamina women Blend','cliente1/productos/6742b5f92e199vitaminas5.jpg',95600,2.00,0.00,NULL,19,NULL,0,191200.00,'',''),(136,78,6,0,0,0.00,'Vitamina women Blend','cliente1/productos/6742b5f92e199vitaminas5.jpg',95600,2.00,0.00,NULL,19,NULL,0,191200.00,'',''),(137,78,13,0,0,0.00,'proteina 5kg','cliente1/productos/68854e852bf53proteina4.jpg',140000,1.00,0.00,NULL,19,NULL,0,140000.00,'',''),(138,79,6,0,0,0.00,'Vitamina women Blend','cliente1/productos/6742b5f92e199vitaminas5.jpg',95600,2.00,0.00,NULL,19,NULL,0,191200.00,'',''),(139,79,13,0,0,0.00,'proteina 5kg','cliente1/productos/68854e852bf53proteina4.jpg',140000,1.00,0.00,NULL,19,NULL,0,140000.00,'',''),(140,80,9,0,0,0.00,'Llave 3/8','null',10000,2.00,0.00,NULL,19,NULL,0,20000.00,'',''),(141,80,7,0,0,0.00,'Remachadora','null',18500,1.00,0.00,NULL,19,NULL,0,18500.00,'',''),(142,80,6,0,0,0.00,'Vitamina women Blend','cliente1/productos/6742b5f92e199vitaminas5.jpg',95600,1.00,0.00,NULL,19,NULL,0,95600.00,'',''),(143,81,6,0,0,0.00,'Vitamina women Blend','cliente1/productos/6742b5f92e199vitaminas5.jpg',95600,2.00,0.00,0.000,19,15263.870,0,191200.00,'',''),(144,82,6,0,0,0.00,'Vitamina women Blend','cliente1/productos/6742b5f92e199vitaminas5.jpg',95600,1.00,0.00,0.000,19,15263.870,0,95600.00,'',''),(145,82,2,1,0,0.00,'Pulidora DeWALT 8200rpm 1/2','cliente1/productos/671f1676979c8pulidora.jpg',598000,0.33,0.00,0.000,19,95478.990,0,598000.00,'',''),(146,82,11,0,0,0.00,'Aspiradorax','cliente1/productos/6724625f84d00aspiradora2.jpg',120500,2.00,0.00,0.000,19,19239.500,0,241000.00,'',''),(147,82,8,0,0,0.00,'Taladro Rotomartillo dewalt 1/2 650w','null',284600,2.00,0.00,0.000,19,45440.340,0,569200.00,'',''),(148,83,6,0,0,0.00,'Vitamina women Blend','cliente1/productos/6742b5f92e199vitaminas5.jpg',95600,1.00,95600.00,80336.134,19,15263.866,0,95600.00,'',''),(149,84,22,1,1,0.00,'Puerta','null',150000,3.00,150000.00,450000.000,0,0.000,0,450000.00,'',''),(150,85,6,0,0,0.00,'Vitamina women Blend','cliente1/productos/6742b5f92e199vitaminas5.jpg',95600,1.00,95600.00,80336.134,19,15263.866,0,95600.00,'',''),(151,85,22,1,1,0.00,'Puerta','null',150000,2.00,150000.00,300000.000,0,0.000,0,300000.00,'',''),(152,86,11,0,0,0.00,'Aspiradorax','cliente1/productos/6724625f84d00aspiradora2.jpg',120500,1.00,120500.00,101260.504,19,19239.496,0,120500.00,'',''),(153,87,11,0,0,0.00,'Aspiradorax','cliente1/productos/6724625f84d00aspiradora2.jpg',120500,1.00,120500.00,101260.504,19,19239.496,0,120500.00,'',''),(154,88,2,1,0,0.00,'Pulidora DeWALT 8200rpm 1/2','cliente1/productos/671f1676979c8pulidora.jpg',598000,0.33,598000.00,502521.008,19,95478.992,0,598000.00,'',''),(155,89,17,1,0,1.00,'Mezcladorax','null',380000,1.00,380000.00,319327.731,19,60672.269,0,380000.00,'',''),(156,90,11,0,0,1.00,'Aspiradorax','cliente1/productos/6724625f84d00aspiradora2.jpg',120500,2.00,120500.00,202521.008,19,38478.992,0,241000.00,'',''),(157,91,22,1,1,1.00,'Puerta','null',150000,1.00,150000.00,150000.000,0,0.000,0,150000.00,'',''),(158,92,2,1,0,3.00,'Pulidora DeWALT 8200rpm 1/2','cliente1/productos/671f1676979c8pulidora.jpg',598000,0.33,598000.00,502521.008,19,95478.992,0,598000.00,'',''),(159,93,17,1,0,1.00,'Mezcladorax','null',380000,2.00,380000.00,638655.462,19,121344.538,0,760000.00,'',''),(160,94,2,1,0,3.00,'Pulidora DeWALT 8200rpm 1/2','cliente1/productos/671f1676979c8pulidora.jpg',598000,0.67,598000.00,1005042.017,19,190957.983,0,1196000.00,'',''),(161,95,2,1,0,3.00,'Pulidora DeWALT 8200rpm 1/2','cliente1/productos/671f1676979c8pulidora.jpg',598000,1.00,598000.00,502521.008,19,95478.992,0,598000.00,'',''),(162,96,2,1,0,3.00,'Pulidora DeWALT 8200rpm 1/2','cliente1/productos/671f1676979c8pulidora.jpg',598000,1.00,598000.00,502521.008,19,95478.992,0,598000.00,'',''),(163,97,22,1,1,1.00,'Puerta','null',150000,2.00,150000.00,300000.000,0,0.000,0,300000.00,'',''),(164,98,17,1,0,1.00,'Mezcladorax','null',380000,2.00,380000.00,638655.462,19,121344.538,0,760000.00,'',''),(165,99,6,0,0,1.00,'Vitamina women Blend','cliente1/productos/6742b5f92e199vitaminas5.jpg',95600,3.00,95600.00,241008.403,19,45791.597,0,286800.00,'',''),(166,100,6,0,0,1.00,'Vitamina women Blend','cliente1/productos/6742b5f92e199vitaminas5.jpg',95600,3.00,95600.00,241008.403,19,45791.597,0,286800.00,'',''),(167,101,6,0,0,1.00,'Vitamina women Blend','cliente1/productos/6742b5f92e199vitaminas5.jpg',95600,4.00,382400.00,321344.538,19,61055.462,0,382400.00,'',''),(168,102,13,0,0,1.00,'proteina 5kg','cliente1/productos/68854e852bf53proteina4.jpg',140000,10.00,1400000.00,1176470.588,19,223529.412,0,1400000.00,'',''),(169,103,11,0,0,1.00,'Aspiradorax','cliente1/productos/6724625f84d00aspiradora2.jpg',120500,1.00,120500.00,101260.504,19,19239.496,0,120500.00,'',''),(170,104,11,0,0,1.00,'Aspiradorax','cliente1/productos/6724625f84d00aspiradora2.jpg',120500,1.00,120500.00,101260.504,19,19239.496,0,120500.00,'',''),(171,105,5,0,0,1.00,'Pistola de impacto ingersoll rand','null',922000,1.00,922000.00,774789.916,19,147210.084,0,922000.00,'',''),(172,105,6,0,0,1.00,'Vitamina women Blend','cliente1/productos/6742b5f92e199vitaminas5.jpg',95600,2.00,191200.00,160672.269,19,30527.731,0,191200.00,'',''),(173,105,9,0,0,1.00,'Llave 3/8','null',10000,1.00,10000.00,8403.361,19,1596.639,0,10000.00,'',''),(174,105,16,0,0,1.00,'Bi-Pro Vainilla 5kg','null',225000,2.00,450000.00,378151.261,19,71848.739,0,450000.00,'',''),(175,105,10,0,0,1.00,'Llave 1/2','null',10000,1.00,10000.00,8403.361,19,1596.639,0,10000.00,'',''),(176,106,6,0,0,1.00,'Vitamina women Blend','cliente1/productos/6742b5f92e199vitaminas5.jpg',95600,1.00,95600.00,80336.134,19,15263.866,0,95600.00,'',''),(177,106,7,0,0,1.00,'Remachadora','null',18500,1.00,18500.00,15546.218,19,2953.782,0,18500.00,'',''),(178,106,10,0,0,1.00,'Llave 1/2','null',10000,1.00,10000.00,8403.361,19,1596.639,0,10000.00,'',''),(179,107,6,0,0,1.00,'Vitamina women Blend','cliente1/productos/6742b5f92e199vitaminas5.jpg',95600,1.00,95600.00,80336.134,19,15263.866,0,95600.00,'',''),(180,107,7,0,0,1.00,'Remachadora','null',18500,1.00,18500.00,15546.218,19,2953.782,0,18500.00,'',''),(181,107,10,0,0,1.00,'Llave 1/2','null',10000,1.00,10000.00,8403.361,19,1596.639,0,10000.00,'',''),(182,107,5,0,0,1.00,'Pistola de impacto ingersoll rand','null',922000,1.00,922000.00,774789.916,19,147210.084,0,922000.00,'',''),(183,108,6,0,0,1.00,'Vitamina women Blend','cliente1/productos/6742b5f92e199vitaminas5.jpg',95600,1.00,95600.00,80336.134,19,15263.866,0,95600.00,'',''),(184,109,6,0,0,1.00,'Vitamina women Blend','cliente1/productos/6742b5f92e199vitaminas5.jpg',95600,1.00,95600.00,80336.134,19,15263.866,0,95600.00,'',''),(185,110,6,0,0,1.00,'Vitamina women Blend','cliente1/productos/6742b5f92e199vitaminas5.jpg',95600,1.00,95600.00,80336.134,19,15263.866,0,95600.00,'',''),(186,111,6,0,0,1.00,'Vitamina women Blend','cliente1/productos/6742b5f92e199vitaminas5.jpg',95600,2.00,191200.00,160672.269,19,30527.731,0,191200.00,'',''),(187,111,10,0,0,1.00,'Llave 1/2','null',10000,1.00,10000.00,8403.361,19,1596.639,0,10000.00,'',''),(188,112,2,1,0,3.00,'Pulidora DeWALT 8200rpm 1/2','cliente1/productos/671f1676979c8pulidora.jpg',598000,2.00,1196000.00,1005042.017,19,190957.983,0,1196000.00,'',''),(189,112,22,1,1,1.00,'Puerta','null',150000,1.00,150000.00,150000.000,0,0.000,0,150000.00,'',''),(190,112,20,0,0,1.00,'proteína 13kg masa ganador','',200000,1.00,200000.00,200000.000,0,0.000,0,200000.00,'',''),(191,112,3,1,1,1.00,'Taladro percutor BLACK AND DECKER 550W 1/2','undefined',213900,1.00,213900.00,213900.000,0,0.000,0,213900.00,'',''),(192,112,4,0,0,1.00,'Atornillador Inalambrico Dewalt 12W de 1/2','undefined',211000,1.00,211000.00,177310.924,19,33689.076,0,211000.00,'',''),(209,113,23,0,0,1.00,'Gafas de sol','cliente1/productos/687b289ec0779sunglasses2.jpg',60000,4.00,240000.00,201680.672,19,38319.328,0,240000.00,'',''),(210,113,15,1,0,1.00,'Arena','null',3000,4.00,12000.00,10084.034,19,1915.966,0,12000.00,'',''),(211,113,18,0,0,1.00,'Esmeril','null',285000,4.00,1140000.00,957983.193,19,182016.807,0,1140000.00,'',''),(212,114,23,0,0,1.00,'Gafas de sol','cliente1/productos/687b289ec0779sunglasses2.jpg',60000,4.00,240000.00,201680.672,19,38319.328,0,240000.00,'',''),(213,114,15,1,0,1.00,'Arena','null',3000,4.00,12000.00,10084.034,19,1915.966,0,12000.00,'',''),(214,114,18,0,0,1.00,'Esmeril','null',285000,2.00,570000.00,478991.597,19,91008.403,0,570000.00,'',''),(215,115,6,0,0,1.00,'Vitamina women Blend','cliente1/productos/6742b5f92e199vitaminas5.jpg',95600,1.00,95600.00,80336.134,19,15263.866,0,95600.00,'',''),(216,115,9,0,0,1.00,'Llave 3/8','null',10000,1.00,10000.00,8403.361,19,1596.639,0,10000.00,'',''),(217,115,10,0,0,1.00,'Llave 1/2','null',10000,1.00,10000.00,8403.361,19,1596.639,0,10000.00,'',''),(218,115,16,0,0,1.00,'Bi-Pro Vainilla 5kg','null',225000,1.00,225000.00,189075.630,19,35924.370,0,225000.00,'',''),(219,116,6,0,0,1.00,'Vitamina women Blend','cliente1/productos/6742b5f92e199vitaminas5.jpg',95600,1.00,95600.00,80336.134,19,15263.866,0,95600.00,'',''),(220,116,3,1,1,1.00,'Taladro percutor BLACK AND DECKER 550W 1/2','undefined',213900,1.00,213900.00,213900.000,0,0.000,0,213900.00,'',''),(221,116,4,0,0,1.00,'Atornillador Inalambrico Dewalt 12W de 1/2','undefined',211000,1.00,211000.00,177310.924,19,33689.076,0,211000.00,'',''),(222,117,6,0,0,1.00,'Vitamina women Blend','cliente1/productos/6742b5f92e199vitaminas5.jpg',95600,1.00,95600.00,80336.134,19,15263.866,0,95600.00,'',''),(223,117,9,0,0,1.00,'Llave 3/8','null',10000,1.00,10000.00,8403.361,19,1596.639,0,10000.00,'',''),(224,118,5,0,0,1.00,'Pistola de impacto ingersoll rand','null',922000,1.00,922000.00,774789.916,19,147210.084,0,922000.00,'',''),(225,118,2,1,0,3.00,'Pulidora DeWALT 8200rpm 1/2','cliente1/productos/671f1676979c8pulidora.jpg',598000,1.00,598000.00,502521.008,19,95478.992,0,598000.00,'',''),(226,118,3,1,1,1.00,'Taladro percutor BLACK AND DECKER 550W 1/2','undefined',213900,1.00,213900.00,213900.000,0,0.000,0,213900.00,'',''),(227,119,6,0,0,1.00,'Vitamina women Blend','cliente1/productos/6742b5f92e199vitaminas5.jpg',95600,1.00,95600.00,80336.134,19,15263.866,0,95600.00,'',''),(228,119,9,0,0,1.00,'Llave 3/8','null',10000,2.00,20000.00,16806.723,19,3193.277,0,20000.00,'',''),(229,119,12,0,0,1.00,'Proteina 10kg','null',250000,1.00,250000.00,210084.034,19,39915.966,0,250000.00,'',''),(230,120,13,0,0,1.00,'proteina 5kg','cliente1/productos/68854e852bf53proteina4.jpg',140000,2.00,280000.00,235294.118,19,44705.882,0,280000.00,'',''),(231,120,16,0,0,1.00,'Bi-Pro Vainilla 5kg','null',225000,1.00,225000.00,189075.630,19,35924.370,0,225000.00,'',''),(232,121,6,0,0,1.00,'Vitamina women Blend','cliente1/productos/6742b5f92e199vitaminas5.jpg',95600,1.00,95600.00,80336.134,19,15263.866,0,95600.00,'',''),(233,121,7,0,0,1.00,'Remachadora','null',18500,2.00,37000.00,31092.437,19,5907.563,0,37000.00,'',''),(234,121,10,0,0,1.00,'Llave 1/2','null',10000,1.00,10000.00,8403.361,19,1596.639,0,10000.00,'',''),(236,122,9,0,0,1.00,'Llave 3/8','null',10000,2.00,20000.00,16806.723,19,3193.277,0,20000.00,'',''),(237,122,6,0,0,1.00,'Vitamina women Blend','cliente1/productos/6742b5f92e199vitaminas5.jpg',95600,1.00,95600.00,80336.134,19,15263.866,0,95600.00,'',''),(238,123,9,0,0,1.00,'Llave 3/8','null',10000,2.00,20000.00,16806.723,19,3193.277,0,20000.00,'',''),(239,123,6,0,0,1.00,'Vitamina women Blend','cliente1/productos/6742b5f92e199vitaminas5.jpg',95600,1.00,95600.00,80336.134,19,15263.866,0,95600.00,'',''),(240,123,16,0,0,1.00,'Bi-Pro Vainilla 5kg','null',225000,1.00,225000.00,189075.630,19,35924.370,0,225000.00,'',''),(241,124,6,0,0,1.00,'Vitamina women Blend','cliente1/productos/6742b5f92e199vitaminas5.jpg',95600,1.00,95600.00,80336.134,19,15263.866,0,95600.00,'',''),(244,128,1,-1,-1,1.00,'lupe','na',4000,5.00,20000.00,20000.000,0,0.000,0,20000.00,'',''),(245,133,1,-1,-1,1.00,'servicio contable','na',1800000,2.00,3600000.00,3600000.000,0,0.000,0,3600000.00,'',''),(246,134,1,-1,-1,1.00,'servicio contable','na',1800000,2.00,3600000.00,3600000.000,0,0.000,0,3600000.00,'',''),(247,135,1,-1,-1,1.00,'lupe','na',500000,1.00,500000.00,500000.000,0,0.000,0,500000.00,'',''),(248,136,1,-1,-1,1.00,'servicio contable','na',750000,2.00,1500000.00,1500000.000,0,0.000,0,1500000.00,'',''),(249,137,1,-1,-1,1.00,'servicio contable','na',750000,2.00,1500000.00,1500000.000,0,0.000,0,1500000.00,'',''),(250,138,6,0,0,1.00,'Vitamina women Blend','cliente1/productos/6742b5f92e199vitaminas5.jpg',95600,2.00,191200.00,160672.269,19,30527.731,0,191200.00,'',''),(251,138,9,0,0,1.00,'Llave 3/8','null',10000,1.00,10000.00,8403.361,19,1596.639,0,10000.00,'',''),(252,139,6,0,0,1.00,'Vitamina women Blend','cliente1/productos/6742b5f92e199vitaminas5.jpg',95600,1.00,95600.00,80336.134,19,15263.866,0,95600.00,'',''),(253,139,13,0,0,1.00,'proteina 5kg','cliente1/productos/68854e852bf53proteina4.jpg',140000,2.00,280000.00,235294.118,19,44705.882,0,280000.00,'',''),(254,140,11,0,0,1.00,'Aspiradorax','cliente1/productos/6724625f84d00aspiradora2.jpg',120500,1.00,120500.00,101260.504,19,19239.496,0,120500.00,'',''),(255,140,12,0,0,1.00,'Proteina 10kg','null',250000,1.00,250000.00,210084.034,19,39915.966,0,250000.00,'',''),(256,140,8,0,0,1.00,'Taladro Rotomartillo dewalt 1/2 650w','null',284600,1.00,284600.00,239159.664,19,45440.336,0,284600.00,'',''),(257,141,7,0,0,1.00,'Remachadora','null',18500,1.00,18500.00,15546.218,19,2953.782,0,18500.00,'',''),(258,141,13,0,0,1.00,'proteina 5kg','cliente1/productos/68854e852bf53proteina4.jpg',140000,1.00,140000.00,117647.059,19,22352.941,0,140000.00,'',''),(259,142,4,0,0,1.00,'Atornillador Inalambrico Dewalt 12W de 1/2','undefined',211000,1.00,211000.00,177310.924,19,33689.076,0,211000.00,'',''),(260,142,6,0,0,1.00,'Vitamina women Blend','cliente1/productos/6742b5f92e199vitaminas5.jpg',95600,2.00,191200.00,160672.269,19,30527.731,0,191200.00,'',''),(261,142,7,0,0,1.00,'Remachadora','null',18500,1.00,18500.00,15546.218,19,2953.782,0,18500.00,'',''),(262,143,4,0,0,1.00,'Atornillador Inalambrico Dewalt 12W de 1/2','undefined',211000,1.00,211000.00,177310.924,19,33689.076,0,211000.00,'',''),(263,143,6,0,0,1.00,'Vitamina women Blend','cliente1/productos/6742b5f92e199vitaminas5.jpg',95600,2.00,191200.00,160672.269,19,30527.731,0,191200.00,'',''),(264,143,7,0,0,1.00,'Remachadora','null',18500,1.00,18500.00,15546.218,19,2953.782,0,18500.00,'',''),(265,144,10,0,0,1.00,'Llave 1/2','null',10000,1.00,10000.00,8403.361,19,1596.639,0,10000.00,'',''),(266,144,13,0,0,1.00,'proteina 5kg','cliente1/productos/68854e852bf53proteina4.jpg',140000,1.00,140000.00,117647.059,19,22352.941,0,140000.00,'',''),(267,145,6,0,0,1.00,'Vitamina women Blend','cliente1/productos/6742b5f92e199vitaminas5.jpg',95600,1.00,95600.00,80336.134,19,15263.866,0,95600.00,'',''),(268,145,9,0,0,1.00,'Llave 3/8','null',10000,1.00,10000.00,8403.361,19,1596.639,0,10000.00,'',''),(269,146,6,0,0,1.00,'Vitamina women Blend','cliente1/productos/6742b5f92e199vitaminas5.jpg',95600,1.00,95600.00,80336.134,19,15263.866,0,95600.00,'',''),(270,146,9,0,0,1.00,'Llave 3/8','null',10000,1.00,10000.00,8403.361,19,1596.639,0,10000.00,'',''),(271,147,6,0,0,1.00,'Vitamina women Blend','cliente1/productos/6742b5f92e199vitaminas5.jpg',95600,1.00,95600.00,80336.134,19,15263.866,0,95600.00,'',''),(272,147,3,1,1,1.00,'Taladro percutor BLACK AND DECKER 550W 1/2','undefined',213900,1.00,213900.00,213900.000,0,0.000,0,213900.00,'',''),(273,148,6,0,0,1.00,'Vitamina women Blend','cliente1/productos/6742b5f92e199vitaminas5.jpg',95600,1.00,95600.00,80336.134,19,15263.866,0,95600.00,'',''),(274,148,7,0,0,1.00,'Remachadora','null',18500,2.00,37000.00,31092.437,19,5907.563,0,37000.00,'',''),(275,148,4,0,0,1.00,'Atornillador Inalambrico Dewalt 12W de 1/2','undefined',211000,1.00,211000.00,177310.924,19,33689.076,0,211000.00,'',''),(276,148,2,1,0,3.00,'Pulidora DeWALT 8200rpm 1/2','cliente1/productos/671f1676979c8pulidora.jpg',598000,1.00,598000.00,502521.008,19,95478.992,0,598000.00,'',''),(277,149,6,0,0,1.00,'Vitamina women Blend','cliente1/productos/6742b5f92e199vitaminas5.jpg',95600,1.00,95600.00,80336.134,19,15263.866,0,95600.00,'',''),(278,149,7,0,0,1.00,'Remachadora','null',18500,2.00,37000.00,31092.437,19,5907.563,0,37000.00,'',''),(279,149,4,0,0,1.00,'Atornillador Inalambrico Dewalt 12W de 1/2','undefined',211000,1.00,211000.00,177310.924,19,33689.076,0,211000.00,'',''),(280,149,2,1,0,3.00,'Pulidora DeWALT 8200rpm 1/2','cliente1/productos/671f1676979c8pulidora.jpg',598000,1.00,598000.00,502521.008,19,95478.992,0,598000.00,'',''),(281,150,13,0,0,1.00,'proteina 5kg','cliente1/productos/68854e852bf53proteina4.jpg',140000,1.00,140000.00,117647.059,19,22352.941,0,140000.00,'',''),(282,151,9,0,0,1.00,'Llave 3/8','null',10000,1.00,10000.00,8403.361,19,1596.639,0,10000.00,'',''),(283,151,11,0,0,1.00,'Aspiradorax','cliente1/productos/6724625f84d00aspiradora2.jpg',120500,1.00,120500.00,101260.504,19,19239.496,0,120500.00,'',''),(284,152,6,0,0,1.00,'Vitamina women Blend','cliente1/productos/6742b5f92e199vitaminas5.jpg',95600,1.00,95600.00,80336.134,19,15263.866,0,95600.00,'',''),(285,152,7,0,0,1.00,'Remachadora','null',18500,1.00,18500.00,15546.218,19,2953.782,0,18500.00,'',''),(286,153,3,1,1,1.00,'Taladro percutor BLACK AND DECKER 550W 1/2','undefined',213900,1.00,213900.00,213900.000,0,0.000,0,213900.00,'',''),(287,153,5,0,0,1.00,'Pistola de impacto ingersoll rand','null',922000,1.00,922000.00,774789.916,19,147210.084,0,922000.00,'',''),(288,154,6,0,0,1.00,'Vitamina women Blend','cliente1/productos/6742b5f92e199vitaminas5.jpg',95600,2.00,191200.00,160672.269,19,30527.731,0,191200.00,'',''),(289,154,9,0,0,1.00,'Llave 3/8','null',10000,1.00,10000.00,8403.361,19,1596.639,0,10000.00,'',''),(290,154,13,0,0,1.00,'proteina 5kg','cliente1/productos/68854e852bf53proteina4.jpg',140000,1.00,140000.00,117647.059,19,22352.941,0,140000.00,'',''),(291,155,6,0,0,1.00,'Vitamina women Blend','cliente1/productos/6742b5f92e199vitaminas5.jpg',95600,1.00,95600.00,80336.134,19,15263.866,0,95600.00,'',''),(292,155,9,0,0,1.00,'Llave 3/8','null',10000,1.00,10000.00,8403.361,19,1596.639,0,10000.00,'',''),(293,155,2,1,0,3.00,'Pulidora DeWALT 8200rpm 1/2','cliente1/productos/671f1676979c8pulidora.jpg',598000,2.00,1196000.00,1005042.017,19,190957.983,0,1196000.00,'',''),(294,156,3,1,1,1.00,'Taladro percutor BLACK AND DECKER 550W 1/2','undefined',213900,1.00,213900.00,213900.000,0,0.000,0,213900.00,'',''),(295,156,7,0,0,1.00,'Remachadora','null',18500,1.00,18500.00,15546.218,19,2953.782,0,18500.00,'',''),(296,156,10,0,0,1.00,'Llave 1/2','null',10000,1.00,10000.00,8403.361,19,1596.639,0,10000.00,'','');
/*!40000 ALTER TABLE `ventas` ENABLE KEYS */;
UNLOCK TABLES;

--
-- Dumping routines for database 'contapos'
--
/*!40103 SET TIME_ZONE=@OLD_TIME_ZONE */;

/*!40101 SET SQL_MODE=@OLD_SQL_MODE */;
/*!40014 SET FOREIGN_KEY_CHECKS=@OLD_FOREIGN_KEY_CHECKS */;
/*!40014 SET UNIQUE_CHECKS=@OLD_UNIQUE_CHECKS */;
/*!40101 SET CHARACTER_SET_CLIENT=@OLD_CHARACTER_SET_CLIENT */;
/*!40101 SET CHARACTER_SET_RESULTS=@OLD_CHARACTER_SET_RESULTS */;
/*!40101 SET COLLATION_CONNECTION=@OLD_COLLATION_CONNECTION */;
/*!40111 SET SQL_NOTES=@OLD_SQL_NOTES */;

-- Dump completed on 2025-09-11  1:15:45
