-- MySQL dump 10.13  Distrib 8.0.18, for Win64 (x86_64)
--
-- Host: 127.0.0.1    Database: contapos
-- ------------------------------------------------------
-- Server version	8.0.40

/*!40101 SET @OLD_CHARACTER_SET_CLIENT=@@CHARACTER_SET_CLIENT */;
/*!40101 SET @OLD_CHARACTER_SET_RESULTS=@@CHARACTER_SET_RESULTS */;
/*!40101 SET @OLD_COLLATION_CONNECTION=@@COLLATION_CONNECTION */;
/*!50503 SET NAMES utf8mb4 */;
/*!40103 SET @OLD_TIME_ZONE=@@TIME_ZONE */;
/*!40103 SET TIME_ZONE='+00:00' */;
/*!40014 SET @OLD_UNIQUE_CHECKS=@@UNIQUE_CHECKS, UNIQUE_CHECKS=0 */;
/*!40014 SET @OLD_FOREIGN_KEY_CHECKS=@@FOREIGN_KEY_CHECKS, FOREIGN_KEY_CHECKS=0 */;
/*!40101 SET @OLD_SQL_MODE=@@SQL_MODE, SQL_MODE='NO_AUTO_VALUE_ON_ZERO' */;
/*!40111 SET @OLD_SQL_NOTES=@@SQL_NOTES, SQL_NOTES=0 */;

--
-- Table structure for table `adquirientes`
--

DROP TABLE IF EXISTS `adquirientes`;
/*!40101 SET @saved_cs_client     = @@character_set_client */;
/*!50503 SET character_set_client = utf8mb4 */;
CREATE TABLE `adquirientes` (
  `id` int NOT NULL AUTO_INCREMENT,
  `type_document_identification_id` int NOT NULL,
  `identification_number` varchar(15) CHARACTER SET utf8mb3 COLLATE utf8mb3_spanish_ci NOT NULL,
  `business_name` varchar(100) CHARACTER SET utf8mb3 COLLATE utf8mb3_general_ci NOT NULL,
  `email` varchar(100) CHARACTER SET utf8mb3 COLLATE utf8mb3_general_ci DEFAULT NULL,
  `address` varchar(100) CHARACTER SET utf8mb3 COLLATE utf8mb3_general_ci DEFAULT NULL,
  `municipality_id` int DEFAULT NULL,
  `type_organization_id` int NOT NULL DEFAULT '1',
  `type_regime_id` int DEFAULT '2',
  `phone` varchar(50) CHARACTER SET utf8mb3 COLLATE utf8mb3_spanish_ci DEFAULT NULL,
  `department_id` int DEFAULT NULL,
  `departamento_nombre` varchar(50) CHARACTER SET utf8mb4 COLLATE utf8mb4_spanish_ci DEFAULT NULL,
  `ciudad_nombre` varchar(50) CHARACTER SET utf8mb3 COLLATE utf8mb3_general_ci DEFAULT NULL,
  `created_at` timestamp NULL DEFAULT CURRENT_TIMESTAMP,
  PRIMARY KEY (`id`),
  UNIQUE KEY `documento` (`identification_number`)
) ENGINE=InnoDB AUTO_INCREMENT=4 DEFAULT CHARSET=utf8mb4 COLLATE=utf8mb4_unicode_ci;
/*!40101 SET character_set_client = @saved_cs_client */;

--
-- Dumping data for table `adquirientes`
--

LOCK TABLES `adquirientes` WRITE;
/*!40000 ALTER TABLE `adquirientes` DISABLE KEYS */;
INSERT INTO `adquirientes` VALUES (1,3,'222222222222','Consumidor final',NULL,NULL,NULL,2,2,NULL,NULL,NULL,NULL,'2025-11-08 05:06:18'),(2,6,'1094912099','Julian David Rodriguez Rios','julianithox1@gmail.com',NULL,820,2,2,NULL,25,NULL,NULL,'2025-11-08 19:17:29'),(3,6,'41885028','Martha Lucia Rios Ramirez','marha10@gmail.com',NULL,820,2,2,NULL,25,NULL,NULL,'2025-12-08 16:05:09');
/*!40000 ALTER TABLE `adquirientes` ENABLE KEYS */;
UNLOCK TABLES;

--
-- Table structure for table `almacenamiento`
--

DROP TABLE IF EXISTS `almacenamiento`;
/*!40101 SET @saved_cs_client     = @@character_set_client */;
/*!50503 SET character_set_client = utf8mb4 */;
CREATE TABLE `almacenamiento` (
  `id` int NOT NULL AUTO_INCREMENT,
  `fksucursalid` int NOT NULL,
  `nombre` varchar(45) CHARACTER SET utf8mb3 COLLATE utf8mb3_spanish_ci NOT NULL,
  `descripcion` tinytext COLLATE utf8mb3_unicode_ci,
  PRIMARY KEY (`id`),
  KEY `fksucursalid_idx` (`fksucursalid`),
  CONSTRAINT `fksucursalid` FOREIGN KEY (`fksucursalid`) REFERENCES `sucursales` (`id`) ON DELETE CASCADE ON UPDATE CASCADE
) ENGINE=InnoDB DEFAULT CHARSET=utf8mb3 COLLATE=utf8mb3_unicode_ci;
/*!40101 SET character_set_client = @saved_cs_client */;

--
-- Dumping data for table `almacenamiento`
--

LOCK TABLES `almacenamiento` WRITE;
/*!40000 ALTER TABLE `almacenamiento` DISABLE KEYS */;
/*!40000 ALTER TABLE `almacenamiento` ENABLE KEYS */;
UNLOCK TABLES;

--
-- Table structure for table `arqueoscajas`
--

DROP TABLE IF EXISTS `arqueoscajas`;
/*!40101 SET @saved_cs_client     = @@character_set_client */;
/*!50503 SET character_set_client = utf8mb4 */;
CREATE TABLE `arqueoscajas` (
  `id` int NOT NULL AUTO_INCREMENT,
  `id_cierrecajaid` int NOT NULL,
  `cienmil` int DEFAULT NULL,
  `cincuentamil` int DEFAULT NULL,
  `veintemil` int DEFAULT NULL,
  `diezmil` int DEFAULT NULL,
  `cincomil` int DEFAULT NULL,
  `dosmil` int DEFAULT NULL,
  `mil` int DEFAULT NULL,
  `quinientos` int DEFAULT NULL,
  `docientos` int DEFAULT NULL,
  `cien` int DEFAULT NULL,
  `cincuenta` int DEFAULT NULL,
  `dato1` int DEFAULT NULL,
  `dato2` int DEFAULT NULL,
  PRIMARY KEY (`id`),
  KEY `id_cierrecajaid_idx` (`id_cierrecajaid`),
  CONSTRAINT `id_cierrecajaid` FOREIGN KEY (`id_cierrecajaid`) REFERENCES `cierrescajas` (`id`) ON DELETE CASCADE ON UPDATE CASCADE
) ENGINE=InnoDB AUTO_INCREMENT=2 DEFAULT CHARSET=utf8mb3 COLLATE=utf8mb3_unicode_ci;
/*!40101 SET character_set_client = @saved_cs_client */;

--
-- Dumping data for table `arqueoscajas`
--

LOCK TABLES `arqueoscajas` WRITE;
/*!40000 ALTER TABLE `arqueoscajas` DISABLE KEYS */;
/*!40000 ALTER TABLE `arqueoscajas` ENABLE KEYS */;
UNLOCK TABLES;

--
-- Table structure for table `auditoria`
--

DROP TABLE IF EXISTS `auditoria`;
/*!40101 SET @saved_cs_client     = @@character_set_client */;
/*!50503 SET character_set_client = utf8mb4 */;
CREATE TABLE `auditoria` (
  `id` int NOT NULL AUTO_INCREMENT,
  `id_sucursalid_fk` int NOT NULL,
  `idusuarioid` int NOT NULL,
  `fecha` datetime NOT NULL,
  `ip` varchar(30) CHARACTER SET utf8mb3 COLLATE utf8mb3_spanish_ci DEFAULT NULL,
  `url` varchar(200) CHARACTER SET utf8mb3 COLLATE utf8mb3_spanish_ci DEFAULT NULL,
  `navegador` varchar(300) CHARACTER SET utf8mb3 COLLATE utf8mb3_spanish_ci DEFAULT NULL,
  `estado` varchar(20) CHARACTER SET utf8mb3 COLLATE utf8mb3_spanish_ci NOT NULL,
  `tipo` varchar(100) CHARACTER SET utf8mb3 COLLATE utf8mb3_spanish_ci NOT NULL,
  `accion` varchar(200) CHARACTER SET utf8mb3 COLLATE utf8mb3_spanish_ci DEFAULT NULL,
  `descripcion` varchar(200) CHARACTER SET utf8mb3 COLLATE utf8mb3_spanish_ci DEFAULT NULL,
  `datos` longtext CHARACTER SET latin1,
  `created_at` timestamp NULL DEFAULT CURRENT_TIMESTAMP,
  PRIMARY KEY (`id`),
  KEY `fk_usuario` (`idusuarioid`),
  KEY `id_sucursalid_fk_idx` (`id_sucursalid_fk`),
  CONSTRAINT `id_sucursalid_fk` FOREIGN KEY (`id_sucursalid_fk`) REFERENCES `sucursales` (`id`) ON DELETE CASCADE ON UPDATE CASCADE,
  CONSTRAINT `idusuarioid` FOREIGN KEY (`idusuarioid`) REFERENCES `usuarios` (`id`) ON DELETE CASCADE ON UPDATE CASCADE
) ENGINE=InnoDB DEFAULT CHARSET=utf8mb3 COLLATE=utf8mb3_unicode_ci;
/*!40101 SET character_set_client = @saved_cs_client */;

--
-- Dumping data for table `auditoria`
--

LOCK TABLES `auditoria` WRITE;
/*!40000 ALTER TABLE `auditoria` DISABLE KEYS */;
/*!40000 ALTER TABLE `auditoria` ENABLE KEYS */;
UNLOCK TABLES;

--
-- Table structure for table `bancos`
--

DROP TABLE IF EXISTS `bancos`;
/*!40101 SET @saved_cs_client     = @@character_set_client */;
/*!50503 SET character_set_client = utf8mb4 */;
CREATE TABLE `bancos` (
  `id` int NOT NULL AUTO_INCREMENT,
  `nombre` varchar(45) CHARACTER SET utf8mb3 COLLATE utf8mb3_spanish_ci NOT NULL,
  `numerocuenta` varchar(45) CHARACTER SET utf8mb3 COLLATE utf8mb3_spanish_ci DEFAULT NULL,
  `saldo` decimal(14,2) DEFAULT '0.00',
  `estado` tinyint(1) DEFAULT '1',
  `created_at` timestamp NULL DEFAULT CURRENT_TIMESTAMP,
  PRIMARY KEY (`id`)
) ENGINE=InnoDB AUTO_INCREMENT=2 DEFAULT CHARSET=utf8mb3 COLLATE=utf8mb3_unicode_ci;
/*!40101 SET character_set_client = @saved_cs_client */;

--
-- Dumping data for table `bancos`
--

LOCK TABLES `bancos` WRITE;
/*!40000 ALTER TABLE `bancos` DISABLE KEYS */;
INSERT INTO `bancos` VALUES (1,'BBVA','16553846591',NULL,1,'2025-08-31 15:54:18');
/*!40000 ALTER TABLE `bancos` ENABLE KEYS */;
UNLOCK TABLES;

--
-- Table structure for table `caja`
--

DROP TABLE IF EXISTS `caja`;
/*!40101 SET @saved_cs_client     = @@character_set_client */;
/*!50503 SET character_set_client = utf8mb4 */;
CREATE TABLE `caja` (
  `id` int NOT NULL AUTO_INCREMENT,
  `idsucursalid` int DEFAULT NULL,
  `idtipoconsecutivo` int NOT NULL,
  `nombre` varchar(33) CHARACTER SET utf8mb3 COLLATE utf8mb3_spanish_ci NOT NULL,
  `negocio` varchar(45) CHARACTER SET utf8mb3 COLLATE utf8mb3_spanish_ci DEFAULT NULL,
  `editable` tinyint(1) DEFAULT '1',
  `estado` tinyint(1) NOT NULL DEFAULT '1',
  `created_at` timestamp NULL DEFAULT CURRENT_TIMESTAMP,
  PRIMARY KEY (`id`),
  KEY `idconsecutivo_idx` (`idtipoconsecutivo`),
  KEY `idsucursalid_idx` (`idsucursalid`),
  CONSTRAINT `idconsecutivo` FOREIGN KEY (`idtipoconsecutivo`) REFERENCES `consecutivos` (`id`) ON UPDATE CASCADE,
  CONSTRAINT `idsucursalid` FOREIGN KEY (`idsucursalid`) REFERENCES `sucursales` (`id`) ON UPDATE CASCADE
) ENGINE=InnoDB AUTO_INCREMENT=5 DEFAULT CHARSET=utf8mb3 COLLATE=utf8mb3_unicode_ci;
/*!40101 SET character_set_client = @saved_cs_client */;

--
-- Dumping data for table `caja`
--

LOCK TABLES `caja` WRITE;
/*!40000 ALTER TABLE `caja` DISABLE KEYS */;
INSERT INTO `caja` VALUES (1,1,2,'Caja principal','Sede centro',0,1,'2025-10-19 01:51:02'),(2,2,4,'Caja principal','Negocios pos sas',0,1,'2025-10-19 01:51:02'),(3,1,3,'Caja auxiliar','Sede centro',1,1,'2025-10-19 01:51:02'),(4,1,3,'Caja almacen','Sede centro',1,0,'2025-10-19 06:22:13');
/*!40000 ALTER TABLE `caja` ENABLE KEYS */;
UNLOCK TABLES;

--
-- Table structure for table `categoriagastos`
--

DROP TABLE IF EXISTS `categoriagastos`;
/*!40101 SET @saved_cs_client     = @@character_set_client */;
/*!50503 SET character_set_client = utf8mb4 */;
CREATE TABLE `categoriagastos` (
  `id` int NOT NULL AUTO_INCREMENT,
  `nombre` varchar(45) CHARACTER SET utf8mb3 COLLATE utf8mb3_spanish_ci NOT NULL,
  PRIMARY KEY (`id`)
) ENGINE=InnoDB AUTO_INCREMENT=13 DEFAULT CHARSET=utf8mb3 COLLATE=utf8mb3_unicode_ci;
/*!40101 SET character_set_client = @saved_cs_client */;

--
-- Dumping data for table `categoriagastos`
--

LOCK TABLES `categoriagastos` WRITE;
/*!40000 ALTER TABLE `categoriagastos` DISABLE KEYS */;
INSERT INTO `categoriagastos` VALUES (1,'Rebastecimiento'),(2,'Arriendo o alquiler de esepacio'),(3,'Marketing o publicidad'),(4,'Papeleria'),(5,'Mantenimiento y/o reparacion'),(6,'Alquiler de equipos'),(7,'Servicios publicos'),(8,'Insumos de aseo'),(9,'Logistica distribucion o transporte '),(10,'Otros'),(12,'Traslados de mercanciax');
/*!40000 ALTER TABLE `categoriagastos` ENABLE KEYS */;
UNLOCK TABLES;

--
-- Table structure for table `categorias`
--

DROP TABLE IF EXISTS `categorias`;
/*!40101 SET @saved_cs_client     = @@character_set_client */;
/*!50503 SET character_set_client = utf8mb4 */;
CREATE TABLE `categorias` (
  `id` int NOT NULL AUTO_INCREMENT,
  `nombre` varchar(45) CHARACTER SET utf8mb3 COLLATE utf8mb3_general_ci NOT NULL,
  `codigo` varchar(15) CHARACTER SET utf8mb3 COLLATE utf8mb3_general_ci DEFAULT NULL,
  `totalproductos` int DEFAULT NULL,
  `foto` varchar(99) CHARACTER SET utf8mb3 COLLATE utf8mb3_general_ci DEFAULT NULL,
  `fechacreacion` date DEFAULT NULL,
  `visible` tinyint(1) DEFAULT NULL,
  PRIMARY KEY (`id`),
  UNIQUE KEY `nombre_UNIQUE` (`nombre`),
  UNIQUE KEY `referencia_UNIQUE` (`codigo`)
) ENGINE=InnoDB AUTO_INCREMENT=14 DEFAULT CHARSET=utf8mb3 COLLATE=utf8mb3_unicode_ci;
/*!40101 SET character_set_client = @saved_cs_client */;

--
-- Dumping data for table `categorias`
--

LOCK TABLES `categorias` WRITE;
/*!40000 ALTER TABLE `categorias` DISABLE KEYS */;
INSERT INTO `categorias` VALUES (1,'Categoria_Otros',NULL,0,NULL,NULL,0),(5,'Equipos Electricos','E001',8,NULL,'2025-02-06',1),(6,'Equipos Neumaticos','E002',1,NULL,'2024-01-14',1),(7,'Herramientas Manuales','H001',4,NULL,'2024-01-14',1),(8,'Herramientas Electricas','H002',2,NULL,'2025-01-29',1),(9,'Proteinas ',NULL,1,NULL,'2024-11-02',1),(10,'Obra Negra',NULL,2,NULL,'2025-02-02',1),(11,'Equipos Electronicos',NULL,0,NULL,'2025-06-22',1),(12,'Acabados',NULL,4,NULL,'2025-06-22',1),(13,'Servicios',NULL,1,NULL,'2025-11-22',1);
/*!40000 ALTER TABLE `categorias` ENABLE KEYS */;
UNLOCK TABLES;

--
-- Table structure for table `cierrescajas`
--

DROP TABLE IF EXISTS `cierrescajas`;
/*!40101 SET @saved_cs_client     = @@character_set_client */;
/*!50503 SET character_set_client = utf8mb4 */;
CREATE TABLE `cierrescajas` (
  `id` int NOT NULL AUTO_INCREMENT,
  `idsucursal_id` int DEFAULT NULL,
  `idcaja` int DEFAULT NULL,
  `id_usuario` int DEFAULT NULL,
  `nombrecaja` varchar(33) CHARACTER SET utf8mb3 COLLATE utf8mb3_spanish_ci DEFAULT NULL,
  `nombreusuario` varchar(80) CHARACTER SET utf8mb3 COLLATE utf8mb3_spanish_ci DEFAULT NULL,
  `fechainicio` datetime NOT NULL,
  `fechacierre` datetime DEFAULT NULL,
  `ncambiosaventa` int DEFAULT NULL,
  `totalcotizaciones` int DEFAULT NULL,
  `totalfacturaseliminadas` int DEFAULT '0',
  `facturaselectronicaselimnadas` int DEFAULT '0',
  `facturasposeliminadas` int DEFAULT '0',
  `valorfeeliminado` decimal(12,2) DEFAULT '0.00',
  `valorposeliminado` decimal(12,2) DEFAULT '0.00',
  `totalfacturas` int DEFAULT '0',
  `facturaselectronicas` int DEFAULT '0',
  `facturaspos` int DEFAULT '0',
  `valorfe` varchar(14) CHARACTER SET utf8mb3 COLLATE utf8mb3_general_ci DEFAULT '0',
  `valorpos` varchar(14) COLLATE utf8mb3_unicode_ci DEFAULT '0',
  `descuentofe` varchar(14) CHARACTER SET utf8mb3 COLLATE utf8mb3_general_ci DEFAULT '0',
  `descuentopos` varchar(14) CHARACTER SET utf8mb3 COLLATE utf8mb3_general_ci DEFAULT '0',
  `basecaja` varchar(14) CHARACTER SET utf8mb3 COLLATE utf8mb3_general_ci DEFAULT '0',
  `ventasenefectivo` varchar(14) CHARACTER SET utf8mb3 COLLATE utf8mb3_general_ci DEFAULT '0',
  `gastoscaja` varchar(14) CHARACTER SET utf8mb3 COLLATE utf8mb3_general_ci DEFAULT '0',
  `gastosbanco` varchar(14) CHARACTER SET utf8mb3 COLLATE utf8mb3_general_ci DEFAULT '0',
  `dineroencaja` varchar(14) CHARACTER SET utf8mb3 COLLATE utf8mb3_general_ci DEFAULT '0',
  `domicilios` varchar(10) CHARACTER SET utf8mb3 COLLATE utf8mb3_general_ci DEFAULT '0',
  `ndomicilios` int DEFAULT '0',
  `realencaja` varchar(14) CHARACTER SET utf8mb3 COLLATE utf8mb3_general_ci DEFAULT '0',
  `ingresoventas` varchar(14) CHARACTER SET utf8mb3 COLLATE utf8mb3_general_ci DEFAULT '0',
  `totaldescuentos` varchar(14) CHARACTER SET utf8mb3 COLLATE utf8mb3_general_ci DEFAULT '0',
  `realventas` varchar(14) CHARACTER SET utf8mb3 COLLATE utf8mb3_general_ci DEFAULT '0',
  `valorimpuestototal` varchar(14) CHARACTER SET utf8mb3 COLLATE utf8mb3_general_ci DEFAULT '0',
  `basegravable` varchar(14) CHARACTER SET utf8mb3 COLLATE utf8mb3_general_ci DEFAULT '0',
  `estado` tinyint(1) NOT NULL,
  `dato1` varchar(11) CHARACTER SET utf8mb3 COLLATE utf8mb3_spanish_ci DEFAULT NULL,
  `dato2` varchar(11) CHARACTER SET utf32 COLLATE utf32_spanish_ci DEFAULT NULL,
  PRIMARY KEY (`id`),
  KEY `idcaja_idx` (`idcaja`),
  KEY `id_usuario_idx` (`id_usuario`),
  KEY `idsucursal_id_idx` (`idsucursal_id`),
  CONSTRAINT `id_usuario` FOREIGN KEY (`id_usuario`) REFERENCES `usuarios` (`id`) ON DELETE SET NULL ON UPDATE CASCADE,
  CONSTRAINT `idcaja` FOREIGN KEY (`idcaja`) REFERENCES `caja` (`id`) ON UPDATE CASCADE,
  CONSTRAINT `idsucursal_id` FOREIGN KEY (`idsucursal_id`) REFERENCES `sucursales` (`id`) ON UPDATE CASCADE
) ENGINE=InnoDB AUTO_INCREMENT=11 DEFAULT CHARSET=utf8mb3 COLLATE=utf8mb3_unicode_ci;
/*!40101 SET character_set_client = @saved_cs_client */;

--
-- Dumping data for table `cierrescajas`
--

LOCK TABLES `cierrescajas` WRITE;
/*!40000 ALTER TABLE `cierrescajas` DISABLE KEYS */;
INSERT INTO `cierrescajas` VALUES (1,1,1,1,'Caja principal','Julian Rodriguez','2025-09-22 02:08:52','2025-09-25 17:01:27',2,2,0,0,0,0.00,0.00,6,0,6,'0','3939800','0','0','0','3939800','0','0','3939800','0',0,'0','3939800','0','3939800','0','3939800',1,NULL,NULL),(2,1,1,1,'Caja principal','Julian Rodriguez','2025-09-25 17:01:27','2025-09-28 07:00:09',0,0,0,0,0,0.00,0.00,2,0,2,'0','2672400','0','0','0','2672400','0','0','2672400','0',0,'0','2672400','0','2672400','0','2672400',1,NULL,NULL),(3,1,1,1,'Caja principal','Julian Rodriguez','2025-09-28 07:00:09','2025-10-05 00:22:06',0,2,1,0,-1,0.00,0.00,4,0,4,'0','2849900','0','0','145000','640900','400010','120000','385890','0',0,'0','640900','0','640900','0','3102900',1,NULL,NULL),(4,1,1,1,'Caja principal',NULL,'2025-10-05 00:22:06','2025-10-05 00:22:06',10,15,7,0,-7,0.00,0.00,123,66,57,'2909754','20358800','55821','50000','0','22573054','897000','0','0','20000',0,'0','23268554','105821','0','798995.595','22628824.783',0,NULL,NULL),(5,NULL,4,1,'Caja almacen',NULL,'2025-10-19 06:22:13','2025-10-19 06:22:13',0,0,0,0,0,0.00,0.00,0,0,0,'0','0','0','0','0','0','0','0','0','0',0,'0','0','0','0','0','0',0,NULL,NULL),(10,2,2,1,'Caja principal',NULL,'2025-10-20 01:05:54','2025-10-20 01:05:54',0,0,0,0,0,0.00,0.00,2,0,2,'0','499000','0','0','0','499000','0','0','0','0',0,'0','499000','0','0','50932.773','448067.227',0,NULL,NULL);
/*!40000 ALTER TABLE `cierrescajas` ENABLE KEYS */;
UNLOCK TABLES;

--
-- Table structure for table `clientes`
--

DROP TABLE IF EXISTS `clientes`;
/*!40101 SET @saved_cs_client     = @@character_set_client */;
/*!50503 SET character_set_client = utf8mb4 */;
CREATE TABLE `clientes` (
  `id` int NOT NULL AUTO_INCREMENT,
  `nombre` varchar(35) CHARACTER SET utf8mb3 COLLATE utf8mb3_general_ci NOT NULL,
  `apellido` varchar(35) CHARACTER SET utf8mb3 COLLATE utf8mb3_general_ci NOT NULL,
  `tipodocumento` varchar(36) COLLATE utf8mb3_unicode_ci NOT NULL,
  `identificacion` varchar(11) CHARACTER SET utf8mb3 COLLATE utf8mb3_general_ci NOT NULL,
  `telefono` varchar(14) CHARACTER SET utf8mb3 COLLATE utf8mb3_general_ci NOT NULL,
  `email` varchar(55) CHARACTER SET utf8mb3 COLLATE utf8mb3_general_ci DEFAULT NULL,
  `fecha_nacimiento` date DEFAULT NULL,
  `total_compras` int DEFAULT NULL,
  `ultima_compra` datetime DEFAULT NULL,
  `data1` varchar(45) CHARACTER SET utf8mb3 COLLATE utf8mb3_general_ci DEFAULT NULL,
  PRIMARY KEY (`id`),
  UNIQUE KEY `identificacion_UNIQUE` (`identificacion`)
) ENGINE=InnoDB AUTO_INCREMENT=27 DEFAULT CHARSET=utf8mb3 COLLATE=utf8mb3_unicode_ci;
/*!40101 SET character_set_client = @saved_cs_client */;

--
-- Dumping data for table `clientes`
--

LOCK TABLES `clientes` WRITE;
/*!40000 ALTER TABLE `clientes` DISABLE KEYS */;
INSERT INTO `clientes` VALUES (1,'N/a','N/a','6','N/a','N/a','N/a',NULL,NULL,NULL,NULL),(2,'Juan Guillero','Alzate Mendoza','3','41558620','(320) 554-8746','juang@correo.com',NULL,1831464,'2024-02-09 01:54:34',NULL),(6,'Steven','Morales','3','1092445120','(311) 547-8233',NULL,NULL,1422700,'2024-02-04 01:11:06',NULL),(7,'Sofia','Reyes Betankourt','3','1093556004','(315) 447-8063',NULL,NULL,4640700,'2024-02-09 01:53:59',NULL),(8,'Manuel','Pinilla','3','1093556980','(312) 554-8880',NULL,NULL,1988000,'2024-02-09 01:55:22',NULL),(9,'Luis Fernando','Montes','3','1094887112','(314) 550-5659',NULL,NULL,421000,'2024-02-09 10:43:40',NULL),(10,'Maria Luisa','Beltran Loaiza','3','1094995623','(316) 554-5878',NULL,NULL,1116000,'2024-02-04 01:12:45',NULL),(11,'Dario','Londoño Perez','3','1092445164','(318) 445-2123',NULL,NULL,2418416,'2024-02-04 01:09:28',NULL),(12,'Tomas','Restrepo','3','1094554123','(317) 445-2231',NULL,NULL,NULL,NULL,NULL),(13,'Lina','Ospina Ruiz','3','47889520','(319) ___-____',NULL,NULL,147700,'2024-02-04 01:13:06',NULL),(14,'Lucas Manuel','Gomez Serna','3','41556230','(316) 554-2220',NULL,NULL,1721410,'2024-02-09 10:41:55',NULL),(15,'Luisa Fernanda','Marin Escobar','3','456687210','(318) ___-____',NULL,NULL,1963295,'2024-02-08 23:59:21',NULL),(16,'Leidy','Cardona Patiño','3','1093456203','(315) 447-8556',NULL,NULL,5003682,'2024-02-04 01:04:38',NULL),(17,'Ana','Rincon','3','1090450155','3152208540','anar@gmail.com',NULL,NULL,NULL,NULL),(18,'Miguel','Perdomo','3','1092452012','3145520127','miguel45@hotmail.com',NULL,NULL,NULL,NULL),(24,'Robert','Salamanca','3','41285112','3125842041','robertj@entel.cl',NULL,NULL,NULL,NULL),(25,'Andrea','Carvajal','3','1094887510','3124507832','andrecvj@gmail.com',NULL,NULL,NULL,NULL),(26,'maletero','beltran','CC','9855200','3145520986','maletero@maleta.com',NULL,NULL,NULL,NULL);
/*!40000 ALTER TABLE `clientes` ENABLE KEYS */;
UNLOCK TABLES;

--
-- Table structure for table `compras`
--

DROP TABLE IF EXISTS `compras`;
/*!40101 SET @saved_cs_client     = @@character_set_client */;
/*!50503 SET character_set_client = utf8mb4 */;
CREATE TABLE `compras` (
  `id` int NOT NULL AUTO_INCREMENT,
  `id_sucursal_id` int DEFAULT NULL,
  `idusuario` int DEFAULT NULL,
  `idproveedor` int DEFAULT NULL,
  `idformapago` int DEFAULT NULL,
  `idorigencaja` int DEFAULT NULL,
  `idorigenbanco` int DEFAULT NULL,
  `nombreorigencaja` varchar(45) CHARACTER SET utf8mb3 COLLATE utf8mb3_spanish_ci DEFAULT NULL,
  `nombreorigenbanco` varchar(45) CHARACTER SET utf8mb3 COLLATE utf8mb3_spanish_ci DEFAULT NULL,
  `nombreusuario` varchar(45) CHARACTER SET utf8mb3 COLLATE utf8mb3_spanish_ci NOT NULL,
  `nombreproveedor` varchar(45) CHARACTER SET utf8mb3 COLLATE utf8mb3_spanish_ci DEFAULT NULL,
  `formapago` varchar(45) CHARACTER SET utf8mb3 COLLATE utf8mb3_spanish_ci DEFAULT NULL,
  `nfactura` varchar(45) CHARACTER SET utf8mb3 COLLATE utf8mb3_spanish_ci DEFAULT NULL,
  `impuesto` int DEFAULT NULL,
  `origenpago` tinyint(1) DEFAULT NULL,
  `nombreorigenpago` varchar(45) CHARACTER SET utf8mb3 COLLATE utf8mb3_spanish_ci DEFAULT NULL,
  `cantidaditems` int NOT NULL,
  `observacion` varchar(255) CHARACTER SET utf8mb3 COLLATE utf8mb3_spanish_ci DEFAULT NULL,
  `estado` varchar(22) CHARACTER SET utf8mb3 COLLATE utf8mb3_spanish_ci NOT NULL,
  `subtotal` decimal(12,2) NOT NULL,
  `valortotal` decimal(12,2) NOT NULL,
  `fechacompra` datetime NOT NULL,
  PRIMARY KEY (`id`),
  KEY `idusuario_idx` (`idusuario`),
  KEY `id_usuario_idx` (`idusuario`),
  KEY `id_sucursal_id_idx` (`id_sucursal_id`),
  KEY `idproveedor_idx` (`idproveedor`),
  CONSTRAINT `id_sucursal_id` FOREIGN KEY (`id_sucursal_id`) REFERENCES `sucursales` (`id`) ON UPDATE CASCADE,
  CONSTRAINT `idproveedor` FOREIGN KEY (`idproveedor`) REFERENCES `proveedores` (`id`) ON UPDATE CASCADE,
  CONSTRAINT `usuario_id` FOREIGN KEY (`idusuario`) REFERENCES `usuarios` (`id`) ON DELETE SET NULL ON UPDATE CASCADE
) ENGINE=InnoDB AUTO_INCREMENT=11 DEFAULT CHARSET=utf8mb3 COLLATE=utf8mb3_unicode_ci;
/*!40101 SET character_set_client = @saved_cs_client */;

--
-- Dumping data for table `compras`
--

LOCK TABLES `compras` WRITE;
/*!40000 ALTER TABLE `compras` DISABLE KEYS */;
INSERT INTO `compras` VALUES (2,1,1,2,1,1,NULL,'Caja principal',NULL,'Julian Rodriguez','Material instruments','Contado','5021',0,0,'Caja',9,NULL,'paga',488000.00,488000.00,'2025-10-20 00:00:00'),(4,1,1,3,1,1,NULL,'Caja principal',NULL,'Julian Rodriguez','semiconductores LTA','Contado','563320',19,0,'Caja',1,NULL,'paga',91000.00,91000.00,'2025-11-15 00:00:00'),(5,1,1,3,1,1,NULL,'Caja principal',NULL,'Julian Rodriguez','semiconductores LTA','Contado','563320',19,0,'Caja',1,NULL,'paga',91000.00,91000.00,'2025-11-15 00:00:00'),(6,1,1,3,1,1,NULL,'Caja principal',NULL,'Julian Rodriguez','semiconductores LTA','Contado','563320',19,0,'Caja',1,NULL,'paga',91000.00,91000.00,'2025-11-15 00:00:00'),(7,1,1,3,1,1,NULL,'Caja principal',NULL,'Julian Rodriguez','semiconductores LTA','Contado','563320',19,0,'Caja',1,NULL,'paga',91000.00,91000.00,'2025-11-15 00:00:00'),(8,1,1,3,1,1,NULL,'Caja principal',NULL,'Julian Rodriguez','semiconductores LTA','Contado','563320',19,0,'Caja',1,NULL,'paga',91000.00,91000.00,'2025-11-15 00:00:00'),(9,1,1,3,1,1,NULL,'Caja principal',NULL,'Julian Rodriguez','semiconductores LTA','Contado','563320',19,0,'Caja',1,NULL,'paga',91000.00,91000.00,'2025-11-15 00:00:00'),(10,1,1,5,1,1,NULL,'Caja principal',NULL,'Julian Rodriguez','Makro tech','Contado','5633287',16,0,'Caja',6,NULL,'paga',3000.00,3000.00,'2025-11-15 00:00:00');
/*!40000 ALTER TABLE `compras` ENABLE KEYS */;
UNLOCK TABLES;

--
-- Table structure for table `config_global`
--

DROP TABLE IF EXISTS `config_global`;
/*!40101 SET @saved_cs_client     = @@character_set_client */;
/*!50503 SET character_set_client = utf8mb4 */;
CREATE TABLE `config_global` (
  `id` int NOT NULL AUTO_INCREMENT,
  `modulo` varchar(45) CHARACTER SET utf8mb3 COLLATE utf8mb3_spanish_ci NOT NULL,
  `clave` varchar(55) CHARACTER SET utf8mb3 COLLATE utf8mb3_spanish_ci NOT NULL,
  `valor_default` varchar(128) CHARACTER SET utf8mb3 COLLATE utf8mb3_spanish_ci DEFAULT NULL,
  `descripcion` tinytext CHARACTER SET utf8mb3 COLLATE utf8mb3_spanish_ci,
  `created_at` timestamp NULL DEFAULT CURRENT_TIMESTAMP,
  PRIMARY KEY (`id`)
) ENGINE=InnoDB AUTO_INCREMENT=37 DEFAULT CHARSET=utf8mb3 COLLATE=utf8mb3_unicode_ci;
/*!40101 SET character_set_client = @saved_cs_client */;

--
-- Dumping data for table `config_global`
--

LOCK TABLES `config_global` WRITE;
/*!40000 ALTER TABLE `config_global` DISABLE KEYS */;
INSERT INTO `config_global` VALUES (1,'Caja','mensaje_para_factura','',NULL,'2025-09-13 03:57:58'),(2,'Caja','limite_de_descuento_permitido','50',NULL,'2025-09-13 03:57:58'),(3,'Caja','permitir_venta_de_productos_sin_stock','1',NULL,'2025-09-13 03:57:58'),(4,'Caja','imprimir_factura_automaticamente','1',NULL,'2025-09-13 03:57:58'),(5,'Caja','permitir_cierre_de_caja_con_ordenes_sin_pagar','1',NULL,'2025-09-13 03:57:58'),(6,'Inventario','tipo_costo_inventario','ultimo_costo',NULL,'2025-09-13 05:26:58'),(7,'Claves','clave_para_eliminar_factura',NULL,NULL,'2025-09-13 06:12:50'),(8,'Claves','clave_para_eliminar_un_gasto/base',NULL,NULL,'2025-09-13 06:12:50'),(9,'Claves','clave_para_agregar_descuento',NULL,NULL,'2025-09-13 06:12:50'),(10,'Claves','clave_para_abrir_cajón_monedero',NULL,NULL,'2025-09-13 06:12:50'),(11,'Permisos','permitir_ver_cierres_de_cajas_anteriores','1',NULL,'2025-09-13 06:15:19'),(12,'Permisos','cantidad_de_cierres_de_cajas_permitidos','',NULL,'2025-09-13 06:15:19'),(13,'Permisos','permitir_ver_zeta_diario','1',NULL,'2025-09-13 06:15:19'),(14,'Permisos','permitir_ver_resumen_cierre_de_caja','1',NULL,'2025-09-13 06:15:19'),(15,'Permisos','cantidad_de_zeta_diarios_permitidos','',NULL,'2025-09-13 06:20:15'),(16,'Impresion','mostrar_nombre_del_negocio_en_factura','1',NULL,'2025-09-13 06:20:15'),(17,'Impresion','mensaje_final_en_factura','',NULL,'2025-09-13 06:20:15'),(18,'Impresion','titulo_para_el_nombre_del_documento','',NULL,'2025-09-13 06:20:15'),(19,'Impresion','habilitar_subtotal_en_factura','1',NULL,'2025-09-13 06:20:15'),(20,'Impresion','mostrar_numero_de_factura','1',NULL,'2025-09-13 06:20:15'),(21,'Impresion','mostrar_nombre_del_documento_en_factura','0',NULL,'2025-09-14 15:12:25'),(22,'Impresion','mostrar_observacion_en_factura','0',NULL,'2025-09-14 15:12:25'),(23,'Impresion','mostrar_cambio_de_efectivo_en_factura','0',NULL,'2025-09-14 15:12:25'),(24,'Impresion','espaciado_de_papel',NULL,NULL,'2025-09-14 15:12:25'),(25,'Impresion','mostrar_metodo_de_pago_en_factura','1',NULL,'2025-09-14 15:12:25'),(26,'Impresion','mostrar_logo_en_factura','1',NULL,'2025-09-14 15:15:12'),(27,'Impresion','nombre_del_impuesto',NULL,NULL,'2025-09-14 15:15:12'),(28,'Impresion','titulo_para_el_nombre_del_cliente',NULL,NULL,'2025-09-14 15:15:12'),(29,'Impresion','simbolo_moneda',NULL,NULL,'2025-09-14 15:15:12'),(30,'Impuesto','porcentaje_de_impuesto',NULL,NULL,'2025-09-14 15:32:28'),(31,'Impuesto','mostrar_impuesto_en_factura','1',NULL,'2025-09-14 15:32:28'),(32,'Impuesto','discriminar_impuesto_por_producto','1',NULL,'2025-09-14 15:32:28'),(33,'Impuesto','mostrar_subtotales_en_factura_sin_impuesto','0',NULL,'2025-09-14 15:32:28'),(34,'FacturacionFE','Texto_factura_electrónica_QR',NULL,NULL,'2025-09-14 15:36:31'),(35,'FacturacionFE','mostrar_codigo_qr_en_factura_electronica','1',NULL,'2025-09-14 15:36:31'),(36,'FacturacionFE','mostrar_cufe_en_factura_electronica','1',NULL,'2025-09-14 15:36:31');
/*!40000 ALTER TABLE `config_global` ENABLE KEYS */;
UNLOCK TABLES;

--
-- Table structure for table `config_local`
--

DROP TABLE IF EXISTS `config_local`;
/*!40101 SET @saved_cs_client     = @@character_set_client */;
/*!50503 SET character_set_client = utf8mb4 */;
CREATE TABLE `config_local` (
  `id` int NOT NULL AUTO_INCREMENT,
  `fk_sucursalid` int NOT NULL,
  `clave` varchar(55) CHARACTER SET utf8mb3 COLLATE utf8mb3_spanish_ci NOT NULL,
  `valor` varchar(99) CHARACTER SET utf8mb3 COLLATE utf8mb3_general_ci NOT NULL,
  `created_at` timestamp NULL DEFAULT CURRENT_TIMESTAMP,
  PRIMARY KEY (`id`),
  UNIQUE KEY `unique_sucursal_clave` (`fk_sucursalid`,`clave`) /*!80000 INVISIBLE */,
  KEY `fk_sucursalid_idx` (`fk_sucursalid`),
  CONSTRAINT `fk_sucursalid` FOREIGN KEY (`fk_sucursalid`) REFERENCES `sucursales` (`id`) ON DELETE CASCADE ON UPDATE CASCADE
) ENGINE=InnoDB AUTO_INCREMENT=51 DEFAULT CHARSET=utf8mb3 COLLATE=utf8mb3_unicode_ci;
/*!40101 SET character_set_client = @saved_cs_client */;

--
-- Dumping data for table `config_local`
--

LOCK TABLES `config_local` WRITE;
/*!40000 ALTER TABLE `config_local` DISABLE KEYS */;
INSERT INTO `config_local` VALUES (17,1,'tipo_costo_inventario','costo_promedio','2025-09-17 05:04:50'),(19,1,'mostrar_nombre_del_negocio_en_factura','0','2025-09-17 05:05:12'),(21,1,'mostrar_cufe_en_factura_electronica','0','2025-09-17 05:05:19'),(29,1,'limite_de_descuento_permitido','100','2025-09-19 05:46:43'),(39,2,'discriminar_impuesto_por_producto','0','2025-10-20 06:16:12'),(40,2,'porcentaje_de_impuesto','19','2025-10-20 06:25:34'),(46,1,'discriminar_impuesto_por_producto','0','2025-11-06 04:17:50'),(50,1,'porcentaje_de_impuesto','0','2025-12-01 06:16:30');
/*!40000 ALTER TABLE `config_local` ENABLE KEYS */;
UNLOCK TABLES;

--
-- Table structure for table `consecutivos`
--

DROP TABLE IF EXISTS `consecutivos`;
/*!40101 SET @saved_cs_client     = @@character_set_client */;
/*!50503 SET character_set_client = utf8mb4 */;
CREATE TABLE `consecutivos` (
  `id` int NOT NULL AUTO_INCREMENT,
  `id_sucursalid` int DEFAULT NULL,
  `idcompania` int DEFAULT NULL,
  `idtipofacturador` int NOT NULL,
  `idnegocio` int DEFAULT NULL,
  `nombre` varchar(33) CHARACTER SET utf8mb3 COLLATE utf8mb3_unicode_ci NOT NULL,
  `rangoinicial` int DEFAULT NULL,
  `rangofinal` varchar(11) CHARACTER SET utf8mb3 COLLATE utf8mb3_unicode_ci DEFAULT NULL,
  `siguientevalor` varchar(11) CHARACTER SET utf8mb3 COLLATE utf8mb3_unicode_ci DEFAULT NULL,
  `fechainicio` date DEFAULT NULL,
  `fechafin` date DEFAULT NULL,
  `resolucion` varchar(22) CHARACTER SET utf8mb3 COLLATE utf8mb3_unicode_ci DEFAULT NULL,
  `consecutivoremplazo` varchar(33) CHARACTER SET utf8mb3 COLLATE utf8mb3_unicode_ci DEFAULT NULL,
  `prefijo` varchar(11) CHARACTER SET utf8mb3 COLLATE utf8mb3_unicode_ci DEFAULT NULL,
  `mostrarresolucion` tinyint(1) DEFAULT NULL,
  `mostrarimpuestodiscriminado` tinyint(1) DEFAULT NULL,
  `tokenfacturaelectronica` varchar(99) CHARACTER SET utf8mb3 COLLATE utf8mb3_spanish_ci DEFAULT NULL,
  `electronica` tinyint(1) DEFAULT NULL,
  `estado` tinyint(1) DEFAULT NULL,
  PRIMARY KEY (`id`),
  KEY `idtipofacturador_idx` (`idtipofacturador`),
  KEY `id_sucursalid_idx` (`id_sucursalid`),
  KEY `idcompania_idx` (`idcompania`),
  CONSTRAINT `id_sucursalid` FOREIGN KEY (`id_sucursalid`) REFERENCES `sucursales` (`id`) ON UPDATE CASCADE,
  CONSTRAINT `idcompania` FOREIGN KEY (`idcompania`) REFERENCES `diancompanias` (`id`) ON DELETE SET NULL ON UPDATE CASCADE,
  CONSTRAINT `idtipofacturador` FOREIGN KEY (`idtipofacturador`) REFERENCES `tipofacturador` (`id`) ON UPDATE CASCADE
) ENGINE=InnoDB AUTO_INCREMENT=14 DEFAULT CHARSET=utf8mb4 COLLATE=utf8mb4_unicode_ci;
/*!40101 SET character_set_client = @saved_cs_client */;

--
-- Dumping data for table `consecutivos`
--

LOCK TABLES `consecutivos` WRITE;
/*!40000 ALTER TABLE `consecutivos` DISABLE KEYS */;
INSERT INTO `consecutivos` VALUES (1,1,NULL,2,1,'Facturacion POS',1,'5000','77',NULL,'2025-03-21',NULL,NULL,'FAP',1,1,NULL,NULL,0),(2,1,NULL,2,1,'Documento equivalente Pos',1,'500','3',NULL,'2025-05-12',NULL,NULL,'DOCP',1,1,NULL,NULL,1),(3,1,9,1,1,'Factura electronica 512',1,'1500','1',NULL,'2025-09-15','9560055445801',NULL,'FE',1,1,'abcde',NULL,1),(4,2,NULL,2,1,'Factura POS',1,'10000','2',NULL,NULL,NULL,NULL,'POS',1,1,NULL,NULL,1),(8,1,NULL,1,1,'Electronica FE',2001,'10000','29','2024-12-09','2026-12-09','18764084947985',NULL,'FE',1,0,'0',1,0),(13,1,9,1,1,'Electronica TWC',1,'300','35','2025-11-19','2027-11-19','18764101781362',NULL,'TWC',1,0,'0',1,1);
/*!40000 ALTER TABLE `consecutivos` ENABLE KEYS */;
UNLOCK TABLES;

--
-- Table structure for table `conversionunidades`
--

DROP TABLE IF EXISTS `conversionunidades`;
/*!40101 SET @saved_cs_client     = @@character_set_client */;
/*!50503 SET character_set_client = utf8mb4 */;
CREATE TABLE `conversionunidades` (
  `id` int NOT NULL AUTO_INCREMENT,
  `idproducto` int DEFAULT NULL,
  `idsubproducto` int DEFAULT NULL,
  `idunidadmedidabase` int NOT NULL,
  `idunidadmedidadestino` int NOT NULL,
  `nombreunidadbase` varchar(22) CHARACTER SET utf8mb3 COLLATE utf8mb3_spanish_ci DEFAULT NULL,
  `nombreunidaddestino` varchar(22) CHARACTER SET utf8mb3 COLLATE utf8mb3_spanish_ci DEFAULT NULL,
  `factorconversion` decimal(11,3) NOT NULL,
  PRIMARY KEY (`id`),
  KEY `idsubproducto_idx` (`idsubproducto`),
  KEY `idunidadmedidabase_idx` (`idunidadmedidabase`),
  KEY `idunidadmedidadestino_idx` (`idunidadmedidadestino`),
  KEY `idproducto_idx` (`idproducto`),
  CONSTRAINT `idsubproducto` FOREIGN KEY (`idsubproducto`) REFERENCES `subproductos` (`id`) ON DELETE CASCADE ON UPDATE CASCADE,
  CONSTRAINT `idunidadmedidabase` FOREIGN KEY (`idunidadmedidabase`) REFERENCES `unidadesmedida` (`id`) ON DELETE CASCADE ON UPDATE CASCADE,
  CONSTRAINT `idunidadmedidadestino` FOREIGN KEY (`idunidadmedidadestino`) REFERENCES `unidadesmedida` (`id`) ON DELETE CASCADE ON UPDATE CASCADE,
  CONSTRAINT `producto_id` FOREIGN KEY (`idproducto`) REFERENCES `productos` (`id`) ON DELETE CASCADE ON UPDATE CASCADE
) ENGINE=InnoDB AUTO_INCREMENT=138 DEFAULT CHARSET=utf8mb3 COLLATE=utf8mb3_unicode_ci;
/*!40101 SET character_set_client = @saved_cs_client */;

--
-- Dumping data for table `conversionunidades`
--

LOCK TABLES `conversionunidades` WRITE;
/*!40000 ALTER TABLE `conversionunidades` DISABLE KEYS */;
INSERT INTO `conversionunidades` VALUES (13,NULL,4,7,7,'metros','metros',1.000),(14,NULL,4,7,5,'metros','milimetros',0.001),(15,NULL,4,7,6,'metros','centimetros',0.010),(19,NULL,7,7,7,'metros','metros',1.000),(20,NULL,7,7,5,'metros','milimetros',0.001),(21,NULL,7,7,6,'metros','centimetros',0.010),(22,NULL,8,1,1,'unidad','unidad',1.000),(23,NULL,9,8,8,'mililitros','mililitros',1.000),(24,NULL,9,8,9,'mililitros','litros',1000.000),(25,15,NULL,3,3,'libras','libras',1.000),(26,15,NULL,3,2,'libras','gramos',0.002),(27,15,NULL,3,4,'libras','kilogramos',2.204),(28,22,NULL,1,1,'unidad','unidad',1.000),(29,2,NULL,1,1,'unidad','unidad',1.000),(30,3,NULL,1,1,'unidad','unidad',1.000),(31,17,NULL,1,1,'unidad','unidad',1.000),(32,4,NULL,1,1,'unidad','unidad',1.000),(36,NULL,1,4,4,'kilogramos','kilogramos',1.000),(37,NULL,1,4,2,'kilogramos','gramos',0.001),(38,NULL,1,4,3,'kilogramos','libras',0.453),(42,NULL,3,4,4,'kilogramos','kilogramos',1.000),(43,NULL,3,4,2,'kilogramos','gramos',0.001),(44,NULL,3,4,3,'kilogramos','libras',0.453),(45,13,NULL,3,3,'libras','libras',1.000),(46,13,NULL,3,2,'libras','gramos',0.002),(47,13,NULL,3,4,'libras','kilogramos',2.204),(59,6,NULL,1,1,'unidad','unidad',1.000),(62,NULL,2,1,1,'unidad','unidad',1.000),(63,8,NULL,1,1,'unidad','unidad',1.000),(67,5,NULL,1,1,'unidad','unidad',1.000),(71,7,NULL,1,1,'unidad','unidad',1.000),(79,10,NULL,1,1,'unidad','unidad',1.000),(83,11,NULL,1,1,'unidad','unidad',1.000),(87,16,NULL,1,1,'unidad','unidad',1.000),(91,14,NULL,1,1,'unidad','unidad',1.000),(95,12,NULL,1,1,'unidad','unidad',1.000),(99,26,NULL,5,5,'milimetros','milimetros',1.000),(100,26,NULL,5,6,'milimetros','centimetros',10.000),(101,26,NULL,5,7,'milimetros','metros',1000.000),(105,25,NULL,1,1,'unidad','unidad',1.000),(109,24,NULL,1,1,'unidad','unidad',1.000),(113,23,NULL,1,1,'unidad','unidad',1.000),(117,21,NULL,1,1,'unidad','unidad',1.000),(121,18,NULL,1,1,'unidad','unidad',1.000),(122,27,NULL,1,1,'unidad','unidad',1.000),(123,28,NULL,1,1,'unidad','unidad',1.000),(126,31,NULL,1,1,'unidad','unidad',1.000),(128,38,NULL,1,1,'unidad','unidad',1.000),(130,45,NULL,1,1,'unidad','unidad',1.000),(131,46,NULL,1,1,'unidad','unidad',1.000),(135,47,NULL,4,4,'kilogramos','kilogramos',1.000),(136,47,NULL,4,2,'kilogramos','gramos',0.001),(137,47,NULL,4,3,'kilogramos','libras',0.453);
/*!40000 ALTER TABLE `conversionunidades` ENABLE KEYS */;
UNLOCK TABLES;

--
-- Table structure for table `creditos`
--

DROP TABLE IF EXISTS `creditos`;
/*!40101 SET @saved_cs_client     = @@character_set_client */;
/*!50503 SET character_set_client = utf8mb4 */;
CREATE TABLE `creditos` (
  `id` int NOT NULL AUTO_INCREMENT,
  `id_fksucursal` int NOT NULL,
  `factura_id` int DEFAULT NULL,
  `cliente_id` int NOT NULL,
  `nombrecliente` varchar(70) CHARACTER SET utf8mb3 COLLATE utf8mb3_spanish_ci NOT NULL,
  `capital` decimal(12,2) NOT NULL,
  `abonoinicial` decimal(10,2) DEFAULT '0.00',
  `saldopendiente` decimal(12,2) NOT NULL DEFAULT '0.00',
  `cantidadcuotas` int NOT NULL DEFAULT '0',
  `montocuota` decimal(12,2) NOT NULL DEFAULT '0.00',
  `frecuenciapago` varchar(45) CHARACTER SET utf8mb3 COLLATE utf8mb3_spanish_ci DEFAULT NULL,
  `fechainicio` date DEFAULT NULL,
  `interes` tinyint(1) NOT NULL,
  `interesxcuota` decimal(6,2) DEFAULT '0.00',
  `interestotal` decimal(6,2) DEFAULT '0.00',
  `valorinteresxcuota` decimal(12,2) DEFAULT '0.00',
  `valorinterestotal` decimal(12,2) DEFAULT '0.00',
  `montototal` decimal(12,2) NOT NULL,
  `fechavencimiento` date DEFAULT NULL,
  `estado` tinyint(1) DEFAULT '1',
  `created_at` timestamp NULL DEFAULT CURRENT_TIMESTAMP,
  PRIMARY KEY (`id`),
  KEY `idsucursalfk_idx` (`id_fksucursal`),
  KEY `cliente_id_idx` (`cliente_id`),
  KEY `factura_id_idx` (`factura_id`),
  CONSTRAINT `cliente_id` FOREIGN KEY (`cliente_id`) REFERENCES `clientes` (`id`) ON DELETE CASCADE ON UPDATE CASCADE,
  CONSTRAINT `factura_id` FOREIGN KEY (`factura_id`) REFERENCES `facturas` (`id`) ON DELETE CASCADE ON UPDATE CASCADE,
  CONSTRAINT `id_fksucursal` FOREIGN KEY (`id_fksucursal`) REFERENCES `sucursales` (`id`) ON DELETE CASCADE ON UPDATE CASCADE
) ENGINE=InnoDB AUTO_INCREMENT=2 DEFAULT CHARSET=utf8mb4 COLLATE=utf8mb4_unicode_ci;
/*!40101 SET character_set_client = @saved_cs_client */;

--
-- Dumping data for table `creditos`
--

LOCK TABLES `creditos` WRITE;
/*!40000 ALTER TABLE `creditos` DISABLE KEYS */;
INSERT INTO `creditos` VALUES (1,1,NULL,7,'cliente',1000000.00,0.00,1120000.00,6,186667.00,'15','2025-12-14',1,2.00,12.00,20000.00,120000.00,1120000.00,NULL,0,'2025-12-14 20:57:41');
/*!40000 ALTER TABLE `creditos` ENABLE KEYS */;
UNLOCK TABLES;

--
-- Table structure for table `creditos_compras`
--

DROP TABLE IF EXISTS `creditos_compras`;
/*!40101 SET @saved_cs_client     = @@character_set_client */;
/*!50503 SET character_set_client = utf8mb4 */;
CREATE TABLE `creditos_compras` (
  `id` int NOT NULL AUTO_INCREMENT,
  `id_sucursal_fk` int NOT NULL,
  `compra_id` int NOT NULL,
  `id_proveedor` int DEFAULT NULL,
  `nombreproveedor` varchar(45) CHARACTER SET utf8mb3 COLLATE utf8mb3_spanish_ci NOT NULL,
  `montototal` decimal(12,2) NOT NULL,
  `saldopendiente` decimal(12,2) NOT NULL DEFAULT '0.00',
  `cantidadcuotas` int NOT NULL DEFAULT '0',
  `montocuota` decimal(12,2) NOT NULL DEFAULT '0.00',
  `frecuenciapago` varchar(45) CHARACTER SET utf8mb3 COLLATE utf8mb3_spanish_ci DEFAULT NULL,
  `fechainicio` date DEFAULT NULL,
  `tasainteres` decimal(6,2) DEFAULT '0.00',
  `estado` tinyint(1) DEFAULT '1',
  `created_at` timestamp NULL DEFAULT CURRENT_TIMESTAMP,
  PRIMARY KEY (`id`),
  KEY `id_sucursal_fk_idx` (`id_sucursal_fk`),
  KEY `compra_id_idx` (`compra_id`),
  KEY `id_proveedor_idx` (`id_proveedor`),
  CONSTRAINT `compra_id` FOREIGN KEY (`compra_id`) REFERENCES `compras` (`id`) ON DELETE CASCADE ON UPDATE CASCADE,
  CONSTRAINT `id_proveedor` FOREIGN KEY (`id_proveedor`) REFERENCES `proveedores` (`id`) ON DELETE SET NULL ON UPDATE CASCADE,
  CONSTRAINT `id_sucursal_fk` FOREIGN KEY (`id_sucursal_fk`) REFERENCES `sucursales` (`id`) ON DELETE CASCADE ON UPDATE CASCADE
) ENGINE=InnoDB DEFAULT CHARSET=utf8mb3 COLLATE=utf8mb3_unicode_ci;
/*!40101 SET character_set_client = @saved_cs_client */;

--
-- Dumping data for table `creditos_compras`
--

LOCK TABLES `creditos_compras` WRITE;
/*!40000 ALTER TABLE `creditos_compras` DISABLE KEYS */;
/*!40000 ALTER TABLE `creditos_compras` ENABLE KEYS */;
UNLOCK TABLES;

--
-- Table structure for table `cuotas`
--

DROP TABLE IF EXISTS `cuotas`;
/*!40101 SET @saved_cs_client     = @@character_set_client */;
/*!50503 SET character_set_client = utf8mb4 */;
CREATE TABLE `cuotas` (
  `id` int NOT NULL AUTO_INCREMENT,
  `id_credito` int NOT NULL,
  `mediopagoid` int NOT NULL,
  `numerocuota` int NOT NULL,
  `montocuota` decimal(12,2) NOT NULL,
  `valorpagado` decimal(12,2) NOT NULL,
  `fechavencimiento` date DEFAULT NULL,
  `fechapagado` datetime DEFAULT NULL,
  `cuotascreditos` varchar(45) CHARACTER SET utf8mb3 COLLATE utf8mb3_spanish_ci DEFAULT NULL,
  `estado` tinyint(1) NOT NULL,
  `created_at` timestamp NULL DEFAULT CURRENT_TIMESTAMP,
  PRIMARY KEY (`id`),
  KEY `id_credito_idx` (`id_credito`),
  KEY `id_mediopago_idx` (`mediopagoid`),
  CONSTRAINT `id_credito` FOREIGN KEY (`id_credito`) REFERENCES `creditos` (`id`) ON DELETE CASCADE ON UPDATE CASCADE,
  CONSTRAINT `mediopagoid` FOREIGN KEY (`mediopagoid`) REFERENCES `mediospago` (`id`) ON UPDATE CASCADE
) ENGINE=InnoDB DEFAULT CHARSET=utf8mb4 COLLATE=utf8mb4_unicode_ci;
/*!40101 SET character_set_client = @saved_cs_client */;

--
-- Dumping data for table `cuotas`
--

LOCK TABLES `cuotas` WRITE;
/*!40000 ALTER TABLE `cuotas` DISABLE KEYS */;
/*!40000 ALTER TABLE `cuotas` ENABLE KEYS */;
UNLOCK TABLES;

--
-- Table structure for table `cuotas_compras`
--

DROP TABLE IF EXISTS `cuotas_compras`;
/*!40101 SET @saved_cs_client     = @@character_set_client */;
/*!50503 SET character_set_client = utf8mb4 */;
CREATE TABLE `cuotas_compras` (
  `id` int NOT NULL AUTO_INCREMENT,
  `id_creditocompra` int NOT NULL,
  `numerocuota` int NOT NULL,
  `montocuota` decimal(12,2) NOT NULL,
  `fechavencimiento` date DEFAULT NULL,
  `fechapagado` datetime DEFAULT NULL,
  `estado` tinyint(1) NOT NULL,
  `cuotas_compras` varchar(45) CHARACTER SET utf8mb3 COLLATE utf8mb3_spanish_ci DEFAULT NULL,
  `created_at` timestamp NULL DEFAULT CURRENT_TIMESTAMP,
  PRIMARY KEY (`id`),
  KEY `id_creditocompra_idx` (`id_creditocompra`),
  CONSTRAINT `id_creditocompra` FOREIGN KEY (`id_creditocompra`) REFERENCES `creditos_compras` (`id`) ON DELETE CASCADE ON UPDATE CASCADE
) ENGINE=InnoDB DEFAULT CHARSET=utf8mb3 COLLATE=utf8mb3_unicode_ci;
/*!40101 SET character_set_client = @saved_cs_client */;

--
-- Dumping data for table `cuotas_compras`
--

LOCK TABLES `cuotas_compras` WRITE;
/*!40000 ALTER TABLE `cuotas_compras` DISABLE KEYS */;
/*!40000 ALTER TABLE `cuotas_compras` ENABLE KEYS */;
UNLOCK TABLES;

--
-- Table structure for table `declaracionesdineros`
--

DROP TABLE IF EXISTS `declaracionesdineros`;
/*!40101 SET @saved_cs_client     = @@character_set_client */;
/*!50503 SET character_set_client = utf8mb4 */;
CREATE TABLE `declaracionesdineros` (
  `id` int NOT NULL AUTO_INCREMENT,
  `id_mediopago` int NOT NULL,
  `idcierrecajaid` int NOT NULL,
  `nombremediopago` varchar(33) CHARACTER SET utf8mb3 COLLATE utf8mb3_general_ci DEFAULT NULL,
  `valordeclarado` varchar(11) CHARACTER SET utf8mb3 COLLATE utf8mb3_spanish_ci NOT NULL,
  `valorsistema` varchar(11) CHARACTER SET utf8mb3 COLLATE utf8mb3_spanish_ci DEFAULT NULL,
  PRIMARY KEY (`id`),
  KEY `idmediopago_idx` (`id_mediopago`),
  KEY `idcierrecajaid_idx` (`idcierrecajaid`),
  CONSTRAINT `id_mediopago` FOREIGN KEY (`id_mediopago`) REFERENCES `mediospago` (`id`) ON UPDATE CASCADE,
  CONSTRAINT `idcierrecajaid` FOREIGN KEY (`idcierrecajaid`) REFERENCES `cierrescajas` (`id`) ON UPDATE CASCADE
) ENGINE=InnoDB AUTO_INCREMENT=15 DEFAULT CHARSET=utf8mb3 COLLATE=utf8mb3_unicode_ci;
/*!40101 SET character_set_client = @saved_cs_client */;

--
-- Dumping data for table `declaracionesdineros`
--

LOCK TABLES `declaracionesdineros` WRITE;
/*!40000 ALTER TABLE `declaracionesdineros` DISABLE KEYS */;
INSERT INTO `declaracionesdineros` VALUES (10,2,3,'Daviplata','0','0'),(11,1,3,'Efectivo','25000','0');
/*!40000 ALTER TABLE `declaracionesdineros` ENABLE KEYS */;
UNLOCK TABLES;

--
-- Table structure for table `departments`
--

DROP TABLE IF EXISTS `departments`;
/*!40101 SET @saved_cs_client     = @@character_set_client */;
/*!50503 SET character_set_client = utf8mb4 */;
CREATE TABLE `departments` (
  `id` int NOT NULL AUTO_INCREMENT,
  `country_id` int unsigned NOT NULL,
  `name` varchar(255) CHARACTER SET utf8mb3 COLLATE utf8mb3_spanish_ci NOT NULL,
  `code` char(255) COLLATE utf8mb4_unicode_ci NOT NULL,
  `created_at` timestamp NULL DEFAULT CURRENT_TIMESTAMP,
  `updated_at` timestamp NULL DEFAULT NULL,
  PRIMARY KEY (`id`),
  KEY `departments_country_id_foreign` (`country_id`)
) ENGINE=InnoDB AUTO_INCREMENT=34 DEFAULT CHARSET=utf8mb4 COLLATE=utf8mb4_unicode_ci;
/*!40101 SET character_set_client = @saved_cs_client */;

--
-- Dumping data for table `departments`
--

LOCK TABLES `departments` WRITE;
/*!40000 ALTER TABLE `departments` DISABLE KEYS */;
INSERT INTO `departments` VALUES (1,46,'Amazonas','91','2025-05-07 23:47:23','2025-05-07 23:47:23'),(2,46,'Antioquia','05','2025-05-07 23:47:23','2025-05-07 23:47:23'),(3,46,'Arauca','81','2025-05-07 23:47:23','2025-05-07 23:47:23'),(4,46,'Atlántico','08','2025-05-07 23:47:23','2025-05-07 23:47:23'),(5,46,'Bogotá','11','2025-05-07 23:47:23','2025-05-07 23:47:23'),(6,46,'Bolívar','13','2025-05-07 23:47:23','2025-05-07 23:47:23'),(7,46,'Boyacá','15','2025-05-07 23:47:23','2025-05-07 23:47:23'),(8,46,'Caldas','17','2025-05-07 23:47:23','2025-05-07 23:47:23'),(9,46,'Caquetá','18','2025-05-07 23:47:23','2025-05-07 23:47:23'),(10,46,'Casanare','85','2025-05-07 23:47:23','2025-05-07 23:47:23'),(11,46,'Cauca','19','2025-05-07 23:47:23','2025-05-07 23:47:23'),(12,46,'Cesar','20','2025-05-07 23:47:23','2025-05-07 23:47:23'),(13,46,'Chocó','27','2025-05-07 23:47:23','2025-05-07 23:47:23'),(14,46,'Córdoba','23','2025-05-07 23:47:23','2025-05-07 23:47:23'),(15,46,'Cundinamarca','25','2025-05-07 23:47:23','2025-05-07 23:47:23'),(16,46,'Guainía','94','2025-05-07 23:47:23','2025-05-07 23:47:23'),(17,46,'Guaviare','95','2025-05-07 23:47:23','2025-05-07 23:47:23'),(18,46,'Huila','41','2025-05-07 23:47:23','2025-05-07 23:47:23'),(19,46,'La Guajira','44','2025-05-07 23:47:23','2025-05-07 23:47:23'),(20,46,'Magdalena','47','2025-05-07 23:47:23','2025-05-07 23:47:23'),(21,46,'Meta','50','2025-05-07 23:47:23','2025-05-07 23:47:23'),(22,46,'Nariño','52','2025-05-07 23:47:23','2025-05-07 23:47:23'),(23,46,'Norte de Santander','54','2025-05-07 23:47:23','2025-05-07 23:47:23'),(24,46,'Putumayo','86','2025-05-07 23:47:23','2025-05-07 23:47:23'),(25,46,'Quindío','63','2025-05-07 23:47:23','2025-05-07 23:47:23'),(26,46,'Risaralda','66','2025-05-07 23:47:23','2025-05-07 23:47:23'),(27,46,'San Andrés y Providencia','88','2025-05-07 23:47:23','2025-05-07 23:47:23'),(28,46,'Santander','68','2025-05-07 23:47:23','2025-05-07 23:47:23'),(29,46,'Sucre','70','2025-05-07 23:47:23','2025-05-07 23:47:23'),(30,46,'Tolima','73','2025-05-07 23:47:23','2025-05-07 23:47:23'),(31,46,'Valle del Cauca','76','2025-05-07 23:47:23','2025-05-07 23:47:23'),(32,46,'Vaupés','97','2025-05-07 23:47:23','2025-05-07 23:47:23'),(33,46,'Vichada','99','2025-05-07 23:47:23','2025-05-07 23:47:23');
/*!40000 ALTER TABLE `departments` ENABLE KEYS */;
UNLOCK TABLES;

--
-- Table structure for table `detallecompra`
--

DROP TABLE IF EXISTS `detallecompra`;
/*!40101 SET @saved_cs_client     = @@character_set_client */;
/*!50503 SET character_set_client = utf8mb4 */;
CREATE TABLE `detallecompra` (
  `id` int NOT NULL AUTO_INCREMENT,
  `idcompra` int NOT NULL,
  `iditem` int NOT NULL,
  `idpx` int DEFAULT NULL,
  `idsx` int DEFAULT NULL,
  `tipo` int NOT NULL,
  `nombreitem` varchar(55) CHARACTER SET utf8mb3 COLLATE utf8mb3_spanish_ci DEFAULT NULL,
  `unidad` varchar(45) CHARACTER SET utf8mb3 COLLATE utf8mb3_spanish_ci DEFAULT NULL,
  `cantidad` int NOT NULL,
  `factor` decimal(7,3) DEFAULT NULL,
  `impuesto` int DEFAULT NULL,
  `valorunidad` decimal(10,2) NOT NULL,
  `subtotal` decimal(11,2) DEFAULT NULL,
  `valorcompra` decimal(11,2) NOT NULL,
  PRIMARY KEY (`id`),
  KEY `idcompra_idx` (`idcompra`),
  KEY `idpx_idx` (`idpx`),
  KEY `idsx_idx` (`idsx`),
  CONSTRAINT `idcompra` FOREIGN KEY (`idcompra`) REFERENCES `compras` (`id`) ON DELETE CASCADE ON UPDATE CASCADE,
  CONSTRAINT `idpx` FOREIGN KEY (`idpx`) REFERENCES `productos` (`id`) ON DELETE SET NULL ON UPDATE CASCADE,
  CONSTRAINT `idsx` FOREIGN KEY (`idsx`) REFERENCES `subproductos` (`id`) ON DELETE SET NULL ON UPDATE CASCADE
) ENGINE=InnoDB AUTO_INCREMENT=14 DEFAULT CHARSET=utf8mb3 COLLATE=utf8mb3_unicode_ci;
/*!40101 SET character_set_client = @saved_cs_client */;

--
-- Dumping data for table `detallecompra`
--

LOCK TABLES `detallecompra` WRITE;
/*!40000 ALTER TABLE `detallecompra` DISABLE KEYS */;
INSERT INTO `detallecompra` VALUES (2,2,5,5,NULL,0,'Pistola de impacto ingersoll rand','Unidad',5,1.000,0,0.00,0.00,450000.00),(3,2,10,10,NULL,0,'Llave 1/2','Unidad',4,1.000,0,0.00,0.00,38000.00),(6,4,6,6,NULL,0,'Vitamina women Blend','Unidad',1,1.000,0,0.00,0.00,91000.00),(7,5,6,6,NULL,0,'Vitamina women Blend','Unidad',1,1.000,0,0.00,0.00,91000.00),(8,6,6,6,NULL,0,'Vitamina women Blend','Unidad',1,1.000,0,0.00,0.00,91000.00),(9,7,6,6,NULL,0,'Vitamina women Blend','Unidad',1,1.000,0,0.00,0.00,91000.00),(10,8,6,6,NULL,0,'Vitamina women Blend','Unidad',1,1.000,0,0.00,0.00,91000.00),(11,9,6,6,NULL,0,'Vitamina women Blend','Unidad',1,1.000,0,0.00,0.00,91000.00),(12,10,2,NULL,2,1,'Naranjas','Unidad',3,1.000,0,0.00,0.00,2500.00),(13,10,4,NULL,4,1,'Tubo de aluminio','Metros',3,0.010,0,0.00,0.00,500.00);
/*!40000 ALTER TABLE `detallecompra` ENABLE KEYS */;
UNLOCK TABLES;

--
-- Table structure for table `detalletrasladoinv`
--

DROP TABLE IF EXISTS `detalletrasladoinv`;
/*!40101 SET @saved_cs_client     = @@character_set_client */;
/*!50503 SET character_set_client = utf8mb4 */;
CREATE TABLE `detalletrasladoinv` (
  `id` int NOT NULL AUTO_INCREMENT,
  `id_trasladoinv` int NOT NULL,
  `fkproducto` int DEFAULT NULL,
  `idsubproducto_id` int DEFAULT NULL,
  `cantidad` decimal(12,2) NOT NULL,
  `cantidadrecibida` decimal(12,2) DEFAULT '0.00',
  `cantidadrechazada` decimal(12,2) DEFAULT '0.00',
  PRIMARY KEY (`id`),
  KEY `id_trasladoinv_idx` (`id_trasladoinv`),
  KEY `fkproducto_idx` (`fkproducto`),
  KEY `idsubproducto_id_idx` (`idsubproducto_id`),
  CONSTRAINT `fkproducto` FOREIGN KEY (`fkproducto`) REFERENCES `productos` (`id`) ON DELETE SET NULL ON UPDATE CASCADE,
  CONSTRAINT `id_trasladoinv` FOREIGN KEY (`id_trasladoinv`) REFERENCES `traslado_inv` (`id`) ON DELETE CASCADE ON UPDATE CASCADE,
  CONSTRAINT `idsubproducto_id` FOREIGN KEY (`idsubproducto_id`) REFERENCES `subproductos` (`id`) ON DELETE SET NULL ON UPDATE CASCADE
) ENGINE=InnoDB AUTO_INCREMENT=24 DEFAULT CHARSET=utf8mb3 COLLATE=utf8mb3_unicode_ci;
/*!40101 SET character_set_client = @saved_cs_client */;

--
-- Dumping data for table `detalletrasladoinv`
--

LOCK TABLES `detalletrasladoinv` WRITE;
/*!40000 ALTER TABLE `detalletrasladoinv` DISABLE KEYS */;
INSERT INTO `detalletrasladoinv` VALUES (1,1,6,NULL,11.00,0.00,0.00),(2,1,NULL,5,78.00,0.00,0.00),(6,3,14,NULL,6.00,0.00,0.00),(7,3,18,NULL,5.00,0.00,0.00),(8,4,21,NULL,12.00,0.00,0.00),(9,4,10,NULL,8.00,0.00,0.00),(10,4,23,NULL,7.00,0.00,0.00),(11,5,6,NULL,1.00,0.00,0.00),(12,6,7,NULL,12.00,0.00,0.00),(14,8,6,NULL,8.00,0.00,0.00),(15,9,10,NULL,14.00,0.00,0.00),(17,7,6,NULL,7.00,0.00,0.00),(18,7,5,NULL,3.00,0.00,0.00),(19,10,27,NULL,4.00,0.00,0.00),(20,11,27,NULL,2.00,0.00,0.00),(21,12,4,NULL,2.00,0.00,0.00),(22,13,6,NULL,1.00,0.00,0.00),(23,13,NULL,3,17.00,0.00,0.00);
/*!40000 ALTER TABLE `detalletrasladoinv` ENABLE KEYS */;
UNLOCK TABLES;

--
-- Table structure for table `diancompanias`
--

DROP TABLE IF EXISTS `diancompanias`;
/*!40101 SET @saved_cs_client     = @@character_set_client */;
/*!50503 SET character_set_client = utf8mb4 */;
CREATE TABLE `diancompanias` (
  `id` int NOT NULL AUTO_INCREMENT,
  `business_name` varchar(75) CHARACTER SET utf8mb4 COLLATE utf8mb4_spanish_ci NOT NULL,
  `identification_number` varchar(45) CHARACTER SET utf8mb4 COLLATE utf8mb4_spanish_ci NOT NULL,
  `idsoftware` varchar(99) CHARACTER SET utf8mb4 COLLATE utf8mb4_spanish_ci NOT NULL,
  `pinsoftware` varchar(45) CHARACTER SET utf8mb4 COLLATE utf8mb4_spanish_ci NOT NULL,
  `token` varchar(75) CHARACTER SET utf8mb4 COLLATE utf8mb4_spanish_ci NOT NULL,
  `estado` tinyint(1) DEFAULT '1',
  `created_at` timestamp NULL DEFAULT CURRENT_TIMESTAMP,
  PRIMARY KEY (`id`)
) ENGINE=InnoDB AUTO_INCREMENT=10 DEFAULT CHARSET=utf8mb4 COLLATE=utf8mb4_unicode_ci;
/*!40101 SET character_set_client = @saved_cs_client */;

--
-- Dumping data for table `diancompanias`
--

LOCK TABLES `diancompanias` WRITE;
/*!40000 ALTER TABLE `diancompanias` DISABLE KEYS */;
INSERT INTO `diancompanias` VALUES (9,'QUINTANA VILLA CRISTIAN CAMILO','1094917508','7c8c31d1-6c9c-4b3a-8bfb-59187923779f','12345','775d2fc40f6f1f06d316ac14e7220a8c38f0ab937a745361fbf65b0bdf1f5784',1,'2025-11-22 22:21:43');
/*!40000 ALTER TABLE `diancompanias` ENABLE KEYS */;
UNLOCK TABLES;

--
-- Table structure for table `direcciones`
--

DROP TABLE IF EXISTS `direcciones`;
/*!40101 SET @saved_cs_client     = @@character_set_client */;
/*!50503 SET character_set_client = utf8mb4 */;
CREATE TABLE `direcciones` (
  `id` int NOT NULL AUTO_INCREMENT,
  `idcliente` int NOT NULL,
  `idtarifa` int DEFAULT NULL,
  `iddepartamento` int DEFAULT NULL,
  `idciudad` int DEFAULT NULL,
  `pais` varchar(35) CHARACTER SET utf8mb3 COLLATE utf8mb3_general_ci DEFAULT NULL,
  `departamento` varchar(35) CHARACTER SET utf8mb3 COLLATE utf8mb3_general_ci NOT NULL,
  `ciudad` varchar(35) CHARACTER SET utf8mb3 COLLATE utf8mb3_spanish_ci NOT NULL,
  `direccion` varchar(77) CHARACTER SET utf8mb3 COLLATE utf8mb3_spanish_ci NOT NULL,
  `codigopostal` varchar(12) CHARACTER SET utf8mb3 COLLATE utf8mb3_spanish_ci DEFAULT NULL,
  `observacion` varchar(99) CHARACTER SET utf8mb3 COLLATE utf8mb3_spanish_ci DEFAULT NULL,
  `created_at` timestamp NULL DEFAULT CURRENT_TIMESTAMP,
  PRIMARY KEY (`id`),
  KEY `idcliente_idx` (`idcliente`),
  KEY `iddepartamento_idx` (`iddepartamento`),
  KEY `idciudad_idx` (`idciudad`),
  KEY `idtarifa_idx` (`idtarifa`),
  CONSTRAINT `id_cliente` FOREIGN KEY (`idcliente`) REFERENCES `clientes` (`id`) ON DELETE CASCADE ON UPDATE CASCADE,
  CONSTRAINT `idciudad` FOREIGN KEY (`idciudad`) REFERENCES `municipalities` (`id`) ON DELETE CASCADE ON UPDATE CASCADE,
  CONSTRAINT `iddepartamento` FOREIGN KEY (`iddepartamento`) REFERENCES `departments` (`id`) ON DELETE CASCADE ON UPDATE CASCADE,
  CONSTRAINT `idtarifa` FOREIGN KEY (`idtarifa`) REFERENCES `tarifas` (`id`) ON DELETE SET NULL ON UPDATE CASCADE
) ENGINE=InnoDB AUTO_INCREMENT=12 DEFAULT CHARSET=utf8mb3 COLLATE=utf8mb3_unicode_ci;
/*!40101 SET character_set_client = @saved_cs_client */;

--
-- Dumping data for table `direcciones`
--

LOCK TABLES `direcciones` WRITE;
/*!40000 ALTER TABLE `direcciones` DISABLE KEYS */;
INSERT INTO `direcciones` VALUES (1,1,1,1,1,NULL,'Quindio','Armenia','Almacen',NULL,NULL,'2025-09-29 00:37:24'),(2,24,2,1,1,NULL,'Quindio','Armenia','Cr 15 #15-51',NULL,NULL,'2025-09-29 00:37:24'),(3,17,2,1,1,NULL,'Quindio','Armenia','Av centenario #35-41',NULL,NULL,'2025-09-29 00:37:24'),(4,18,2,1,1,NULL,'Quindio','Armenia','Barrio la castilla Mz F casa 14',NULL,NULL,'2025-09-29 00:37:24'),(5,17,2,1,1,NULL,'Quindio','Calarca','Barrio Simon bolivar mz C casa 3',NULL,NULL,'2025-09-29 00:37:24'),(6,6,2,1,1,NULL,'Quindio','Armenia','Barrio el placer Mz J casa 3',NULL,NULL,'2025-09-29 00:37:24'),(7,1,2,1,1,NULL,'Quindio','Calarca','Av colon 25-50',NULL,NULL,'2025-09-29 00:37:24'),(8,13,1,1,1,NULL,'Quindio','Armenia','cl 45  5| 10',NULL,NULL,'2025-09-29 00:37:24'),(9,26,1,1,1,NULL,'Cundinamarca','Bogota','avenida 35 calle 85',NULL,NULL,'2025-09-29 00:37:24'),(10,1,2,1,1,NULL,'Quindio','Calarca','Av centenario #5-14',NULL,NULL,'2025-10-05 01:40:53'),(11,2,2,1,1,NULL,'Quindio','Salento','calle 6 #39',NULL,NULL,'2025-10-05 01:43:28');
/*!40000 ALTER TABLE `direcciones` ENABLE KEYS */;
UNLOCK TABLES;

--
-- Table structure for table `estados_electronicas`
--

DROP TABLE IF EXISTS `estados_electronicas`;
/*!40101 SET @saved_cs_client     = @@character_set_client */;
/*!50503 SET character_set_client = utf8mb4 */;
CREATE TABLE `estados_electronicas` (
  `id` int NOT NULL AUTO_INCREMENT,
  `descripcion` varchar(20) CHARACTER SET utf8mb3 COLLATE utf8mb3_spanish_ci NOT NULL,
  `created_at` timestamp NULL DEFAULT CURRENT_TIMESTAMP,
  PRIMARY KEY (`id`)
) ENGINE=InnoDB AUTO_INCREMENT=5 DEFAULT CHARSET=utf8mb3 COLLATE=utf8mb3_unicode_ci;
/*!40101 SET character_set_client = @saved_cs_client */;

--
-- Dumping data for table `estados_electronicas`
--

LOCK TABLES `estados_electronicas` WRITE;
/*!40000 ALTER TABLE `estados_electronicas` DISABLE KEYS */;
INSERT INTO `estados_electronicas` VALUES (1,'Pendiente','2025-09-29 00:10:23'),(2,'Aceptado','2025-09-29 00:10:23'),(3,'Error','2025-09-29 00:10:23'),(4,'Cancelado','2025-09-29 00:10:23');
/*!40000 ALTER TABLE `estados_electronicas` ENABLE KEYS */;
UNLOCK TABLES;

--
-- Table structure for table `fabricantes_marcas`
--

DROP TABLE IF EXISTS `fabricantes_marcas`;
/*!40101 SET @saved_cs_client     = @@character_set_client */;
/*!50503 SET character_set_client = utf8mb4 */;
CREATE TABLE `fabricantes_marcas` (
  `id` int NOT NULL AUTO_INCREMENT,
  `nombre` varchar(55) CHARACTER SET utf8mb3 COLLATE utf8mb3_general_ci NOT NULL,
  `telefono` varchar(15) CHARACTER SET utf8mb3 COLLATE utf8mb3_general_ci DEFAULT NULL,
  `email` varchar(55) CHARACTER SET utf8mb3 COLLATE utf8mb3_general_ci DEFAULT NULL,
  `direccion` varchar(77) CHARACTER SET utf8mb3 COLLATE utf8mb3_general_ci DEFAULT NULL,
  `pais` varchar(35) CHARACTER SET utf8mb3 COLLATE utf8mb3_general_ci DEFAULT NULL,
  `ciudad` varchar(35) CHARACTER SET utf8mb3 COLLATE utf8mb3_general_ci DEFAULT NULL,
  PRIMARY KEY (`id`)
) ENGINE=InnoDB DEFAULT CHARSET=utf8mb3 COLLATE=utf8mb3_unicode_ci;
/*!40101 SET character_set_client = @saved_cs_client */;

--
-- Dumping data for table `fabricantes_marcas`
--

LOCK TABLES `fabricantes_marcas` WRITE;
/*!40000 ALTER TABLE `fabricantes_marcas` DISABLE KEYS */;
/*!40000 ALTER TABLE `fabricantes_marcas` ENABLE KEYS */;
UNLOCK TABLES;

--
-- Table structure for table `factimpuestos`
--

DROP TABLE IF EXISTS `factimpuestos`;
/*!40101 SET @saved_cs_client     = @@character_set_client */;
/*!50503 SET character_set_client = utf8mb4 */;
CREATE TABLE `factimpuestos` (
  `id` int NOT NULL AUTO_INCREMENT,
  `id_impuesto` int NOT NULL,
  `facturaid` int NOT NULL,
  `basegravable` decimal(12,2) NOT NULL,
  `valorimpuesto` decimal(12,2) NOT NULL,
  PRIMARY KEY (`id`),
  KEY `id_impuesto_idx` (`id_impuesto`),
  KEY `facturaid_idx` (`facturaid`),
  CONSTRAINT `facturaid` FOREIGN KEY (`facturaid`) REFERENCES `facturas` (`id`) ON DELETE CASCADE ON UPDATE CASCADE,
  CONSTRAINT `id_impuesto` FOREIGN KEY (`id_impuesto`) REFERENCES `impuestos` (`id`) ON UPDATE CASCADE
) ENGINE=InnoDB AUTO_INCREMENT=160 DEFAULT CHARSET=utf8mb3 COLLATE=utf8mb3_unicode_ci;
/*!40101 SET character_set_client = @saved_cs_client */;

--
-- Dumping data for table `factimpuestos`
--

LOCK TABLES `factimpuestos` WRITE;
/*!40000 ALTER TABLE `factimpuestos` DISABLE KEYS */;
INSERT INTO `factimpuestos` VALUES (1,5,1,427800.00,0.00),(2,5,2,922000.00,0.00),(3,5,3,28500.00,0.00),(4,1,11,774900.00,0.00),(5,5,12,400000.00,0.00),(6,1,14,1386600.00,0.00),(7,5,15,2292400.00,0.00),(8,5,16,380000.00,0.00),(9,5,17,2209000.00,0.00),(10,5,18,30000.00,0.00),(11,5,22,217000.00,0.00),(12,5,23,253000.00,0.00),(13,5,24,393900.00,0.00),(14,5,27,393900.00,0.00),(15,5,28,922000.00,0.00),(19,4,35,526890.76,100109.24),(20,4,36,151260.50,28739.50),(21,5,37,450000.00,0.00),(22,5,38,675000.00,0.00),(23,5,39,211000.00,0.00),(24,4,39,31092.44,5907.56),(25,5,40,180000.00,0.00),(26,4,40,502521.01,95478.99),(27,4,41,118067.23,22432.77),(43,4,53,502521.01,95478.99),(44,1,53,213900.00,0.00),(45,4,54,268067.23,50932.77),(46,4,55,107983.19,20516.81),(47,4,56,57983.19,11016.81),(48,4,57,18487.39,3512.61),(49,4,58,55462.19,10537.82),(50,4,59,19327.73,3672.27),(51,4,60,52689.08,10010.92),(52,4,61,36890.76,7009.24),(53,4,62,93109.24,17690.76),(54,4,63,54453.78,10346.22),(55,4,64,56218.49,10681.51),(56,4,65,112436.97,21363.03),(57,4,66,56218.49,10681.51),(58,4,67,56218.49,10681.51),(59,4,68,56218.49,10681.51),(60,4,69,56218.49,10681.51),(61,4,70,72016.81,13683.19),(62,4,71,52689.08,10010.92),(63,1,72,211000.00,0.00),(64,3,72,794827.59,127172.41),(65,4,72,301428.57,57271.43),(66,1,76,7200.00,0.00),(67,5,93,213900.00,0.00),(68,5,94,213900.00,0.00),(69,5,95,213900.00,0.00),(70,5,98,922000.00,0.00),(71,5,102,213900.00,0.00),(72,5,103,922000.00,0.00),(73,5,104,18500.00,0.00),(74,5,107,213900.00,0.00),(75,5,109,10000.00,0.00),(76,5,110,18500.00,0.00),(77,5,116,18500.00,0.00),(78,5,117,922000.00,0.00),(79,5,118,598000.00,0.00),(80,5,119,268500.00,0.00),(81,5,120,18500.00,0.00),(82,5,121,18500.00,0.00),(83,5,122,120500.00,0.00),(84,5,123,18500.00,0.00),(85,5,126,18500.00,0.00),(86,5,127,10000.00,0.00),(87,5,128,18500.00,0.00),(88,5,129,18500.00,0.00),(89,5,130,11500.00,0.00),(90,5,131,211000.00,0.00),(91,5,132,360000.00,0.00),(92,5,133,360000.00,0.00),(93,5,134,180000.00,0.00),(94,5,135,180000.00,0.00),(96,5,138,198500.00,0.00),(97,5,140,180000.00,0.00),(98,5,142,180000.00,0.00),(99,5,144,180000.00,0.00),(100,5,146,180000.00,0.00),(101,5,148,180000.00,0.00),(105,5,155,180000.00,0.00),(106,5,156,88900.00,0.00),(107,1,157,6000000.00,0.00),(108,1,158,800.00,0.00),(109,1,159,800.00,0.00),(110,1,160,800.00,0.00),(111,1,161,800.00,0.00),(112,1,162,800.00,0.00),(113,1,163,800.00,0.00),(114,1,164,800.00,0.00),(115,1,165,800.00,0.00),(116,1,166,800.00,0.00),(120,1,172,800.00,0.00),(121,1,173,1520000.00,0.00),(122,1,174,1400.00,0.00),(123,1,175,2200.00,0.00),(124,1,176,1160.00,0.00),(125,1,177,1240.00,0.00),(126,1,178,800.00,0.00),(127,1,179,800.00,0.00),(128,1,180,800.00,0.00),(129,1,181,800.00,0.00),(130,1,182,800.00,0.00),(131,1,183,1600.00,0.00),(132,1,184,800.00,0.00),(133,1,185,800.00,0.00),(134,1,186,800.00,0.00),(135,1,187,800.00,0.00),(136,1,188,800.00,0.00),(137,1,189,800.00,0.00),(138,1,190,800.00,0.00),(139,2,191,476.19,23.81),(140,1,191,800.00,0.00),(143,1,192,800.00,0.00),(145,1,193,800.00,0.00),(146,1,194,800.00,0.00),(147,1,195,800.00,0.00),(148,1,196,800.00,0.00),(149,1,197,800.00,0.00),(150,1,198,800.00,0.00),(151,1,199,800.00,0.00),(152,1,200,800.00,0.00),(154,1,201,800.00,0.00),(155,1,202,800.00,0.00),(156,1,203,800.00,0.00),(157,4,204,546.22,103.78),(158,2,204,1071.43,53.57),(159,1,205,180000.00,0.00);
/*!40000 ALTER TABLE `factimpuestos` ENABLE KEYS */;
UNLOCK TABLES;

--
-- Table structure for table `factmediospago`
--

DROP TABLE IF EXISTS `factmediospago`;
/*!40101 SET @saved_cs_client     = @@character_set_client */;
/*!50503 SET character_set_client = utf8mb4 */;
CREATE TABLE `factmediospago` (
  `id` int NOT NULL AUTO_INCREMENT,
  `id_factura` int NOT NULL,
  `idmediopago` int NOT NULL,
  `valor` varchar(10) CHARACTER SET utf8mb3 COLLATE utf8mb3_spanish_ci NOT NULL,
  PRIMARY KEY (`id`),
  KEY `idmediopago_idx` (`idmediopago`),
  KEY `id_factura_idx` (`id_factura`),
  CONSTRAINT `id_factura` FOREIGN KEY (`id_factura`) REFERENCES `facturas` (`id`) ON DELETE CASCADE ON UPDATE CASCADE,
  CONSTRAINT `idmediopago` FOREIGN KEY (`idmediopago`) REFERENCES `mediospago` (`id`)
) ENGINE=InnoDB AUTO_INCREMENT=150 DEFAULT CHARSET=utf8mb3 COLLATE=utf8mb3_unicode_ci;
/*!40101 SET character_set_client = @saved_cs_client */;

--
-- Dumping data for table `factmediospago`
--

LOCK TABLES `factmediospago` WRITE;
/*!40000 ALTER TABLE `factmediospago` DISABLE KEYS */;
INSERT INTO `factmediospago` VALUES (1,1,1,'427800'),(2,2,1,'922000'),(3,3,1,'28500'),(4,11,1,'774900'),(5,12,1,'400000'),(6,14,1,'1386600'),(7,15,1,'2292400'),(8,16,1,'380000'),(9,17,1,'2209000'),(10,18,1,'30000'),(11,22,1,'217000'),(12,23,1,'253000'),(13,24,1,'393900'),(14,27,1,'393900'),(15,28,1,'922000'),(16,32,1,'140000'),(17,33,1,'320000'),(18,34,1,'627000'),(19,35,1,'627000'),(20,36,1,'180000'),(21,37,1,'450000'),(22,38,1,'675000'),(23,39,1,'248000'),(24,40,1,'128000'),(25,40,3,'400000'),(26,40,5,'250000'),(27,41,1,'140500'),(37,53,1,'761900'),(38,54,1,'319000'),(39,55,1,'128500'),(40,56,1,'69000'),(41,57,1,'22000'),(42,58,1,'66000'),(43,59,1,'23000'),(44,60,1,'62700'),(45,61,1,'43900'),(46,62,1,'110800'),(47,63,1,'64800'),(48,64,1,'66900'),(49,65,1,'133800'),(50,66,1,'66900'),(51,67,1,'66900'),(52,68,1,'66900'),(53,69,1,'66900'),(54,70,1,'85700'),(55,71,1,'62700'),(56,72,1,'1491700'),(57,76,1,'7200'),(58,93,1,'213900'),(59,94,1,'213900'),(60,95,1,'213900'),(61,98,1,'922000'),(62,102,1,'213900'),(63,103,1,'922000'),(64,104,1,'18500'),(65,107,1,'213900'),(66,109,1,'10000'),(67,110,1,'18500'),(68,116,1,'18500'),(69,117,1,'922000'),(70,118,1,'598000'),(71,119,1,'268500'),(72,120,1,'18500'),(73,121,1,'18500'),(74,122,1,'120500'),(75,123,1,'18500'),(76,126,1,'18500'),(77,127,1,'10000'),(78,128,1,'18500'),(79,129,1,'18500'),(80,130,1,'11500'),(81,131,1,'156000'),(82,132,1,'360000'),(83,133,1,'360000'),(84,134,1,'180000'),(85,135,1,'180000'),(86,136,1,'540000'),(87,138,1,'198500'),(88,140,1,'180000'),(89,142,1,'180000'),(90,144,1,'180000'),(91,146,1,'180000'),(92,148,1,'180000'),(93,150,1,'180000'),(94,152,1,'211000'),(95,154,1,'180000'),(96,155,1,'134500'),(97,155,2,'45500'),(98,156,1,'88900'),(99,157,1,'6000000'),(100,158,1,'800'),(101,159,1,'800'),(102,160,1,'800'),(103,161,1,'800'),(104,162,1,'800'),(105,163,1,'800'),(106,164,1,'800'),(107,165,1,'800'),(108,166,1,'800'),(112,172,1,'800'),(113,173,1,'1540000'),(114,174,1,'1400'),(115,175,1,'1700'),(116,176,1,'1160'),(117,177,1,'919'),(118,178,1,'800'),(119,179,1,'800'),(120,180,1,'800'),(121,181,1,'800'),(122,182,1,'800'),(123,183,1,'1600'),(124,184,1,'800'),(125,185,1,'800'),(126,186,1,'800'),(127,187,1,'800'),(128,188,1,'800'),(129,189,1,'800'),(130,190,1,'800'),(131,191,1,'1300'),(134,192,1,'800'),(136,193,1,'800'),(137,194,1,'800'),(138,195,1,'800'),(139,196,1,'800'),(140,197,1,'800'),(141,198,1,'800'),(142,199,1,'800'),(143,200,1,'800'),(145,201,1,'800'),(146,202,1,'800'),(147,203,1,'800'),(148,204,1,'1775'),(149,205,1,'180000');
/*!40000 ALTER TABLE `factmediospago` ENABLE KEYS */;
UNLOCK TABLES;

--
-- Table structure for table `facturas`
--

DROP TABLE IF EXISTS `facturas`;
/*!40101 SET @saved_cs_client     = @@character_set_client */;
/*!50503 SET character_set_client = utf8mb4 */;
CREATE TABLE `facturas` (
  `id` int NOT NULL AUTO_INCREMENT,
  `id_sucursal` int DEFAULT NULL,
  `idcliente` int DEFAULT NULL,
  `idvendedor` int DEFAULT NULL,
  `idcaja` int DEFAULT NULL,
  `idconsecutivo` int DEFAULT NULL,
  `iddireccion` int DEFAULT NULL,
  `idtarifazona` int DEFAULT NULL,
  `idcierrecaja` int DEFAULT NULL,
  `num_orden` int DEFAULT NULL,
  `prefijo` varchar(45) CHARACTER SET utf8mb3 COLLATE utf8mb3_spanish_ci DEFAULT NULL,
  `num_consecutivo` int DEFAULT NULL,
  `cliente` varchar(75) CHARACTER SET utf8mb4 COLLATE utf8mb4_spanish_ci DEFAULT NULL,
  `vendedor` varchar(55) CHARACTER SET utf8mb3 COLLATE utf8mb3_unicode_ci DEFAULT NULL,
  `caja` varchar(33) CHARACTER SET utf8mb3 COLLATE utf8mb3_spanish_ci DEFAULT NULL,
  `tipofacturador` varchar(33) CHARACTER SET utf8mb3 COLLATE utf8mb3_unicode_ci DEFAULT NULL,
  `propina` decimal(11,2) DEFAULT NULL,
  `direccion` varchar(77) CHARACTER SET utf8mb3 COLLATE utf8mb3_unicode_ci DEFAULT NULL,
  `tarifazona` varchar(55) CHARACTER SET utf8mb3 COLLATE utf8mb3_unicode_ci DEFAULT NULL,
  `totalunidades` decimal(11,2) DEFAULT NULL,
  `recibido` decimal(12,2) DEFAULT NULL,
  `cambio` decimal(12,2) DEFAULT NULL,
  `transaccion` varchar(25) CHARACTER SET utf8mb3 COLLATE utf8mb3_unicode_ci DEFAULT NULL,
  `tipoventa` varchar(33) CHARACTER SET utf8mb3 COLLATE utf8mb3_unicode_ci DEFAULT NULL,
  `cotizacion` tinyint(1) DEFAULT NULL,
  `estado` varchar(11) CHARACTER SET utf8mb3 COLLATE utf8mb3_unicode_ci DEFAULT NULL,
  `cambioaventa` tinyint(1) DEFAULT NULL,
  `referencia` varchar(22) CHARACTER SET utf8mb3 COLLATE utf8mb3_unicode_ci DEFAULT NULL,
  `subtotal` decimal(12,2) DEFAULT NULL,
  `base` decimal(13,3) DEFAULT NULL,
  `valorimpuestototal` decimal(12,3) DEFAULT NULL,
  `dctox100` int DEFAULT NULL,
  `descuento` decimal(12,2) DEFAULT NULL,
  `total` decimal(12,2) DEFAULT NULL,
  `observacion` varchar(255) CHARACTER SET utf8mb3 COLLATE utf8mb3_spanish_ci DEFAULT NULL,
  `departamento` varchar(22) CHARACTER SET utf8mb3 COLLATE utf8mb3_unicode_ci DEFAULT NULL,
  `ciudad` varchar(22) CHARACTER SET utf8mb3 COLLATE utf8mb3_unicode_ci DEFAULT NULL,
  `entrega` varchar(11) CHARACTER SET utf8mb3 COLLATE utf8mb3_unicode_ci DEFAULT NULL,
  `valortarifa` varchar(9) CHARACTER SET utf8mb3 COLLATE utf8mb3_unicode_ci DEFAULT NULL,
  `fechacreacion` datetime DEFAULT NULL,
  `fechapago` datetime DEFAULT NULL,
  `opc1` varchar(45) CHARACTER SET utf8mb3 COLLATE utf8mb3_unicode_ci DEFAULT NULL,
  `opc2` varchar(45) CHARACTER SET utf8mb3 COLLATE utf8mb3_unicode_ci DEFAULT NULL,
  PRIMARY KEY (`id`),
  UNIQUE KEY `unique_num_orden` (`id_sucursal`,`num_orden`),
  KEY `idcierrecaja_idx` (`idcierrecaja`),
  KEY `idcliente_idx` (`idcliente`),
  KEY `iddireccion_idx` (`iddireccion`),
  KEY `idvendedor_idx` (`idvendedor`),
  KEY `idconsecutivo_idx` (`idconsecutivo`),
  KEY `fechapago_idx` (`fechapago`),
  CONSTRAINT `id_consecutivo` FOREIGN KEY (`idconsecutivo`) REFERENCES `consecutivos` (`id`) ON UPDATE CASCADE,
  CONSTRAINT `id_sucursalx` FOREIGN KEY (`id_sucursal`) REFERENCES `sucursales` (`id`) ON UPDATE CASCADE,
  CONSTRAINT `idcierrecajax` FOREIGN KEY (`idcierrecaja`) REFERENCES `cierrescajas` (`id`) ON UPDATE CASCADE,
  CONSTRAINT `idclientex` FOREIGN KEY (`idcliente`) REFERENCES `clientes` (`id`) ON DELETE SET NULL ON UPDATE CASCADE,
  CONSTRAINT `iddireccionx` FOREIGN KEY (`iddireccion`) REFERENCES `direcciones` (`id`) ON DELETE SET NULL ON UPDATE CASCADE,
  CONSTRAINT `idvendedorx` FOREIGN KEY (`idvendedor`) REFERENCES `usuarios` (`id`) ON DELETE SET NULL ON UPDATE CASCADE
) ENGINE=InnoDB AUTO_INCREMENT=206 DEFAULT CHARSET=utf8mb4 COLLATE=utf8mb4_unicode_ci;
/*!40101 SET character_set_client = @saved_cs_client */;

--
-- Dumping data for table `facturas`
--

LOCK TABLES `facturas` WRITE;
/*!40000 ALTER TABLE `facturas` DISABLE KEYS */;
INSERT INTO `facturas` VALUES (1,1,1,1,1,1,1,0,1,1,NULL,NULL,'N/A','Julian Rodriguez','Caja principal','Facturacion POS',NULL,'-Seleccionar-',NULL,2.00,NULL,NULL,NULL,'Contado',0,'Paga',0,NULL,427800.00,427800.000,0.000,0,0.00,427800.00,NULL,NULL,NULL,'Presencial','0','2025-08-22 02:08:52','2025-08-22 02:08:52',NULL,NULL),(2,1,1,1,1,1,1,0,1,2,NULL,NULL,'N/A','Julian Rodriguez','Caja principal','Facturacion POS',NULL,'-Seleccionar-',NULL,1.00,NULL,NULL,NULL,'Contado',0,'Paga',0,NULL,922000.00,922000.000,0.000,0,0.00,922000.00,NULL,NULL,NULL,'Presencial','0','2025-08-24 06:05:48','2025-08-24 06:05:48',NULL,NULL),(3,1,17,1,1,1,5,0,1,3,NULL,NULL,'Ana Rincon','Julian Rodriguez','Caja principal','Facturacion POS',NULL,'Barrio Simon bolivar mz C casa 3',NULL,2.00,NULL,NULL,NULL,'Contado',0,'Paga',0,NULL,28500.00,28500.000,0.000,0,0.00,28500.00,NULL,NULL,'Calarca','Presencial','0','2025-08-24 06:07:08','2025-08-24 06:07:08',NULL,NULL),(4,1,24,1,1,1,2,0,1,4,NULL,NULL,'Robert Salamanca','Julian Rodriguez','Caja principal','Facturacion POS',NULL,'Cr 15 #15-51',NULL,3.00,NULL,NULL,NULL,'Contado',1,'Guardado',0,NULL,200000.00,200000.000,0.000,0,0.00,200000.00,NULL,NULL,'Armenia','Presencial','0','2025-08-29 06:07:23','2025-08-29 06:07:23',NULL,NULL),(5,1,24,1,1,1,2,0,1,5,NULL,NULL,'Robert Salamanca','Julian Rodriguez','Caja principal','Facturacion POS',NULL,'Cr 15 #15-51',NULL,3.00,NULL,NULL,NULL,'Contado',1,'Guardado',0,NULL,200000.00,200000.000,0.000,0,0.00,200000.00,NULL,NULL,'Armenia','Presencial','0','2025-08-30 06:07:37','2025-08-30 06:07:37',NULL,NULL),(6,1,24,1,1,1,2,0,1,6,NULL,NULL,'Robert Salamanca','Julian Rodriguez','Caja principal','Facturacion POS',NULL,'Cr 15 #15-51',NULL,3.00,NULL,NULL,NULL,'Contado',0,'Paga',0,NULL,200000.00,200000.000,0.000,0,0.00,200000.00,NULL,NULL,'Armenia','Presencial','0','2025-09-02 06:11:21','2025-09-02 06:11:21',NULL,NULL),(7,1,24,1,1,1,2,0,1,7,NULL,NULL,'Robert Salamanca','Julian Rodriguez','Caja principal','Facturacion POS',NULL,'Cr 15 #15-51',NULL,3.00,NULL,NULL,NULL,'Contado',1,'Guardado',0,NULL,200000.00,200000.000,0.000,0,0.00,200000.00,NULL,NULL,'Armenia','Presencial','0','2025-09-04 06:11:44','2025-09-04 06:11:44',NULL,NULL),(8,1,24,1,1,1,2,0,1,8,NULL,NULL,'Robert Salamanca','Julian Rodriguez','Caja principal','Facturacion POS',NULL,'Cr 15 #15-51',NULL,3.00,NULL,NULL,NULL,'Contado',1,'Guardado',0,NULL,200000.00,200000.000,0.000,0,0.00,200000.00,NULL,NULL,'Armenia','Presencial','0','2025-09-14 06:13:40','2025-09-14 06:13:40',NULL,NULL),(9,1,24,1,1,1,2,0,1,9,NULL,NULL,'Robert Salamanca','Julian Rodriguez','Caja principal','Facturacion POS',NULL,'Cr 15 #15-51',NULL,3.00,NULL,NULL,NULL,'Contado',1,'Guardado',0,NULL,200000.00,200000.000,0.000,0,0.00,200000.00,NULL,NULL,'Armenia','Presencial','0','2025-09-15 06:15:44','2025-09-15 06:15:44',NULL,NULL),(10,1,26,1,1,1,9,0,1,10,NULL,NULL,'maletero beltran','Julian Rodriguez','Caja principal','Facturacion POS',NULL,'avenida 35 calle 85',NULL,7.00,NULL,NULL,NULL,'Contado',1,'Aceptada',1,'11',774900.00,774900.000,0.000,0,0.00,774900.00,NULL,NULL,'Bogota','Presencial','0','2025-09-21 06:18:03','2025-09-21 06:18:03',NULL,NULL),(11,1,6,1,1,1,6,0,1,11,NULL,NULL,'Steven Morales','Julian Rodriguez','Caja principal','Facturacion POS',NULL,'Barrio el placer Mz J casa 3',NULL,7.00,NULL,NULL,NULL,'Contado',0,'Paga',1,'10',774900.00,774900.000,0.000,0,0.00,774900.00,NULL,NULL,'Armenia','Presencial','0','2025-09-22 06:18:03','2025-09-22 06:18:03',NULL,NULL),(12,1,1,1,1,1,1,0,1,12,NULL,5,'N/A','Julian Rodriguez','Caja principal','Facturacion POS',NULL,'-Seleccionar-',NULL,3.00,NULL,NULL,NULL,'Contado',0,'Paga',0,NULL,400000.00,400000.000,0.000,0,0.00,400000.00,NULL,NULL,NULL,'Presencial','0','2025-09-24 06:27:30','2025-09-24 06:27:30',NULL,NULL),(13,1,1,1,1,1,1,0,1,13,NULL,NULL,'N/A','Julian Rodriguez','Caja principal','Facturacion POS',NULL,'Almacen',NULL,3.00,NULL,NULL,NULL,'Contado',1,'Aceptada',1,'14',1386600.00,1386600.000,0.000,0,0.00,1386600.00,NULL,NULL,'Armenia','Presencial','0','2025-09-24 06:27:56','2025-09-24 06:27:56',NULL,NULL),(14,1,1,1,1,1,1,0,1,14,NULL,6,'N/A','Julian Rodriguez','Caja principal','Facturacion POS',NULL,'Almacen',NULL,3.00,NULL,NULL,NULL,'Contado',0,'Paga',1,'13',1386600.00,1386600.000,0.000,0,0.00,1386600.00,NULL,NULL,'Armenia','Presencial','0','2025-09-24 06:27:56','2025-09-24 06:27:56',NULL,NULL),(15,1,1,1,1,1,1,0,2,15,NULL,7,'N/A','Julian Rodriguez','Caja principal','Facturacion POS',0.00,'-Seleccionar-',NULL,7.00,NULL,0.00,NULL,'Contado',0,'Paga',0,NULL,2292400.00,2292400.000,0.000,0,0.00,2292400.00,NULL,NULL,NULL,'Presencial','0','2025-09-25 17:01:46','2025-09-25 17:01:46',NULL,NULL),(16,1,1,1,1,1,1,0,2,16,NULL,8,'N/A','Julian Rodriguez','Caja principal','Facturacion POS',0.00,'-Seleccionar-',NULL,4.00,NULL,0.00,NULL,'Contado',0,'Paga',0,NULL,380000.00,380000.000,0.000,0,0.00,380000.00,NULL,NULL,NULL,'Presencial','0','2025-09-28 07:00:02','2025-09-28 07:00:02',NULL,NULL),(17,1,1,1,1,1,1,0,3,17,NULL,9,'N/A','Julian Rodriguez','Caja principal','Facturacion POS',0.00,'-Seleccionar-',NULL,6.00,NULL,0.00,NULL,'Contado',0,'Eliminada',0,NULL,2209000.00,2209000.000,0.000,0,0.00,2209000.00,NULL,NULL,NULL,'Presencial','0','2025-09-28 07:00:25','2025-09-28 07:00:25',NULL,NULL),(18,1,1,1,1,1,1,0,3,18,NULL,10,'N/A','Julian Rodriguez','Caja principal','Facturacion POS',0.00,'-Seleccionar-',NULL,3.00,NULL,0.00,NULL,'Contado',0,'Paga',0,NULL,30000.00,30000.000,0.000,0,0.00,30000.00,NULL,NULL,NULL,'Presencial','0','2025-09-28 22:28:10','2025-09-28 22:28:10',NULL,NULL),(19,1,1,1,1,1,1,0,3,19,NULL,11,'N/A','Julian Rodriguez','Caja principal','Facturacion POS',0.00,'-Seleccionar-',NULL,4.00,NULL,0.00,NULL,'Contado',0,'Paga',0,NULL,170000.00,170000.000,0.000,0,0.00,170000.00,NULL,NULL,NULL,'Presencial','0','2025-09-28 22:28:03','2025-09-28 22:28:03',NULL,NULL),(20,1,1,1,1,1,1,0,3,20,NULL,12,'N/A','Julian Rodriguez','Caja principal','Facturacion POS',0.00,'-Seleccionar-',NULL,1.00,NULL,0.00,NULL,'Contado',0,'Paga',0,NULL,10000.00,10000.000,0.000,0,0.00,10000.00,NULL,NULL,NULL,'Presencial','0','2025-09-29 03:28:40','2025-09-29 03:28:40',NULL,NULL),(21,1,1,1,1,1,1,0,3,21,NULL,13,'N/A','Julian Rodriguez','Caja principal','Facturacion POS',0.00,'-Seleccionar-',NULL,2.00,NULL,0.00,NULL,'Contado',0,'Paga',0,NULL,20000.00,20000.000,0.000,0,0.00,20000.00,NULL,NULL,NULL,'Presencial','0','2025-09-28 22:29:13','2025-09-28 22:29:13',NULL,NULL),(22,1,1,1,1,1,1,0,3,22,NULL,14,'N/A','Julian Rodriguez','Caja principal','Facturacion POS',0.00,'-Seleccionar-',NULL,3.00,NULL,0.00,NULL,'Contado',0,'Paga',0,NULL,217000.00,217000.000,0.000,0,0.00,217000.00,NULL,NULL,NULL,'Presencial','0','2025-09-28 22:42:23','2025-09-28 22:42:23',NULL,NULL),(23,1,1,1,1,1,1,0,3,23,NULL,15,'N/A','Julian Rodriguez','Caja principal','Facturacion POS',0.00,'-Seleccionar-',NULL,2.00,NULL,0.00,NULL,'Contado',0,'Eliminada',0,NULL,253000.00,253000.000,0.000,0,0.00,253000.00,NULL,NULL,NULL,'Presencial','0','2025-09-28 22:46:21','2025-09-28 22:46:21',NULL,NULL),(24,1,15,1,1,1,NULL,0,3,24,NULL,16,'Luisa Fernanda Marin Escobar','Julian Rodriguez','Caja principal','Facturacion POS',0.00,NULL,NULL,2.00,NULL,0.00,NULL,'Contado',0,'Paga',0,NULL,393900.00,393900.000,0.000,0,0.00,393900.00,NULL,NULL,'No especificado','Presencial','0','2025-09-29 22:37:00','2025-09-29 22:37:00',NULL,NULL),(25,1,1,1,1,1,1,0,3,25,NULL,NULL,'N/A','Julian Rodriguez','Caja principal','Facturacion POS',0.00,'-Seleccionar-',NULL,1.00,NULL,0.00,NULL,'Contado',1,'Eliminada',0,NULL,18500.00,18500.000,0.000,0,0.00,18500.00,NULL,NULL,NULL,'Presencial','0','2025-09-29 23:10:42','2025-09-29 23:10:42',NULL,NULL),(26,1,1,1,1,1,1,0,3,26,NULL,NULL,'N/A','Julian Rodriguez','Caja principal','Facturacion POS',0.00,'-Seleccionar-',NULL,2.00,NULL,0.00,NULL,'Contado',1,'Eliminada',0,NULL,260000.00,260000.000,0.000,0,0.00,260000.00,NULL,NULL,NULL,'Presencial','0','2025-09-29 23:24:14','2025-09-29 23:24:14',NULL,NULL),(27,1,1,1,1,1,1,0,4,27,'FAP',17,'N/A','Julian Rodriguez','Caja principal','Facturacion POS',0.00,'-Seleccionar-',NULL,2.00,NULL,0.00,NULL,'Contado',0,'Paga',0,NULL,393900.00,393900.000,0.000,0,0.00,393900.00,NULL,NULL,NULL,'Presencial','0','2025-10-04 19:22:20','2025-10-04 19:22:20',NULL,NULL),(28,1,1,1,1,1,1,0,4,28,'FAP',18,'N/A','Julian Rodriguez','Caja principal','Facturacion POS',0.00,'-Seleccionar-',NULL,1.00,NULL,0.00,NULL,'Contado',0,'Paga',0,NULL,922000.00,922000.000,0.000,0,0.00,922000.00,NULL,NULL,NULL,'Presencial','0','2025-10-04 19:22:56','2025-10-04 19:22:56',NULL,NULL),(29,1,1,1,1,1,1,0,4,29,NULL,NULL,'N/A','Julian Rodriguez','Caja principal','Facturacion POS',0.00,'-Seleccionar-',NULL,1.00,NULL,0.00,NULL,'Contado',1,'Eliminada',0,NULL,180000.00,180000.000,0.000,0,0.00,180000.00,NULL,NULL,NULL,'Presencial','0','2025-10-04 19:24:25','2025-10-04 19:24:25',NULL,NULL),(30,1,1,1,1,1,1,0,4,30,NULL,NULL,'N/A','Julian Rodriguez','Caja principal','Facturacion POS',0.00,'-Seleccionar-',NULL,2.00,NULL,0.00,NULL,'Contado',1,'Eliminada',0,NULL,360000.00,360000.000,0.000,0,0.00,360000.00,NULL,NULL,NULL,'Presencial','0','2025-10-04 19:37:08','2025-10-04 19:37:08',NULL,NULL),(31,1,1,1,1,1,1,0,4,31,NULL,NULL,'N/A','Julian Rodriguez','Caja principal','Facturacion POS',0.00,'Almacen',NULL,4.00,NULL,0.00,NULL,NULL,1,'Guardado',0,NULL,431000.00,390924.370,40075.630,0,0.00,431000.00,NULL,NULL,'Armenia','Presencial','0','2025-10-04 19:41:44','2025-10-04 19:41:44',NULL,NULL),(32,1,1,1,1,1,1,0,4,32,'FAP',19,'N/A','Julian Rodriguez','Caja principal','Facturacion POS',0.00,'-Seleccionar-',NULL,1.00,NULL,0.00,NULL,'Contado',0,'Eliminada',0,NULL,140000.00,117647.059,22352.941,0,0.00,140000.00,NULL,NULL,NULL,'Presencial','0','2025-10-04 19:52:27','2025-10-04 19:52:27',NULL,NULL),(33,1,1,1,1,1,1,0,4,33,'FAP',20,'N/A','Julian Rodriguez','Caja principal','Facturacion POS',0.00,'-Seleccionar-',NULL,2.00,NULL,0.00,NULL,'Contado',0,'Eliminada',0,NULL,320000.00,268907.563,51092.437,0,0.00,320000.00,NULL,NULL,NULL,'Presencial','0','2025-10-04 19:58:59','2025-10-04 19:58:59',NULL,NULL),(34,1,1,1,1,1,1,0,4,34,'FAP',21,'N/A','Julian Rodriguez','Caja principal','Facturacion POS',0.00,'-Seleccionar-',NULL,2.00,NULL,0.00,NULL,'Contado',0,'Eliminada',0,NULL,627000.00,526890.756,100109.244,0,0.00,627000.00,NULL,NULL,NULL,'Presencial','0','2025-10-04 20:01:13','2025-10-04 20:01:13',NULL,NULL),(35,1,1,1,1,1,1,0,4,35,'FAP',22,'N/A','Julian Rodriguez','Caja principal','Facturacion POS',0.00,'-Seleccionar-',NULL,2.00,NULL,0.00,NULL,'Credito',0,'Paga',0,NULL,627000.00,526890.756,100109.244,0,0.00,627000.00,NULL,NULL,NULL,'Presencial','0','2025-10-04 21:23:07','2025-10-04 21:23:07',NULL,NULL),(36,1,1,1,1,1,1,0,4,36,'FAP',23,'N/A','Julian Rodriguez','Caja principal','Facturacion POS',0.00,'-Seleccionar-',NULL,1.00,NULL,0.00,NULL,'Contado',0,'Paga',0,NULL,180000.00,151260.504,28739.496,0,0.00,180000.00,NULL,NULL,NULL,'Presencial','0','2025-10-14 01:10:45','2025-10-14 01:10:45',NULL,NULL),(37,1,1,1,1,1,1,0,4,37,'FAP',24,'N/A','Julian Rodriguez','Caja principal','Facturacion POS',0.00,'-Seleccionar-',NULL,2.00,NULL,0.00,NULL,'Contado',0,'Paga',0,NULL,450000.00,450000.000,0.000,0,0.00,450000.00,NULL,NULL,NULL,'Presencial','0','2025-10-14 01:13:02','2025-10-14 01:13:02',NULL,NULL),(38,1,1,1,1,1,1,0,4,38,'FAP',25,'N/A','Julian Rodriguez','Caja principal','Facturacion POS',0.00,'-Seleccionar-',NULL,3.00,NULL,0.00,NULL,'Contado',0,'Paga',0,NULL,675000.00,675000.000,0.000,0,0.00,675000.00,NULL,NULL,NULL,'Presencial','0','2025-10-14 01:13:20','2025-10-14 01:13:20',NULL,NULL),(39,1,1,1,1,1,1,0,4,39,'FAP',26,'N/A','Julian Rodriguez','Caja principal','Facturacion POS',0.00,'-Seleccionar-',NULL,3.00,NULL,0.00,NULL,'Contado',0,'Paga',0,NULL,248000.00,242092.437,5907.563,0,0.00,248000.00,NULL,NULL,NULL,'Presencial','0','2025-10-19 12:09:12','2025-10-19 12:09:12',NULL,NULL),(40,1,1,1,1,1,1,0,4,40,'FAP',27,'N/A','Julian Rodriguez','Caja principal','Facturacion POS',0.00,'-Seleccionar-',NULL,2.00,NULL,0.00,NULL,'Contado',0,'Paga',0,NULL,778000.00,682521.008,95478.992,0,0.00,778000.00,NULL,NULL,NULL,'Presencial','0','2025-10-19 12:10:04','2025-10-19 12:10:04',NULL,NULL),(41,1,1,1,1,1,1,0,4,41,'FAP',28,'N/A','Julian Rodriguez','Caja principal','Facturacion POS',0.00,'-Seleccionar-',NULL,3.00,NULL,0.00,NULL,'Contado',0,'Paga',0,NULL,140500.00,118067.227,22432.773,0,0.00,140500.00,NULL,NULL,NULL,'Presencial','0','2025-10-19 18:04:00','2025-10-19 18:04:00',NULL,NULL),(42,1,1,1,1,1,1,0,4,42,NULL,NULL,'N/A','Julian Rodriguez','Caja principal','Facturacion POS',0.00,'-Seleccionar-',NULL,2.00,NULL,0.00,NULL,NULL,1,'Guardado',0,NULL,1133000.00,1005827.586,127172.414,0,0.00,1133000.00,NULL,NULL,NULL,'Presencial','0','2025-10-19 18:19:51','2025-10-19 18:19:51',NULL,NULL),(43,1,1,1,1,1,1,0,4,43,NULL,NULL,'N/A','Julian Rodriguez','Caja principal','Facturacion POS',0.00,'Almacen',NULL,3.00,NULL,0.00,NULL,NULL,1,'Guardado',0,NULL,448500.00,405630.252,42869.748,0,0.00,448500.00,NULL,NULL,'Armenia','Presencial','0','2025-10-19 18:20:04','2025-10-19 18:20:04',NULL,NULL),(44,1,1,1,1,1,1,0,4,44,NULL,NULL,'N/A','Julian Rodriguez','Caja principal','Facturacion POS',0.00,'-Seleccionar-',NULL,2.00,NULL,0.00,NULL,NULL,1,'Aceptada',1,'63',1133000.00,1005827.586,127172.414,0,0.00,1133000.00,NULL,NULL,NULL,'Presencial','0','2025-10-19 18:20:23','2025-10-19 18:20:23',NULL,NULL),(53,1,1,1,1,1,1,0,4,45,'FAP',29,'N/A','Julian Rodriguez','Caja principal','Facturacion POS',0.00,'-Seleccionar-',NULL,2.00,NULL,0.00,NULL,'Contado',0,'Paga',0,NULL,811900.00,716421.008,95478.992,6,50000.00,761900.00,NULL,NULL,NULL,'Presencial','0','2025-10-21 01:03:03','2025-10-21 01:03:03',NULL,NULL),(54,2,1,1,2,4,1,0,10,1,'POS',1,'N/A','Julian Rodriguez','Caja principal','Factura POS',0.00,'-Seleccionar-',NULL,3.00,NULL,0.00,NULL,'Contado',0,'Paga',0,NULL,319000.00,268067.227,50932.773,0,0.00,319000.00,NULL,NULL,NULL,'Presencial','0','2025-10-21 19:23:01','2025-10-21 19:23:01',NULL,NULL),(55,1,1,1,1,1,1,0,4,46,'FAP',30,'N/A','Julian Rodriguez','Caja principal','Facturacion POS',0.00,'-Seleccionar-',NULL,10.00,NULL,0.00,NULL,'Contado',0,'Paga',0,NULL,128500.00,107983.193,20516.807,0,0.00,128500.00,NULL,NULL,NULL,'Presencial','0','2025-10-22 22:47:23','2025-10-22 22:47:23',NULL,NULL),(56,1,1,1,1,1,1,0,4,47,'FAP',31,'N/A','Julian Rodriguez','Caja principal','Facturacion POS',0.00,'-Seleccionar-',NULL,3.00,NULL,0.00,NULL,'Contado',0,'Paga',0,NULL,69000.00,57983.193,11016.807,0,0.00,69000.00,NULL,NULL,NULL,'Presencial','0','2025-10-22 22:48:15','2025-10-22 22:48:15',NULL,NULL),(57,1,1,1,1,1,1,0,4,48,'FAP',32,'N/A','Julian Rodriguez','Caja principal','Facturacion POS',0.00,'Almacen',NULL,1.00,NULL,0.00,NULL,'Contado',0,'Paga',0,NULL,22000.00,18487.395,3512.605,0,0.00,22000.00,NULL,NULL,'Armenia','Presencial','0','2025-10-22 22:48:44','2025-10-22 22:48:44',NULL,NULL),(58,1,1,1,1,1,1,0,4,49,'FAP',33,'N/A','Julian Rodriguez','Caja principal','Facturacion POS',0.00,'Almacen',NULL,3.00,NULL,0.00,NULL,'Contado',0,'Paga',0,NULL,66000.00,55462.185,10537.815,0,0.00,66000.00,NULL,NULL,'Armenia','Presencial','0','2025-10-22 22:49:10','2025-10-22 22:49:10',NULL,NULL),(59,1,1,1,1,1,1,0,4,50,'FAP',34,'N/A','Julian Rodriguez','Caja principal','Facturacion POS',0.00,'-Seleccionar-',NULL,2.00,NULL,0.00,NULL,'Contado',0,'Paga',0,NULL,23000.00,19327.731,3672.269,0,0.00,23000.00,NULL,NULL,NULL,'Presencial','0','2025-10-22 22:50:39','2025-10-22 22:50:39',NULL,NULL),(60,1,1,1,1,1,1,0,4,51,'FAP',35,'N/A','Julian Rodriguez','Caja principal','Facturacion POS',0.00,'-Seleccionar-',NULL,3.00,NULL,0.00,NULL,'Contado',0,'Paga',0,NULL,62700.00,52689.076,10010.924,0,0.00,62700.00,NULL,NULL,NULL,'Presencial','0','2025-10-22 23:03:49','2025-10-22 23:03:49',NULL,NULL),(61,1,1,1,1,1,1,0,4,52,'FAP',36,'N/A','Julian Rodriguez','Caja principal','Facturacion POS',0.00,'-Seleccionar-',NULL,2.00,NULL,0.00,NULL,'Contado',0,'Paga',0,NULL,43900.00,36890.756,7009.244,0,0.00,43900.00,NULL,NULL,NULL,'Presencial','0','2025-10-22 23:05:21','2025-10-22 23:05:21',NULL,NULL),(62,1,1,1,1,1,1,0,4,53,'FAP',37,'N/A','Julian Rodriguez','Caja principal','Facturacion POS',0.00,'-Seleccionar-',NULL,5.00,NULL,0.00,NULL,'Contado',0,'Paga',0,NULL,110800.00,93109.244,17690.756,0,0.00,110800.00,NULL,NULL,NULL,'Presencial','0','2025-10-23 00:11:33','2025-10-23 00:11:33',NULL,NULL),(63,1,1,1,1,1,1,0,4,54,'FAP',38,'N/A','Julian Rodriguez','Caja principal','Facturacion POS',0.00,'Almacen',NULL,3.00,NULL,0.00,NULL,'Contado',0,'Paga',0,NULL,64800.00,54453.782,10346.218,0,0.00,64800.00,NULL,NULL,'Armenia','Presencial','0','2025-10-23 00:13:39','2025-10-23 00:13:39',NULL,NULL),(64,1,1,1,1,1,1,0,4,55,'FAP',39,'N/A','Julian Rodriguez','Caja principal','Facturacion POS',0.00,'Almacen',NULL,3.00,NULL,0.00,NULL,'Contado',0,'Paga',0,NULL,66900.00,56218.487,10681.513,0,0.00,66900.00,NULL,NULL,'Armenia','Presencial','0','2025-10-23 00:14:03','2025-10-23 00:14:03',NULL,NULL),(65,1,1,1,1,1,1,0,4,56,'FAP',40,'N/A','Julian Rodriguez','Caja principal','Facturacion POS',0.00,'-Seleccionar-',NULL,6.00,NULL,0.00,NULL,'Contado',0,'Paga',0,NULL,133800.00,112436.975,21363.025,0,0.00,133800.00,NULL,NULL,NULL,'Presencial','0','2025-10-23 00:59:52','2025-10-23 00:59:52',NULL,NULL),(66,1,1,1,1,1,1,0,4,57,'FAP',41,'N/A','Julian Rodriguez','Caja principal','Facturacion POS',0.00,'Almacen',NULL,3.00,NULL,0.00,NULL,'Contado',0,'Paga',0,NULL,66900.00,56218.487,10681.513,0,0.00,66900.00,NULL,NULL,'Armenia','Presencial','0','2025-10-23 01:00:39','2025-10-23 01:00:39',NULL,NULL),(67,1,1,1,1,1,1,0,4,58,'FAP',42,'N/A','Julian Rodriguez','Caja principal','Facturacion POS',0.00,'-Seleccionar-',NULL,3.00,NULL,0.00,NULL,'Contado',0,'Paga',0,NULL,66900.00,56218.487,10681.513,0,0.00,66900.00,NULL,NULL,NULL,'Presencial','0','2025-10-23 01:25:21','2025-10-23 01:25:21',NULL,NULL),(68,1,1,1,1,1,1,0,4,59,'FAP',43,'N/A','Julian Rodriguez','Caja principal','Facturacion POS',0.00,'-Seleccionar-',NULL,3.00,NULL,0.00,NULL,'Contado',0,'Paga',0,NULL,66900.00,56218.487,10681.513,0,0.00,66900.00,NULL,NULL,NULL,'Presencial','0','2025-10-23 01:26:30','2025-10-23 01:26:30',NULL,NULL),(69,1,1,1,1,1,1,0,4,60,'FAP',44,'N/A','Julian Rodriguez','Caja principal','Facturacion POS',0.00,'-Seleccionar-',NULL,3.00,NULL,0.00,NULL,'Contado',0,'Paga',0,NULL,66900.00,56218.487,10681.513,0,0.00,66900.00,NULL,NULL,NULL,'Presencial','0','2025-10-23 01:29:41','2025-10-23 01:29:41',NULL,NULL),(70,1,1,1,1,1,1,0,4,61,'FAP',45,'N/A','Julian Rodriguez','Caja principal','Facturacion POS',0.00,'-Seleccionar-',NULL,4.00,NULL,0.00,NULL,'Contado',0,'Paga',0,NULL,85700.00,72016.807,13683.193,0,0.00,85700.00,NULL,NULL,NULL,'Presencial','0','2025-10-23 01:30:49','2025-10-23 01:30:49',NULL,NULL),(71,1,1,1,1,1,1,0,4,62,'FAP',46,'N/A','Julian Rodriguez','Caja principal','Facturacion POS',0.00,'-Seleccionar-',NULL,3.00,NULL,0.00,NULL,'Contado',0,'Paga',0,NULL,62700.00,52689.076,10010.924,0,0.00,62700.00,NULL,NULL,NULL,'Presencial','0','2025-10-23 01:31:24','2025-10-23 01:31:24',NULL,NULL),(72,1,1,1,1,1,1,0,4,63,'FAP',47,'N/A','Julian Rodriguez','Caja principal','Facturacion POS',0.00,'Almacen',NULL,8.00,NULL,0.00,NULL,'Contado',0,'Paga',1,'44',1491700.00,1307256.158,184443.842,0,0.00,1491700.00,NULL,NULL,'Armenia','Presencial','0','2025-10-19 18:20:23','2025-10-19 18:20:23',NULL,NULL),(73,1,1,1,1,1,1,0,4,64,'FAP',48,'N/A','Julian Rodriguez','Caja principal','Facturacion POS',0.00,'-Seleccionar-',NULL,1.00,NULL,0.00,NULL,'Contado',0,'Paga',0,NULL,200.00,200.000,0.000,0,0.00,200.00,NULL,NULL,NULL,'Presencial','0','2025-10-26 12:30:44','2025-10-26 12:30:44',NULL,NULL),(74,1,1,1,1,1,1,0,4,65,'FAP',49,'N/A','Julian Rodriguez','Caja principal','Facturacion POS',0.00,'-Seleccionar-',NULL,1.00,NULL,0.00,NULL,'Contado',0,'Paga',0,NULL,200.00,200.000,0.000,0,0.00,200.00,NULL,NULL,NULL,'Presencial','0','2025-10-26 12:31:22','2025-10-26 12:31:22',NULL,NULL),(75,1,1,1,1,1,1,0,4,66,'FAP',50,'N/A','Julian Rodriguez','Caja principal','Facturacion POS',0.00,'-Seleccionar-',NULL,1.00,NULL,0.00,NULL,'Contado',0,'Paga',0,NULL,200.00,200.000,0.000,0,0.00,200.00,NULL,NULL,NULL,'Presencial','0','2025-10-26 12:34:37','2025-10-26 12:34:37',NULL,NULL),(76,1,1,1,1,1,1,0,4,67,'FAP',51,'N/A','Julian Rodriguez','Caja principal','Facturacion POS',0.00,'-Seleccionar-',NULL,3.00,NULL,0.00,NULL,'Contado',0,'Paga',0,NULL,7200.00,7200.000,0.000,0,0.00,7200.00,NULL,NULL,NULL,'Presencial','0','2025-10-26 12:49:54','2025-10-26 12:49:54',NULL,NULL),(93,1,1,1,1,8,1,0,4,68,'FE',1,'N/A','Julian Rodriguez','Caja principal','Electronica FE',0.00,'-Seleccionar-',NULL,1.00,NULL,0.00,NULL,'Contado',0,'Paga',0,NULL,213900.00,213900.000,0.000,0,0.00,213900.00,NULL,NULL,NULL,'Presencial','0','2025-11-08 13:01:10','2025-11-08 13:01:10',NULL,NULL),(94,1,1,1,1,1,1,0,4,69,'FAP',52,'N/A','Julian Rodriguez','Caja principal','Facturacion POS',0.00,'-Seleccionar-',NULL,1.00,NULL,0.00,NULL,'Contado',0,'Paga',0,NULL,213900.00,213900.000,0.000,0,0.00,213900.00,NULL,NULL,NULL,'Presencial','0','2025-11-08 13:13:35','2025-11-08 13:13:35',NULL,NULL),(95,1,1,1,1,1,1,0,4,70,'FAP',53,'N/A','Julian Rodriguez','Caja principal','Facturacion POS',0.00,'Almacen',NULL,1.00,NULL,0.00,NULL,'Contado',0,'Paga',0,NULL,213900.00,213900.000,0.000,0,0.00,213900.00,NULL,NULL,'Armenia','Presencial','0','2025-11-08 13:14:14','2025-11-08 13:14:14',NULL,NULL),(96,1,1,1,1,1,1,0,4,71,'FAP',54,'N/A','Julian Rodriguez','Caja principal','Facturacion POS',0.00,'Almacen',NULL,1.00,NULL,0.00,NULL,'Contado',0,'Paga',0,NULL,922000.00,922000.000,0.000,0,0.00,922000.00,NULL,NULL,'Armenia','Presencial','0','2025-11-08 13:15:05','2025-11-08 13:15:05',NULL,NULL),(97,1,1,1,1,1,1,0,4,72,'FAP',55,'N/A','Julian Rodriguez','Caja principal','Facturacion POS',0.00,'Almacen',NULL,1.00,NULL,0.00,NULL,'Contado',0,'Paga',0,NULL,922000.00,922000.000,0.000,0,0.00,922000.00,NULL,NULL,'Armenia','Presencial','0','2025-11-08 13:15:28','2025-11-08 13:15:28',NULL,NULL),(98,1,1,1,1,1,1,0,4,73,'FAP',56,'N/A','Julian Rodriguez','Caja principal','Facturacion POS',0.00,'Almacen',NULL,1.00,NULL,0.00,NULL,'Contado',0,'Paga',0,NULL,922000.00,922000.000,0.000,0,0.00,922000.00,NULL,NULL,'Armenia','Presencial','0','2025-11-08 13:15:57','2025-11-08 13:15:57',NULL,NULL),(99,1,1,1,1,8,1,0,4,74,'FE',2,'N/A','Julian Rodriguez','Caja principal','Electronica FE',0.00,'-Seleccionar-',NULL,1.00,NULL,0.00,NULL,'Contado',0,'Paga',0,NULL,213900.00,213900.000,0.000,0,0.00,213900.00,NULL,NULL,NULL,'Presencial','0','2025-11-08 13:34:05','2025-11-08 13:34:05',NULL,NULL),(100,1,1,1,1,8,1,0,4,75,'FE',3,'N/A','Julian Rodriguez','Caja principal','Electronica FE',0.00,'-Seleccionar-',NULL,1.00,NULL,0.00,NULL,'Contado',0,'Paga',0,NULL,213900.00,213900.000,0.000,0,0.00,213900.00,NULL,NULL,NULL,'Presencial','0','2025-11-08 13:34:45','2025-11-08 13:34:45',NULL,NULL),(101,1,1,1,1,8,1,0,4,76,'FE',4,'N/A','Julian Rodriguez','Caja principal','Electronica FE',0.00,'-Seleccionar-',NULL,1.00,NULL,0.00,NULL,'Contado',0,'Paga',0,NULL,213900.00,213900.000,0.000,0,0.00,213900.00,NULL,NULL,NULL,'Presencial','0','2025-11-08 13:35:04','2025-11-08 13:35:04',NULL,NULL),(102,1,1,1,1,8,1,0,4,77,'FE',5,'N/A','Julian Rodriguez','Caja principal','Electronica FE',0.00,'-Seleccionar-',NULL,1.00,NULL,0.00,NULL,'Contado',0,'Paga',0,NULL,213900.00,213900.000,0.000,0,0.00,213900.00,NULL,NULL,NULL,'Presencial','0','2025-11-08 13:35:23','2025-11-08 13:35:23',NULL,NULL),(103,1,1,1,1,1,1,0,4,78,'FAP',57,'N/A','Julian Rodriguez','Caja principal','Facturacion POS',0.00,'-Seleccionar-',NULL,1.00,NULL,0.00,NULL,'Contado',0,'Paga',0,NULL,922000.00,922000.000,0.000,0,0.00,922000.00,NULL,NULL,NULL,'Presencial','0','2025-11-08 13:36:30','2025-11-08 13:36:30',NULL,NULL),(104,1,1,1,1,1,1,0,4,79,'FAP',58,'N/A','Julian Rodriguez','Caja principal','Facturacion POS',0.00,'-Seleccionar-',NULL,1.00,NULL,0.00,NULL,'Contado',0,'Paga',0,NULL,18500.00,18500.000,0.000,0,0.00,18500.00,NULL,NULL,NULL,'Presencial','0','2025-11-08 13:37:32','2025-11-08 13:37:32',NULL,NULL),(105,1,1,1,1,8,1,0,4,80,'FE',6,'N/A','Julian Rodriguez','Caja principal','Electronica FE',0.00,'-Seleccionar-',NULL,1.00,NULL,0.00,NULL,'Contado',0,'Paga',0,NULL,213900.00,213900.000,0.000,0,0.00,213900.00,NULL,NULL,NULL,'Presencial','0','2025-11-08 13:38:10','2025-11-08 13:38:10',NULL,NULL),(106,1,1,1,1,8,1,0,4,81,'FE',7,'N/A','Julian Rodriguez','Caja principal','Electronica FE',0.00,'-Seleccionar-',NULL,1.00,NULL,0.00,NULL,'Contado',0,'Paga',0,NULL,213900.00,213900.000,0.000,0,0.00,213900.00,NULL,NULL,NULL,'Presencial','0','2025-11-08 13:38:30','2025-11-08 13:38:30',NULL,NULL),(107,1,1,1,1,8,1,0,4,82,'FE',8,'N/A','Julian Rodriguez','Caja principal','Electronica FE',0.00,'-Seleccionar-',NULL,1.00,NULL,0.00,NULL,'Contado',0,'Paga',0,NULL,213900.00,213900.000,0.000,0,0.00,213900.00,NULL,NULL,NULL,'Presencial','0','2025-11-08 13:38:49','2025-11-08 13:38:49',NULL,NULL),(108,1,1,1,1,8,1,0,4,83,'FE',9,'N/A','Julian Rodriguez','Caja principal','Electronica FE',0.00,'-Seleccionar-',NULL,1.00,NULL,0.00,NULL,'Contado',0,'Paga',0,NULL,10000.00,10000.000,0.000,0,0.00,10000.00,NULL,NULL,NULL,'Presencial','0','2025-11-08 13:39:23','2025-11-08 13:39:23',NULL,NULL),(109,1,1,1,1,8,1,0,4,84,'FE',10,'N/A','Julian Rodriguez','Caja principal','Electronica FE',0.00,'-Seleccionar-',NULL,1.00,NULL,0.00,NULL,'Contado',0,'Paga',0,NULL,10000.00,10000.000,0.000,0,0.00,10000.00,NULL,NULL,NULL,'Presencial','0','2025-11-08 13:40:05','2025-11-08 13:40:05',NULL,NULL),(110,1,1,1,1,1,1,0,4,85,'FAP',59,'N/A','Julian Rodriguez','Caja principal','Facturacion POS',0.00,'-Seleccionar-',NULL,1.00,NULL,0.00,NULL,'Contado',0,'Paga',0,NULL,18500.00,18500.000,0.000,0,0.00,18500.00,NULL,NULL,NULL,'Presencial','0','2025-11-08 13:51:58','2025-11-08 13:51:58',NULL,NULL),(111,1,1,1,1,8,1,0,4,86,'FE',11,'N/A','Julian Rodriguez','Caja principal','Electronica FE',0.00,'-Seleccionar-',NULL,1.00,NULL,0.00,NULL,'Contado',0,'Paga',0,NULL,10000.00,10000.000,0.000,0,0.00,10000.00,NULL,NULL,NULL,'Presencial','0','2025-11-08 13:53:53','2025-11-08 13:53:53',NULL,NULL),(112,1,1,1,1,8,1,0,4,87,'FE',12,'N/A','Julian Rodriguez','Caja principal','Electronica FE',0.00,'-Seleccionar-',NULL,1.00,NULL,0.00,NULL,'Contado',0,'Paga',0,NULL,10000.00,10000.000,0.000,0,0.00,10000.00,NULL,NULL,NULL,'Presencial','0','2025-11-08 13:54:07','2025-11-08 13:54:07',NULL,NULL),(113,1,1,1,1,8,1,0,4,88,'FE',13,'N/A','Julian Rodriguez','Caja principal','Electronica FE',0.00,'-Seleccionar-',NULL,1.00,NULL,0.00,NULL,'Contado',0,'Paga',0,NULL,10000.00,10000.000,0.000,0,0.00,10000.00,NULL,NULL,NULL,'Presencial','0','2025-11-08 13:54:45','2025-11-08 13:54:45',NULL,NULL),(114,1,1,1,1,8,1,0,4,89,'FE',14,'N/A','Julian Rodriguez','Caja principal','Electronica FE',0.00,'-Seleccionar-',NULL,1.00,NULL,0.00,NULL,'Contado',0,'Paga',0,NULL,10000.00,10000.000,0.000,0,0.00,10000.00,NULL,NULL,NULL,'Presencial','0','2025-11-08 14:06:42','2025-11-08 14:06:42',NULL,NULL),(116,1,1,1,1,8,1,0,4,90,'FE',15,'N/A','Julian Rodriguez','Caja principal','Electronica FE',0.00,'-Seleccionar-',NULL,1.00,NULL,0.00,NULL,'Contado',0,'Paga',0,NULL,18500.00,18500.000,0.000,0,0.00,18500.00,NULL,NULL,NULL,'Presencial','0','2025-11-08 14:08:42','2025-11-08 14:08:42',NULL,NULL),(117,1,1,1,1,8,1,0,4,91,'FE',16,'N/A','Julian Rodriguez','Caja principal','Electronica FE',0.00,'-Seleccionar-',NULL,1.00,NULL,0.00,NULL,'Contado',0,'Paga',0,NULL,922000.00,922000.000,0.000,0,0.00,922000.00,NULL,NULL,NULL,'Presencial','0','2025-11-08 14:19:42','2025-11-08 14:19:42',NULL,NULL),(118,1,1,1,1,8,1,0,4,92,'FE',17,'N/A','Julian Rodriguez','Caja principal','Electronica FE',0.00,'Almacen',NULL,1.00,NULL,0.00,NULL,'Contado',0,'Paga',0,NULL,598000.00,598000.000,0.000,0,0.00,598000.00,NULL,NULL,'Armenia','Presencial','0','2025-11-08 14:20:11','2025-11-08 14:20:11',NULL,NULL),(119,1,1,1,1,8,1,0,4,93,'FE',18,'N/A','Julian Rodriguez','Caja principal','Electronica FE',0.00,'-Seleccionar-',NULL,2.00,NULL,0.00,NULL,'Contado',0,'Paga',0,NULL,268500.00,268500.000,0.000,0,0.00,268500.00,NULL,NULL,NULL,'Presencial','0','2025-11-08 22:22:22','2025-11-08 22:22:22',NULL,NULL),(120,1,1,1,1,8,1,0,4,94,'FE',19,'N/A','Julian Rodriguez','Caja principal','Electronica FE',0.00,'-Seleccionar-',NULL,1.00,NULL,0.00,NULL,'Contado',0,'Paga',0,NULL,18500.00,18500.000,0.000,0,0.00,18500.00,NULL,NULL,NULL,'Presencial','0','2025-11-08 22:28:37','2025-11-08 22:28:37',NULL,NULL),(121,1,1,1,1,8,1,0,4,95,'FE',20,'N/A','Julian Rodriguez','Caja principal','Electronica FE',0.00,'-Seleccionar-',NULL,1.00,NULL,0.00,NULL,'Contado',0,'Paga',0,NULL,18500.00,18500.000,0.000,0,0.00,18500.00,NULL,NULL,NULL,'Presencial','0','2025-11-08 23:39:10','2025-11-08 23:39:10',NULL,NULL),(122,1,1,1,1,8,1,0,4,96,'FE',21,'N/A','Julian Rodriguez','Caja principal','Electronica FE',0.00,'-Seleccionar-',NULL,1.00,NULL,0.00,NULL,'Contado',0,'Paga',0,NULL,120500.00,120500.000,0.000,0,0.00,120500.00,NULL,NULL,NULL,'Presencial','0','2025-11-08 23:42:35','2025-11-08 23:42:35',NULL,NULL),(123,1,1,1,1,8,1,0,4,97,'FE',22,'N/A','Julian Rodriguez','Caja principal','Electronica FE',0.00,'-Seleccionar-',NULL,1.00,NULL,0.00,NULL,'Contado',0,'Paga',0,NULL,18500.00,18500.000,0.000,0,0.00,18500.00,NULL,NULL,NULL,'Presencial','0','2025-11-09 12:50:36','2025-11-09 12:50:36',NULL,NULL),(126,1,1,1,1,8,1,0,4,98,'FE',23,'N/A','Julian Rodriguez','Caja principal','Electronica FE',0.00,'-Seleccionar-',NULL,1.00,NULL,0.00,NULL,'Contado',0,'Paga',0,NULL,18500.00,18500.000,0.000,0,0.00,18500.00,NULL,NULL,NULL,'Presencial','0','2025-11-09 12:52:59','2025-11-09 12:52:59',NULL,NULL),(127,1,1,1,1,8,1,0,4,99,'FE',24,'N/A','Julian Rodriguez','Caja principal','Electronica FE',0.00,'-Seleccionar-',NULL,1.00,NULL,0.00,NULL,'Contado',0,'Paga',0,NULL,10000.00,10000.000,0.000,0,0.00,10000.00,NULL,NULL,NULL,'Presencial','0','2025-11-09 12:59:11','2025-11-09 12:59:11',NULL,NULL),(128,1,1,1,1,8,1,0,4,100,'FE',25,'N/A','Julian Rodriguez','Caja principal','Electronica FE',0.00,'Almacen',NULL,1.00,NULL,0.00,NULL,'Contado',0,'Paga',0,NULL,18500.00,18500.000,0.000,0,0.00,18500.00,NULL,NULL,'Armenia','Presencial','0','2025-11-09 12:59:53','2025-11-09 12:59:53',NULL,NULL),(129,1,1,1,1,8,1,0,4,101,'FE',26,'N/A','Julian Rodriguez','Caja principal','Electronica FE',0.00,'Almacen',NULL,1.00,NULL,0.00,NULL,'Contado',0,'Paga',0,NULL,18500.00,18500.000,0.000,0,0.00,18500.00,NULL,NULL,'Armenia','Presencial','0','2025-11-09 13:04:44','2025-11-09 13:04:44',NULL,NULL),(130,1,1,1,1,8,1,0,4,102,'FE',27,'N/A','Julian Rodriguez','Caja principal','Electronica FE',0.00,'-Seleccionar-',NULL,1.00,NULL,0.00,NULL,'Contado',0,'Paga',0,NULL,11500.00,11500.000,0.000,0,0.00,11500.00,NULL,NULL,NULL,'Presencial','0','2025-11-09 13:24:20','2025-11-09 13:24:20',NULL,NULL),(131,1,1,1,1,8,1,0,4,103,'FE',28,'N/A','Julian Rodriguez','Caja principal','Electronica FE',0.00,'Almacen',NULL,1.00,NULL,0.00,NULL,'Contado',0,'Paga',0,NULL,211000.00,211000.000,0.000,26,55000.00,156000.00,NULL,NULL,'Armenia','Presencial','0','2025-11-09 13:25:22','2025-11-09 13:25:22',NULL,NULL),(132,1,1,1,1,1,1,0,4,104,'FAP',60,'N/A','Julian Rodriguez','Caja principal','Facturacion POS',0.00,'-Seleccionar-',NULL,2.00,NULL,0.00,NULL,'Contado',0,'Paga',0,NULL,360000.00,360000.000,0.000,0,0.00,360000.00,NULL,NULL,NULL,'Presencial','0','2025-11-15 23:59:38','2025-11-15 23:59:38',NULL,NULL),(133,1,1,1,1,1,1,0,4,105,'FAP',61,'N/A','Julian Rodriguez','Caja principal','Facturacion POS',0.00,'-Seleccionar-',NULL,2.00,NULL,0.00,NULL,'Contado',0,'Paga',0,NULL,360000.00,360000.000,0.000,0,0.00,360000.00,NULL,NULL,NULL,'Presencial','0','2025-11-16 00:03:36','2025-11-16 00:03:36',NULL,NULL),(134,1,1,1,1,1,1,0,4,106,'FAP',62,'N/A','Julian Rodriguez','Caja principal','Facturacion POS',0.00,'Almacen',NULL,1.00,NULL,0.00,NULL,'Contado',0,'Paga',0,NULL,180000.00,180000.000,0.000,0,0.00,180000.00,NULL,NULL,'Armenia','Presencial','0','2025-11-16 00:04:53','2025-11-16 00:04:53',NULL,NULL),(135,1,1,1,1,1,1,0,4,107,'FAP',63,'N/A','Julian Rodriguez','Caja principal','Facturacion POS',0.00,'Almacen',NULL,1.00,NULL,0.00,NULL,'Contado',0,'Paga',0,NULL,180000.00,180000.000,0.000,0,0.00,180000.00,NULL,NULL,'Armenia','Presencial','0','2025-11-16 00:08:04','2025-11-16 00:08:04',NULL,NULL),(136,1,1,1,1,3,1,0,4,108,'FE',1,'N/A','Julian Rodriguez','Caja principal','Facturacion POS',0.00,'Almacen',NULL,3.00,NULL,0.00,NULL,'Contado',0,'Eliminada',0,NULL,540000.00,540000.000,0.000,0,0.00,540000.00,NULL,NULL,'Armenia','Presencial','0','2025-11-16 00:08:23','2025-11-16 00:08:23',NULL,NULL),(137,1,1,1,1,1,1,0,4,109,NULL,NULL,'N/A','Julian Rodriguez','Caja principal','Facturacion POS',0.00,'Almacen',NULL,2.00,NULL,0.00,NULL,NULL,1,'Aceptada',1,'110',198500.00,198500.000,0.000,0,0.00,198500.00,NULL,NULL,'Armenia','Presencial','0','2025-11-16 00:33:12','2025-11-16 00:33:12',NULL,NULL),(138,1,1,1,1,1,1,0,4,110,'FAP',65,'N/A','Julian Rodriguez','Caja principal','Facturacion POS',0.00,'Almacen',NULL,2.00,NULL,0.00,NULL,NULL,1,'Eliminada',1,'109',198500.00,198500.000,0.000,0,0.00,198500.00,NULL,NULL,'Armenia','Presencial','0','2025-11-16 00:33:12','2025-11-16 00:33:12',NULL,NULL),(139,1,1,1,1,1,1,0,4,111,NULL,NULL,'N/A','Julian Rodriguez','Caja principal','Facturacion POS',0.00,'-Seleccionar-',NULL,1.00,NULL,0.00,NULL,NULL,1,'Aceptada',1,'112',180000.00,180000.000,0.000,0,0.00,180000.00,NULL,NULL,NULL,'Presencial','0','2025-11-16 01:01:27','2025-11-16 01:01:27',NULL,NULL),(140,1,1,1,1,1,1,0,4,112,'FAP',66,'N/A','Julian Rodriguez','Caja principal','Facturacion POS',0.00,'-Seleccionar-',NULL,1.00,NULL,0.00,NULL,NULL,1,'Eliminada',1,'111',180000.00,180000.000,0.000,0,0.00,180000.00,NULL,NULL,NULL,'Presencial','0','2025-11-16 01:01:27','2025-11-16 01:01:27',NULL,NULL),(141,1,1,1,1,1,1,0,4,113,NULL,NULL,'N/A','Julian Rodriguez','Caja principal','Facturacion POS',0.00,'-Seleccionar-',NULL,1.00,NULL,0.00,NULL,NULL,1,'Aceptada',1,'114',180000.00,180000.000,0.000,0,0.00,180000.00,NULL,NULL,NULL,'Presencial','0','2025-11-16 01:03:16','2025-11-16 01:03:16',NULL,NULL),(142,1,1,1,1,1,1,0,4,114,'FAP',67,'N/A','Julian Rodriguez','Caja principal','Facturacion POS',0.00,'-Seleccionar-',NULL,1.00,NULL,0.00,NULL,NULL,1,'Eliminada',1,'113',180000.00,180000.000,0.000,0,0.00,180000.00,NULL,NULL,NULL,'Presencial','0','2025-11-16 01:03:16','2025-11-16 01:03:16',NULL,NULL),(143,1,1,1,1,1,1,0,4,115,NULL,NULL,'N/A','Julian Rodriguez','Caja principal','Facturacion POS',0.00,'-Seleccionar-',NULL,1.00,NULL,0.00,NULL,NULL,1,'Aceptada',1,'116',180000.00,180000.000,0.000,0,0.00,180000.00,NULL,NULL,NULL,'Presencial','0','2025-11-16 01:13:15','2025-11-16 01:13:15',NULL,NULL),(144,1,1,1,1,1,1,0,4,116,'FAP',68,'N/A','Julian Rodriguez','Caja principal','Facturacion POS',0.00,'-Seleccionar-',NULL,1.00,NULL,0.00,NULL,NULL,1,'Eliminada',1,'115',180000.00,180000.000,0.000,0,0.00,180000.00,NULL,NULL,NULL,'Presencial','0','2025-11-16 01:13:15','2025-11-16 01:13:15',NULL,NULL),(145,1,1,1,1,1,1,0,4,117,NULL,NULL,'N/A','Julian Rodriguez','Caja principal','Facturacion POS',0.00,'-Seleccionar-',NULL,1.00,NULL,0.00,NULL,NULL,1,'Aceptada',1,'118',180000.00,180000.000,0.000,0,0.00,180000.00,NULL,NULL,NULL,'Presencial','0','2025-11-16 01:14:54','2025-11-16 01:14:54',NULL,NULL),(146,1,1,1,1,1,1,0,4,118,'FAP',69,'N/A','Julian Rodriguez','Caja principal','Facturacion POS',0.00,'-Seleccionar-',NULL,1.00,NULL,0.00,NULL,NULL,1,'Eliminada',1,'117',180000.00,180000.000,0.000,0,0.00,180000.00,NULL,NULL,NULL,'Presencial','0','2025-11-16 01:14:54','2025-11-16 01:14:54',NULL,NULL),(147,1,1,1,1,1,1,0,4,119,NULL,NULL,'N/A','Julian Rodriguez','Caja principal','Facturacion POS',0.00,'-Seleccionar-',NULL,1.00,NULL,0.00,NULL,NULL,1,'Aceptada',1,'120',180000.00,180000.000,0.000,0,0.00,180000.00,NULL,NULL,NULL,'Presencial','0','2025-11-16 01:16:05','2025-11-16 01:16:05',NULL,NULL),(148,1,1,1,1,1,1,0,4,120,'FAP',70,'N/A','Julian Rodriguez','Caja principal','Facturacion POS',0.00,'-Seleccionar-',NULL,1.00,NULL,0.00,NULL,NULL,1,'Eliminada',1,'119',180000.00,180000.000,0.000,0,0.00,180000.00,NULL,NULL,NULL,'Presencial','0','2025-11-16 01:16:05','2025-11-16 01:16:05',NULL,NULL),(149,1,1,1,1,1,1,0,4,121,NULL,NULL,'N/A','Julian Rodriguez','Caja principal','Facturacion POS',0.00,'-Seleccionar-',NULL,1.00,NULL,0.00,NULL,NULL,1,'Aceptada',1,'122',180000.00,180000.000,0.000,0,0.00,180000.00,NULL,NULL,NULL,'Presencial','0','2025-11-16 01:34:29','2025-11-16 01:34:29',NULL,NULL),(150,1,1,1,1,1,1,0,4,122,'FAP',71,'N/A','Julian Rodriguez','Caja principal','Facturacion POS',0.00,'-Seleccionar-',NULL,1.00,NULL,0.00,NULL,NULL,1,'Eliminada',1,'121',180000.00,180000.000,0.000,0,0.00,180000.00,NULL,NULL,NULL,'Presencial','0','2025-11-16 01:34:29','2025-11-16 01:34:29',NULL,NULL),(151,1,1,1,1,1,1,0,4,123,NULL,NULL,'N/A','Julian Rodriguez','Caja principal','Facturacion POS',0.00,'-Seleccionar-',NULL,1.00,NULL,0.00,NULL,NULL,1,'Aceptada',1,'124',211000.00,211000.000,0.000,0,0.00,211000.00,NULL,NULL,NULL,'Presencial','0','2025-11-16 01:44:24','2025-11-16 01:44:24',NULL,NULL),(152,1,1,1,1,1,1,0,4,124,'FAP',72,'N/A','Julian Rodriguez','Caja principal','Facturacion POS',0.00,'-Seleccionar-',NULL,1.00,NULL,0.00,NULL,NULL,1,'Eliminada',1,'123',211000.00,211000.000,0.000,0,0.00,211000.00,NULL,NULL,NULL,'Presencial','0','2025-11-16 01:44:24','2025-11-16 01:44:24',NULL,NULL),(153,1,1,1,1,1,1,0,4,125,NULL,NULL,'N/A','Julian Rodriguez','Caja principal','Facturacion POS',0.00,'-Seleccionar-',NULL,1.00,NULL,0.00,NULL,NULL,1,'Aceptada',1,'126',180000.00,180000.000,0.000,0,0.00,180000.00,NULL,NULL,NULL,'Presencial','0','2025-11-16 01:48:24','2025-11-16 01:48:24',NULL,NULL),(154,1,1,1,1,1,1,0,4,126,'FAP',73,'N/A','Julian Rodriguez','Caja principal','Facturacion POS',0.00,'Almacen',NULL,1.00,NULL,0.00,NULL,'Contado',0,'Eliminada',1,'125',180000.00,180000.000,0.000,0,0.00,180000.00,NULL,NULL,'Armenia','Presencial','0','2025-11-16 01:48:24','2025-11-16 01:48:24',NULL,NULL),(155,1,1,1,1,1,1,0,4,127,'FAP',74,'N/A','Julian Rodriguez','Caja principal','Facturacion POS',0.00,'-Seleccionar-',NULL,1.00,NULL,0.00,NULL,'Contado',0,'Paga',0,NULL,180000.00,180000.000,0.000,0,0.00,180000.00,NULL,NULL,NULL,'Presencial','0','2025-11-19 00:56:07','2025-11-19 00:56:07',NULL,NULL),(156,1,1,1,1,1,1,0,4,128,'FAP',75,'N/A','Julian Rodriguez','Caja principal','Facturacion POS',0.00,'-Seleccionar-',NULL,4.00,NULL,0.00,NULL,'Contado',0,'Paga',0,NULL,88900.00,88900.000,0.000,0,0.00,88900.00,NULL,NULL,NULL,'Presencial','0','2025-11-19 00:57:41','2025-11-19 00:57:41',NULL,NULL),(157,1,1,1,1,1,1,0,4,129,'FAP',76,'N/A','Julian Rodriguez','Caja principal','Facturacion POS',0.00,'-Seleccionar-',NULL,2.00,NULL,0.00,NULL,'Contado',0,'Paga',0,NULL,6000000.00,6000000.000,0.000,0,0.00,6000000.00,NULL,NULL,NULL,'Presencial','0','2025-11-19 01:00:04','2025-11-19 01:00:04',NULL,NULL),(158,1,1,1,1,13,1,0,4,130,'TWC',1,'N/A','Julian Rodriguez','Caja principal','Electronica TWC',0.00,'-Seleccionar-',NULL,1.00,NULL,0.00,NULL,'Contado',0,'Paga',0,NULL,800.00,800.000,0.000,0,0.00,800.00,NULL,NULL,NULL,'Presencial','0','2025-11-23 10:01:05','2025-11-23 10:01:05',NULL,NULL),(159,1,1,1,1,13,1,0,4,131,'TWC',1,'N/A','Julian Rodriguez','Caja principal','Electronica TWC',0.00,'-Seleccionar-',NULL,1.00,NULL,0.00,NULL,'Contado',0,'Paga',0,NULL,800.00,800.000,0.000,0,0.00,800.00,NULL,NULL,NULL,'Presencial','0','2025-11-23 10:15:10','2025-11-23 10:15:10',NULL,NULL),(160,1,1,1,1,13,1,0,4,132,'TWC',1,'N/A','Julian Rodriguez','Caja principal','Electronica TWC',0.00,'-Seleccionar-',NULL,1.00,NULL,0.00,NULL,'Contado',0,'Paga',0,NULL,800.00,800.000,0.000,0,0.00,800.00,NULL,NULL,NULL,'Presencial','0','2025-11-23 10:21:18','2025-11-23 10:21:18',NULL,NULL),(161,1,1,1,1,13,1,0,4,133,'TWC',1,'N/A','Julian Rodriguez','Caja principal','Electronica TWC',0.00,'-Seleccionar-',NULL,1.00,NULL,0.00,NULL,'Contado',0,'Paga',0,NULL,800.00,800.000,0.000,0,0.00,800.00,NULL,NULL,NULL,'Presencial','0','2025-11-23 10:24:12','2025-11-23 10:24:12',NULL,NULL),(162,1,1,1,1,13,1,0,4,134,'TWC',1,'N/A','Julian Rodriguez','Caja principal','Electronica TWC',0.00,'-Seleccionar-',NULL,1.00,NULL,0.00,NULL,'Contado',0,'Paga',0,NULL,800.00,800.000,0.000,0,0.00,800.00,NULL,NULL,NULL,'Presencial','0','2025-11-23 10:45:49','2025-11-23 10:45:49',NULL,NULL),(163,1,1,1,1,13,1,0,4,135,'TWC',1,'N/A','Julian Rodriguez','Caja principal','Electronica TWC',0.00,'-Seleccionar-',NULL,1.00,NULL,0.00,NULL,'Contado',0,'Paga',0,NULL,800.00,800.000,0.000,0,0.00,800.00,NULL,NULL,NULL,'Presencial','0','2025-11-23 12:01:01','2025-11-23 12:01:01',NULL,NULL),(164,1,1,1,1,13,1,0,4,136,'TWC',2,'N/A','Julian Rodriguez','Caja principal','Electronica TWC',0.00,'-Seleccionar-',NULL,1.00,NULL,0.00,NULL,'Contado',0,'Paga',0,NULL,800.00,800.000,0.000,0,0.00,800.00,NULL,NULL,NULL,'Presencial','0','2025-11-25 01:02:31','2025-11-25 01:02:31',NULL,NULL),(165,1,1,1,1,13,1,0,4,137,'TWC',3,'N/A','Julian Rodriguez','Caja principal','Electronica TWC',0.00,'-Seleccionar-',NULL,1.00,NULL,0.00,NULL,'Contado',0,'Paga',0,NULL,800.00,800.000,0.000,0,0.00,800.00,NULL,NULL,NULL,'Presencial','0','2025-11-25 01:14:12','2025-11-25 01:14:12',NULL,NULL),(166,1,1,1,1,13,1,0,4,138,'TWC',4,'N/A','Julian Rodriguez','Caja principal','Electronica TWC',0.00,'-Seleccionar-',NULL,1.00,NULL,0.00,NULL,'Contado',0,'Paga',0,NULL,800.00,800.000,0.000,0,0.00,800.00,NULL,NULL,NULL,'Presencial','0','2025-11-25 01:18:57','2025-11-25 01:18:57',NULL,NULL),(167,1,1,1,1,13,1,0,4,139,'twc',6,'N/A','Julian Rodriguez','Caja principal','Electronica TWC',0.00,'-Seleccionar-',NULL,1.00,NULL,0.00,NULL,'Contado',0,'Paga',0,NULL,800.00,672.270,127.730,0,0.00,800.00,NULL,NULL,NULL,'Presencial','0','2025-11-26 01:18:57','2025-11-26 01:18:57',NULL,NULL),(172,1,1,1,1,13,1,0,4,140,'TWC',7,'N/A','Julian Rodriguez','Caja principal','Electronica TWC',0.00,'-Seleccionar-',NULL,1.00,NULL,0.00,NULL,'Contado',0,'Paga',0,NULL,800.00,800.000,0.000,0,0.00,800.00,NULL,NULL,NULL,'Presencial','0','2025-11-30 23:55:22','2025-11-30 23:55:22',NULL,NULL),(173,1,2,1,1,2,11,2,4,141,'DOCP',1,'Juan Guillero Alzate Mendoza','Julian Rodriguez','Caja principal','Documento equivalente Pos',0.00,'calle 6 #39','Tarifa A',2.00,NULL,0.00,NULL,'Contado',0,'Paga',0,NULL,1520000.00,1520000.000,0.000,0,0.00,1540000.00,NULL,NULL,'Salento','Domicilio','20000','2025-12-01 00:58:15','2025-12-01 00:58:15',NULL,NULL),(174,1,1,1,1,13,1,0,4,142,'TWC',8,'N/A','Julian Rodriguez','Caja principal','Electronica TWC',0.00,'-Seleccionar-',NULL,3.00,NULL,0.00,NULL,'Contado',0,'Paga',0,NULL,1400.00,1400.000,0.000,0,0.00,1400.00,NULL,NULL,NULL,'Presencial','0','2025-12-01 01:19:50','2025-12-01 01:19:50',NULL,NULL),(175,1,1,1,1,13,1,0,4,143,'TWC',9,'N/A','Julian Rodriguez','Caja principal','Electronica TWC',0.00,'Almacen',NULL,3.00,NULL,0.00,NULL,'Contado',0,'Paga',0,NULL,2200.00,2200.000,0.000,23,500.00,1700.00,NULL,NULL,'Armenia','Presencial','0','2025-12-01 01:23:36','2025-12-01 01:23:36',NULL,NULL),(176,1,1,1,1,13,1,0,4,144,'TWC',10,'N/A','Julian Rodriguez','Caja principal','Electronica TWC',0.00,'-Seleccionar-',NULL,1.45,NULL,0.00,NULL,'Contado',0,'Paga',0,NULL,1160.00,1160.000,0.000,0,0.00,1160.00,NULL,NULL,NULL,'Presencial','0','2025-12-01 01:27:36','2025-12-01 01:27:36',NULL,NULL),(177,1,1,1,1,13,1,0,4,145,'TWC',11,'N/A','Julian Rodriguez','Caja principal','Electronica TWC',0.00,'Almacen',NULL,1.55,NULL,0.00,NULL,'Contado',0,'Paga',0,NULL,1240.00,1240.000,0.000,26,321.00,919.00,NULL,NULL,'Armenia','Presencial','0','2025-12-01 01:28:13','2025-12-01 01:28:13',NULL,NULL),(178,1,1,1,1,13,1,0,4,146,'TWC',12,'N/A','Julian Rodriguez','Caja principal','Electronica TWC',0.00,'-Seleccionar-',NULL,1.00,NULL,0.00,NULL,'Contado',0,'Paga',0,NULL,800.00,800.000,0.000,0,0.00,800.00,NULL,NULL,NULL,'Presencial','0','2025-12-01 18:39:07','2025-12-01 18:39:07',NULL,NULL),(179,1,1,1,1,13,1,0,4,147,'TWC',12,'N/A','Julian Rodriguez','Caja principal','Electronica TWC',0.00,'-Seleccionar-',NULL,1.00,NULL,0.00,NULL,'Contado',0,'Paga',0,NULL,800.00,800.000,0.000,0,0.00,800.00,NULL,NULL,NULL,'Presencial','0','2025-12-01 18:41:36','2025-12-01 18:41:36',NULL,NULL),(180,1,1,1,1,13,1,0,4,148,'TWC',12,'N/A','Julian Rodriguez','Caja principal','Electronica TWC',0.00,'-Seleccionar-',NULL,1.00,NULL,0.00,NULL,'Contado',0,'Paga',0,NULL,800.00,800.000,0.000,0,0.00,800.00,NULL,NULL,NULL,'Presencial','0','2025-12-01 18:45:41','2025-12-01 18:45:41',NULL,NULL),(181,1,1,1,1,13,1,0,4,149,'TWC',12,'N/A','Julian Rodriguez','Caja principal','Electronica TWC',0.00,'-Seleccionar-',NULL,1.00,NULL,0.00,NULL,'Contado',0,'Paga',0,NULL,800.00,800.000,0.000,0,0.00,800.00,NULL,NULL,NULL,'Presencial','0','2025-12-01 18:53:13','2025-12-01 18:53:13',NULL,NULL),(182,1,1,1,1,13,1,0,4,150,'TWC',12,'N/A','Julian Rodriguez','Caja principal','Electronica TWC',0.00,'-Seleccionar-',NULL,1.00,NULL,0.00,NULL,'Contado',0,'Paga',0,NULL,800.00,800.000,0.000,0,0.00,800.00,NULL,NULL,NULL,'Presencial','0','2025-12-01 18:54:50','2025-12-01 18:54:50',NULL,NULL),(183,1,1,1,1,13,1,0,4,151,'TWC',13,'N/A','Julian Rodriguez','Caja principal','Electronica TWC',0.00,'-Seleccionar-',NULL,2.00,NULL,0.00,NULL,'Contado',0,'Paga',0,NULL,1600.00,1600.000,0.000,0,0.00,1600.00,NULL,NULL,NULL,'Presencial','0','2025-12-01 18:57:53','2025-12-01 18:57:53',NULL,NULL),(184,1,1,1,1,13,1,0,4,152,'TWC',14,'N/A','Julian Rodriguez','Caja principal','Electronica TWC',0.00,'Almacen',NULL,1.00,NULL,0.00,NULL,'Contado',0,'Paga',0,NULL,800.00,800.000,0.000,0,0.00,800.00,NULL,NULL,'Armenia','Presencial','0','2025-12-01 18:58:09','2025-12-01 18:58:09',NULL,NULL),(185,1,1,1,1,13,1,0,4,153,'TWC',15,'N/A','Julian Rodriguez','Caja principal','Electronica TWC',0.00,'-Seleccionar-',NULL,1.00,NULL,0.00,NULL,'Contado',0,'Paga',0,NULL,800.00,800.000,0.000,0,0.00,800.00,NULL,NULL,NULL,'Presencial','0','2025-12-01 23:15:09','2025-12-01 23:15:09',NULL,NULL),(186,1,1,1,1,13,1,0,4,154,'TWC',16,'N/A','Julian Rodriguez','Caja principal','Electronica TWC',0.00,'Almacen',NULL,1.00,NULL,0.00,NULL,'Contado',0,'Paga',0,NULL,800.00,800.000,0.000,0,0.00,800.00,NULL,NULL,'Armenia','Presencial','0','2025-12-01 23:15:34','2025-12-01 23:15:34',NULL,NULL),(187,1,1,1,1,13,1,0,4,155,'TWC',17,'N/A','Julian Rodriguez','Caja principal','Electronica TWC',0.00,'Almacen',NULL,1.00,NULL,0.00,NULL,'Contado',0,'Paga',0,NULL,800.00,800.000,0.000,0,0.00,800.00,NULL,NULL,'Armenia','Presencial','0','2025-12-01 23:15:39','2025-12-01 23:15:39',NULL,NULL),(188,1,1,1,1,13,1,0,4,156,'TWC',18,'N/A','Julian Rodriguez','Caja principal','Electronica TWC',0.00,'Almacen',NULL,1.00,NULL,0.00,NULL,'Contado',0,'Paga',0,NULL,800.00,800.000,0.000,0,0.00,800.00,NULL,NULL,'Armenia','Presencial','0','2025-12-01 23:15:41','2025-12-01 23:15:41',NULL,NULL),(189,1,1,1,1,13,1,0,4,157,'TWC',19,'N/A','Julian Rodriguez','Caja principal','Electronica TWC',0.00,'-Seleccionar-',NULL,1.00,NULL,0.00,NULL,'Contado',0,'Paga',0,NULL,800.00,800.000,0.000,0,0.00,800.00,NULL,NULL,NULL,'Presencial','0','2025-12-01 23:56:21','2025-12-01 23:56:21',NULL,NULL),(190,1,1,1,1,13,1,0,4,158,'TWC',20,'N/A','Julian Rodriguez','Caja principal','Electronica TWC',0.00,'-Seleccionar-',NULL,1.00,NULL,0.00,NULL,'Contado',0,'Paga',0,NULL,800.00,800.000,0.000,0,0.00,800.00,NULL,NULL,NULL,'Presencial','0','2025-12-02 00:02:24','2025-12-02 00:02:24',NULL,NULL),(191,1,1,1,1,13,1,0,4,159,'TWC',21,'N/A','Julian Rodriguez','Caja principal','Electronica TWC',0.00,'-Seleccionar-',NULL,2.00,NULL,0.00,NULL,'Contado',0,'Paga',0,NULL,1300.00,1276.190,23.810,0,0.00,1300.00,NULL,NULL,NULL,'Presencial','0','2025-12-02 00:04:36','2025-12-02 00:04:36',NULL,NULL),(192,1,1,1,1,13,1,0,4,160,'TWC',22,'N/A','Julian Rodriguez','Caja principal','Electronica TWC',0.00,'-Seleccionar-',NULL,1.00,NULL,0.00,NULL,'Contado',0,'Paga',0,NULL,800.00,800.000,0.000,0,0.00,800.00,NULL,NULL,NULL,'Presencial','0','2025-12-09 10:36:08','2025-12-09 10:36:08',NULL,NULL),(193,1,1,1,1,13,1,0,4,161,'TWC',23,'N/A','Julian Rodriguez','Caja principal','Electronica TWC',0.00,'-Seleccionar-',NULL,1.00,NULL,0.00,NULL,'Contado',0,'Paga',0,NULL,800.00,800.000,0.000,0,0.00,800.00,NULL,NULL,NULL,'Presencial','0','2025-12-09 11:32:23','2025-12-09 11:32:23',NULL,NULL),(194,1,1,1,1,13,1,0,4,162,'TWC',24,'N/A','Julian Rodriguez','Caja principal','Electronica TWC',0.00,'-Seleccionar-',NULL,1.00,NULL,0.00,NULL,'Contado',0,'Paga',0,NULL,800.00,800.000,0.000,0,0.00,800.00,NULL,NULL,NULL,'Presencial','0','2025-12-09 11:37:57','2025-12-09 11:37:57',NULL,NULL),(195,1,1,1,1,13,1,0,4,163,'TWC',25,'N/A','Julian Rodriguez','Caja principal','Electronica TWC',0.00,'-Seleccionar-',NULL,1.00,NULL,0.00,NULL,'Contado',0,'Paga',0,NULL,800.00,800.000,0.000,0,0.00,800.00,NULL,NULL,NULL,'Presencial','0','2025-12-09 12:36:49','2025-12-09 12:36:49',NULL,NULL),(196,1,1,1,1,13,1,0,4,164,'TWC',26,'N/A','Julian Rodriguez','Caja principal','Electronica TWC',0.00,'Almacen',NULL,1.00,NULL,0.00,NULL,'Contado',0,'Paga',0,NULL,800.00,800.000,0.000,0,0.00,800.00,NULL,NULL,'Armenia','Presencial','0','2025-12-09 12:54:34','2025-12-09 12:54:34',NULL,NULL),(197,1,1,1,1,13,1,0,4,165,'TWC',27,'N/A','Julian Rodriguez','Caja principal','Electronica TWC',0.00,'Almacen',NULL,1.00,NULL,0.00,NULL,'Contado',0,'Paga',0,NULL,800.00,800.000,0.000,0,0.00,800.00,NULL,NULL,'Armenia','Presencial','0','2025-12-09 13:05:41','2025-12-09 13:05:41',NULL,NULL),(198,1,1,1,1,13,1,0,4,166,'TWC',28,'N/A','Julian Rodriguez','Caja principal','Electronica TWC',0.00,'Almacen',NULL,1.00,NULL,0.00,NULL,'Contado',0,'Paga',0,NULL,800.00,800.000,0.000,0,0.00,800.00,NULL,NULL,'Armenia','Presencial','0','2025-12-09 13:15:21','2025-12-09 13:15:21',NULL,NULL),(199,1,1,1,1,13,1,0,4,167,'TWC',29,'N/A','Julian Rodriguez','Caja principal','Electronica TWC',0.00,'Almacen',NULL,1.00,NULL,0.00,NULL,'Contado',0,'Paga',0,NULL,800.00,800.000,0.000,0,0.00,800.00,NULL,NULL,'Armenia','Presencial','0','2025-12-09 13:21:20','2025-12-09 13:21:20',NULL,NULL),(200,1,1,1,1,13,1,0,4,168,'TWC',30,'N/A','Julian Rodriguez','Caja principal','Electronica TWC',0.00,'Almacen',NULL,1.00,NULL,0.00,NULL,'Contado',0,'Paga',0,NULL,800.00,800.000,0.000,0,0.00,800.00,NULL,NULL,'Armenia','Presencial','0','2025-12-09 13:25:47','2025-12-09 13:25:47',NULL,NULL),(201,1,1,1,1,13,1,0,4,169,'TWC',31,'N/A','Julian Rodriguez','Caja principal','Electronica TWC',0.00,'-Seleccionar-',NULL,1.00,NULL,0.00,NULL,'Contado',0,'Paga',0,NULL,800.00,800.000,0.000,0,0.00,800.00,NULL,NULL,NULL,'Presencial','0','2025-12-09 15:33:32','2025-12-09 15:33:32',NULL,NULL),(202,1,1,1,1,13,1,0,4,170,'TWC',32,'N/A','Julian Rodriguez','Caja principal','Electronica TWC',0.00,'-Seleccionar-',NULL,1.00,NULL,0.00,NULL,'Contado',0,'Paga',0,NULL,800.00,800.000,0.000,0,0.00,800.00,NULL,NULL,NULL,'Presencial','0','2025-12-09 15:42:04','2025-12-09 15:42:04',NULL,NULL),(203,1,1,1,1,13,1,0,4,171,'TWC',33,'N/A','Julian Rodriguez','Caja principal','Electronica TWC',0.00,'-Seleccionar-',NULL,1.00,NULL,0.00,NULL,'Contado',0,'Paga',0,NULL,800.00,800.000,0.000,0,0.00,800.00,NULL,NULL,NULL,'Presencial','0','2025-12-09 16:00:06','2025-12-09 16:00:06',NULL,NULL),(204,1,1,1,1,13,1,0,4,172,'TWC',34,'N/A','Julian Rodriguez','Caja principal','Electronica TWC',0.00,'-Seleccionar-',NULL,10.00,NULL,0.00,NULL,'Contado',0,'Paga',0,NULL,1775.00,1617.647,157.353,0,0.00,1775.00,NULL,NULL,NULL,'Presencial','0','2025-12-09 21:43:00','2025-12-09 21:43:00',NULL,NULL),(205,1,1,1,1,2,1,0,4,173,'DOCP',2,'N/A','Julian Rodriguez','Caja principal','Documento equivalente Pos',0.00,'-Seleccionar-',NULL,1.00,NULL,0.00,NULL,'Contado',0,'Paga',0,NULL,180000.00,180000.000,0.000,0,0.00,180000.00,NULL,NULL,NULL,'Presencial','0','2025-12-10 00:41:07','2025-12-10 00:41:07',NULL,NULL);
/*!40000 ALTER TABLE `facturas` ENABLE KEYS */;
UNLOCK TABLES;

--
-- Table structure for table `facturas_electronicas`
--

DROP TABLE IF EXISTS `facturas_electronicas`;
/*!40101 SET @saved_cs_client     = @@character_set_client */;
/*!50503 SET character_set_client = utf8mb4 */;
CREATE TABLE `facturas_electronicas` (
  `id` int NOT NULL AUTO_INCREMENT,
  `id_sucursalidfk` int NOT NULL,
  `id_estadoelectronica` int NOT NULL,
  `consecutivo_id` int NOT NULL,
  `id_facturaid` int NOT NULL,
  `id_adquiriente` int DEFAULT NULL,
  `id_estadonota` int DEFAULT NULL,
  `numero` int NOT NULL,
  `num_factura` varchar(20) CHARACTER SET utf8mb4 COLLATE utf8mb4_spanish_ci NOT NULL,
  `prefijo` varchar(11) CHARACTER SET utf8mb4 COLLATE utf8mb4_spanish_ci NOT NULL,
  `resolucion` varchar(20) CHARACTER SET utf8mb4 COLLATE utf8mb4_spanish_ci DEFAULT NULL,
  `token_electronica` varchar(100) CHARACTER SET utf8mb4 COLLATE utf8mb4_spanish_ci NOT NULL,
  `cufe` varchar(256) CHARACTER SET utf8mb4 COLLATE utf8mb4_0900_ai_ci DEFAULT NULL,
  `qr` varchar(256) CHARACTER SET utf8mb4 COLLATE utf8mb4_0900_ai_ci DEFAULT NULL,
  `filename` varchar(32) CHARACTER SET utf8mb4 COLLATE utf8mb4_spanish_ci DEFAULT NULL,
  `nitcompany` varchar(25) CHARACTER SET utf8mb4 COLLATE utf8mb4_spanish_ci DEFAULT NULL,
  `fecha_factura` timestamp NULL DEFAULT NULL,
  `identificacion` varchar(20) CHARACTER SET utf8mb4 COLLATE utf8mb4_spanish_ci NOT NULL,
  `nombre` varchar(200) CHARACTER SET utf8mb4 COLLATE utf8mb4_spanish_ci NOT NULL,
  `email` varchar(100) CHARACTER SET utf8mb4 COLLATE utf8mb4_spanish_ci DEFAULT NULL,
  `link` varchar(256) CHARACTER SET utf8mb4 COLLATE utf8mb4_spanish_ci DEFAULT NULL,
  `nota_credito` tinyint(1) NOT NULL DEFAULT '0',
  `prefixnc` varchar(11) CHARACTER SET utf8mb4 COLLATE utf8mb4_spanish_ci DEFAULT NULL,
  `num_nota` int DEFAULT NULL,
  `cufe_nota` varchar(256) CHARACTER SET utf8mb4 COLLATE utf8mb4_spanish_ci DEFAULT NULL,
  `qrnc` varchar(256) COLLATE utf8mb4_unicode_ci DEFAULT NULL,
  `linknc` varchar(256) COLLATE utf8mb4_unicode_ci DEFAULT NULL,
  `filenamenc` varchar(32) COLLATE utf8mb4_unicode_ci DEFAULT NULL,
  `fecha_nota` datetime DEFAULT NULL,
  `is_auto` int DEFAULT NULL,
  `json_envio` text CHARACTER SET utf8mb4 COLLATE utf8mb4_spanish_ci,
  `json_envionc` text COLLATE utf8mb4_unicode_ci,
  `respuesta_factura` text CHARACTER SET utf8mb4 COLLATE utf8mb4_0900_ai_ci,
  `respuesta_nota` text CHARACTER SET utf8mb4 COLLATE utf8mb4_spanish_ci,
  `intentos_de_envio` int DEFAULT NULL,
  `fecha_ultimo_intento` datetime DEFAULT NULL,
  `created_at` timestamp NULL DEFAULT CURRENT_TIMESTAMP,
  PRIMARY KEY (`id`),
  KEY `fk_adquiriente` (`id_adquiriente`),
  KEY `fk_atencion` (`id_facturaid`) /*!80000 INVISIBLE */,
  KEY `fk_estado_nota` (`id_estadonota`),
  KEY `fk_estado` (`id_estadoelectronica`),
  KEY `fk_tipo_factura` (`consecutivo_id`),
  KEY `id_sucursalfk_idx` (`id_sucursalidfk`),
  KEY `numero` (`numero`) /*!80000 INVISIBLE */,
  KEY `num_nota` (`num_nota`) /*!80000 INVISIBLE */,
  KEY `idx_created_at` (`created_at`),
  CONSTRAINT `consecutivo_id` FOREIGN KEY (`consecutivo_id`) REFERENCES `consecutivos` (`id`) ON UPDATE CASCADE,
  CONSTRAINT `id_adquiriente` FOREIGN KEY (`id_adquiriente`) REFERENCES `adquirientes` (`id`) ON UPDATE CASCADE,
  CONSTRAINT `id_estadoelectronica` FOREIGN KEY (`id_estadoelectronica`) REFERENCES `estados_electronicas` (`id`) ON UPDATE CASCADE,
  CONSTRAINT `id_estadonota` FOREIGN KEY (`id_estadonota`) REFERENCES `estados_electronicas` (`id`) ON UPDATE CASCADE,
  CONSTRAINT `id_facturaid` FOREIGN KEY (`id_facturaid`) REFERENCES `facturas` (`id`) ON UPDATE CASCADE,
  CONSTRAINT `id_sucursalidfk` FOREIGN KEY (`id_sucursalidfk`) REFERENCES `sucursales` (`id`) ON DELETE CASCADE ON UPDATE CASCADE
) ENGINE=InnoDB AUTO_INCREMENT=42 DEFAULT CHARSET=utf8mb4 COLLATE=utf8mb4_unicode_ci;
/*!40101 SET character_set_client = @saved_cs_client */;

--
-- Dumping data for table `facturas_electronicas`
--

LOCK TABLES `facturas_electronicas` WRITE;
/*!40000 ALTER TABLE `facturas_electronicas` DISABLE KEYS */;
INSERT INTO `facturas_electronicas` VALUES (1,1,2,13,163,1,2,1,'TWC-1','TWC','18764101781362','775d2fc40f6f1f06d316ac14e7220a8c38f0ab937a745361fbf65b0bdf1f5784','0e953c1dee749bf78b74fb3a5fd555a0baf80d4bc81b00bf9927008692de788b4b94a379e3e877286b1267fcedc99809','https://catalogo-vpfe.dian.gov.co/document/searchqr?documentkey=0e953c1dee749bf78b74fb3a5fd555a0baf80d4bc81b00bf9927008692de788b4b94a379e3e877286b1267fcedc99809','1094917508/FES-TWC1','1094917508','2025-11-23 17:01:01','222222222222','Consumidor Final',NULL,'https://catalogo-vpfe.dian.gov.co/document/searchqr?documentkey=0e953c1dee749bf78b74fb3a5fd555a0baf80d4bc81b00bf9927008692de788b4b94a379e3e877286b1267fcedc99809',1,'NCQO',1,'97aa3c9ed7aa2c68c38272d8d16e24606a00770510b7485cfc64b53cd6800378968064ab9e27f611faf2868d16d7a9a8','https://catalogo-vpfe.dian.gov.co/document/searchqr?documentkey=97aa3c9ed7aa2c68c38272d8d16e24606a00770510b7485cfc64b53cd6800378968064ab9e27f611faf2868d16d7a9a8','https://catalogo-vpfe.dian.gov.co/document/searchqr?documentkey=97aa3c9ed7aa2c68c38272d8d16e24606a00770510b7485cfc64b53cd6800378968064ab9e27f611faf2868d16d7a9a8','1094917508/NCS-NCQO1','2025-11-26 21:57:19',1,'{\n    \"prefix\": \"TWC\",\n    \"number\": \"1\",\n    \"type_document_id\": \"1\",\n    \"date\": \"2025-11-23\",\n    \"time\": \"12:01:01\",\n    \"resolution_number\": \"18764101781362\",\n    \"sendmail\": false,\n    \"notes\": \"Factura Electroncia de venta\",\n    \"payment_form\": {\n        \"payment_form_id\": \"1\",\n        \"payment_method_id\": 10,\n        \"payment_due_date\": \"2025-11-23\",\n        \"duration_measure\": \"0\"\n    },\n    \"customer\": {\n        \"identification_number\": \"222222222222\",\n        \"dv\": null,\n        \"name\": \"Consumidor Final\",\n        \"phone\": null,\n        \"address\": null,\n        \"email\": null,\n        \"type_document_identification_id\": 3,\n        \"type_organization_id\": null,\n        \"tax_id\": null,\n        \"type_liability_id\": null,\n        \"type_regime_id\": null,\n        \"municipality_id\": null\n    },\n    \"invoice_lines\": [\n        {\n            \"type_item_identification_id\": \"4\",\n            \"code\": \"46\",\n            \"description\": \"servicio1\",\n            \"invoiced_quantity\": \"1\",\n            \"unit_measure_id\": \"70\",\n            \"line_extension_amount\": \"800.00\",\n            \"free_of_charge_indicator\": false,\n            \"price_amount\": \"800.00\",\n            \"base_quantity\": \"1\",\n            \"tax_totals\": [\n                {\n                    \"tax_id\": 1,\n                    \"tax_amount\": \"0.00\",\n                    \"taxable_amount\": \"800.00\",\n                    \"percent\": \"0\"\n                }\n            ]\n        }\n    ],\n    \"tax_totals\": [\n        {\n            \"tax_id\": 1,\n            \"tax_amount\": \"0.00\",\n            \"percent\": \"0\",\n            \"taxable_amount\": \"800.00\"\n        }\n    ],\n    \"legal_monetary_totals\": {\n        \"line_extension_amount\": \"800.00\",\n        \"tax_exclusive_amount\": \"800.00\",\n        \"tax_inclusive_amount\": \"800.00\",\n        \"allowance_total_amount\": \"0.00\",\n        \"charge_total_amount\": \"0.00\",\n        \"payable_amount\": \"800.00\"\n    }\n}',NULL,'Regla: FAK55, Notificación: Correo electrónico no informado, Regla: RUT01, Notificación: La validación del estado del RUT próximamente estará disponible. IsValid = \"true\", StatusDescription = Procesado Correctamente., StatusMessage = La Factura electrónica TWC1, ha sido autorizada.','Regla: CAK55, Notificación: Correo electrónico no informado, Regla: RUT01, Notificación: La validación del estado del RUT próximamente estará disponible. IsValid = \"true\", StatusDescription = Procesado Correctamente., La Nota de crédito electrónica NCQO1, ha sido autorizada.',1,'2025-11-23 12:01:01','2025-11-23 17:01:01'),(2,1,2,13,164,1,1,2,'TWC-2','TWC','18764101781362','775d2fc40f6f1f06d316ac14e7220a8c38f0ab937a745361fbf65b0bdf1f5784','9230417f3140adc52aa0d005ae52d74986bb93d28eaf85ad885f6604f72cdd8e3db035eb22d46337a60ab284f5fdc64a','https://catalogo-vpfe.dian.gov.co/document/searchqr?documentkey=9230417f3140adc52aa0d005ae52d74986bb93d28eaf85ad885f6604f72cdd8e3db035eb22d46337a60ab284f5fdc64a','1094917508/FES-TWC2','1094917508','2025-11-25 06:02:31','222222222222','Consumidor Final',NULL,'https://catalogo-vpfe.dian.gov.co/document/searchqr?documentkey=9230417f3140adc52aa0d005ae52d74986bb93d28eaf85ad885f6604f72cdd8e3db035eb22d46337a60ab284f5fdc64a',0,NULL,NULL,NULL,NULL,NULL,NULL,NULL,1,'{\n    \"prefix\": \"TWC\",\n    \"number\": \"2\",\n    \"type_document_id\": \"1\",\n    \"date\": \"2025-11-25\",\n    \"time\": \"01:02:31\",\n    \"resolution_number\": \"18764101781362\",\n    \"sendmail\": false,\n    \"notes\": \"Factura Electroncia de venta\",\n    \"payment_form\": {\n        \"payment_form_id\": \"1\",\n        \"payment_method_id\": 10,\n        \"payment_due_date\": \"2025-11-25\",\n        \"duration_measure\": \"0\"\n    },\n    \"customer\": {\n        \"identification_number\": \"222222222222\",\n        \"dv\": null,\n        \"name\": \"Consumidor Final\",\n        \"phone\": null,\n        \"address\": null,\n        \"email\": null,\n        \"type_document_identification_id\": 3,\n        \"type_organization_id\": null,\n        \"tax_id\": null,\n        \"type_liability_id\": null,\n        \"type_regime_id\": null,\n        \"municipality_id\": null\n    },\n    \"invoice_lines\": [\n        {\n            \"type_item_identification_id\": \"4\",\n            \"code\": \"46\",\n            \"description\": \"servicio1\",\n            \"invoiced_quantity\": \"1\",\n            \"unit_measure_id\": \"70\",\n            \"line_extension_amount\": \"800.00\",\n            \"free_of_charge_indicator\": false,\n            \"price_amount\": \"800.00\",\n            \"base_quantity\": \"1\",\n            \"tax_totals\": [\n                {\n                    \"tax_id\": 1,\n                    \"tax_amount\": \"0.00\",\n                    \"taxable_amount\": \"800.00\",\n                    \"percent\": \"0\"\n                }\n            ]\n        }\n    ],\n    \"tax_totals\": [\n        {\n            \"tax_id\": 1,\n            \"tax_amount\": \"0.00\",\n            \"percent\": \"0\",\n            \"taxable_amount\": \"800.00\"\n        }\n    ],\n    \"legal_monetary_totals\": {\n        \"line_extension_amount\": \"800.00\",\n        \"tax_exclusive_amount\": \"800.00\",\n        \"tax_inclusive_amount\": \"800.00\",\n        \"allowance_total_amount\": \"0.00\",\n        \"charge_total_amount\": \"0.00\",\n        \"payable_amount\": \"800.00\"\n    }\n}',NULL,'Regla: FAK55, Notificación: Correo electrónico no informado // Regla: RUT01, Notificación: La validación del estado del RUT próximamente estará disponible., IsValid = true, StatusDescription = Procesado Correctamente., StatusMessage = La Factura electrónica TWC2, ha sido autorizada.',NULL,1,'2025-11-25 06:02:34','2025-11-25 06:02:31'),(3,1,1,13,165,1,1,3,'TWC-3','TWC','18764101781362','775d2fc40f6f1f06d316ac14e7220a8c38f0ab937a745361fbf65b0bdf1f5784',NULL,'1094917508',NULL,NULL,'2025-11-25 06:14:12','222222222222','Consumidor Final',NULL,NULL,0,NULL,NULL,NULL,NULL,NULL,NULL,NULL,1,'{\n    \"prefix\": \"TWC\",\n    \"number\": \"3\",\n    \"type_document_id\": \"1\",\n    \"date\": \"2025-11-25\",\n    \"time\": \"01:14:12\",\n    \"resolution_number\": \"18764101781362\",\n    \"sendmail\": false,\n    \"notes\": \"Factura Electroncia de venta\",\n    \"payment_form\": {\n        \"payment_form_id\": \"1\",\n        \"payment_method_id\": 10,\n        \"payment_due_date\": \"2025-11-25\",\n        \"duration_measure\": \"0\"\n    },\n    \"customer\": {\n        \"identification_number\": \"222222222222\",\n        \"dv\": null,\n        \"name\": \"Consumidor Final\",\n        \"phone\": null,\n        \"address\": null,\n        \"email\": null,\n        \"type_document_identification_id\": 3,\n        \"type_organization_id\": null,\n        \"tax_id\": null,\n        \"type_liability_id\": null,\n        \"type_regime_id\": null,\n        \"municipality_id\": null\n    },\n    \"invoice_lines\": [\n        {\n            \"type_item_identification_id\": \"4\",\n            \"code\": \"46\",\n            \"description\": \"servicio1\",\n            \"invoiced_quantity\": \"1\",\n            \"unit_measure_id\": \"70\",\n            \"line_extension_amount\": \"800.00\",\n            \"free_of_charge_indicator\": false,\n            \"price_amount\": \"800.00\",\n            \"base_quantity\": \"1\",\n            \"tax_totals\": [\n                {\n                    \"tax_id\": 1,\n                    \"tax_amount\": \"0.00\",\n                    \"taxable_amount\": \"800.00\",\n                    \"percent\": \"0\"\n                }\n            ]\n        }\n    ],\n    \"tax_totals\": [\n        {\n            \"tax_id\": 1,\n            \"tax_amount\": \"0.00\",\n            \"percent\": \"0\",\n            \"taxable_amount\": \"800.00\"\n        }\n    ],\n    \"legal_monetary_totals\": {\n        \"line_extension_amount\": \"800.00\",\n        \"tax_exclusive_amount\": \"800.00\",\n        \"tax_inclusive_amount\": \"800.00\",\n        \"allowance_total_amount\": \"0.00\",\n        \"charge_total_amount\": \"0.00\",\n        \"payable_amount\": \"800.00\"\n    }\n}',NULL,NULL,NULL,1,'2025-11-25 01:14:12','2025-11-25 06:14:12'),(4,1,2,13,166,1,1,4,'TWC-4','TWC','18764101781362','775d2fc40f6f1f06d316ac14e7220a8c38f0ab937a745361fbf65b0bdf1f5784','03158ba877b64e6451edf91d82701da39b3cbede5584b8073a02857fab02c89ee84b0e46eec73560d8c05067014657bd','https://catalogo-vpfe.dian.gov.co/document/searchqr?documentkey=03158ba877b64e6451edf91d82701da39b3cbede5584b8073a02857fab02c89ee84b0e46eec73560d8c05067014657bd','1094917508/FES-TWC4','1094917508','2025-11-25 06:18:57','222222222222','Consumidor Final',NULL,'https://catalogo-vpfe.dian.gov.co/document/searchqr?documentkey=03158ba877b64e6451edf91d82701da39b3cbede5584b8073a02857fab02c89ee84b0e46eec73560d8c05067014657bd',0,NULL,NULL,NULL,NULL,NULL,NULL,NULL,1,'{\n    \"prefix\": \"TWC\",\n    \"number\": \"4\",\n    \"type_document_id\": \"1\",\n    \"date\": \"2025-11-25\",\n    \"time\": \"01:18:57\",\n    \"resolution_number\": \"18764101781362\",\n    \"sendmail\": false,\n    \"notes\": \"Factura Electroncia de venta\",\n    \"payment_form\": {\n        \"payment_form_id\": \"1\",\n        \"payment_method_id\": 10,\n        \"payment_due_date\": \"2025-11-25\",\n        \"duration_measure\": \"0\"\n    },\n    \"customer\": {\n        \"identification_number\": \"222222222222\",\n        \"dv\": null,\n        \"name\": \"Consumidor Final\",\n        \"phone\": null,\n        \"address\": null,\n        \"email\": null,\n        \"type_document_identification_id\": 3,\n        \"type_organization_id\": null,\n        \"tax_id\": null,\n        \"type_liability_id\": null,\n        \"type_regime_id\": null,\n        \"municipality_id\": null\n    },\n    \"invoice_lines\": [\n        {\n            \"type_item_identification_id\": \"4\",\n            \"code\": \"46\",\n            \"description\": \"servicio1\",\n            \"invoiced_quantity\": \"1\",\n            \"unit_measure_id\": \"70\",\n            \"line_extension_amount\": \"800.00\",\n            \"free_of_charge_indicator\": false,\n            \"price_amount\": \"800.00\",\n            \"base_quantity\": \"1\",\n            \"tax_totals\": [\n                {\n                    \"tax_id\": 1,\n                    \"tax_amount\": \"0.00\",\n                    \"taxable_amount\": \"800.00\",\n                    \"percent\": \"0\"\n                }\n            ]\n        }\n    ],\n    \"tax_totals\": [\n        {\n            \"tax_id\": 1,\n            \"tax_amount\": \"0.00\",\n            \"percent\": \"0\",\n            \"taxable_amount\": \"800.00\"\n        }\n    ],\n    \"legal_monetary_totals\": {\n        \"line_extension_amount\": \"800.00\",\n        \"tax_exclusive_amount\": \"800.00\",\n        \"tax_inclusive_amount\": \"800.00\",\n        \"allowance_total_amount\": \"0.00\",\n        \"charge_total_amount\": \"0.00\",\n        \"payable_amount\": \"800.00\"\n    }\n}',NULL,'Regla: FAK55, Notificación: Correo electrónico no informado // Regla: RUT01, Notificación: La validación del estado del RUT próximamente estará disponible., IsValid = true, StatusDescription = Procesado Correctamente., StatusMessage = La Factura electrónica TWC4, ha sido autorizada.',NULL,1,'2025-11-25 06:18:59','2025-11-25 06:18:57'),(5,1,2,13,167,1,1,6,'TWC-6','TWC','18764101781362','775d2fc40f6f1f06d316ac14e7220a8c38f0ab937a745361fbf65b0bdf1f5784','7ed72a2dc653f51c8da26ee64fe5df9d7d4d054a351a57c77c9f416fd0c749a3d2a7ad91f3c5658fbb892718c7dd798e','https://catalogo-vpfe.dian.gov.co/document/searchqr?documentkey=7ed72a2dc653f51c8da26ee64fe5df9d7d4d054a351a57c77c9f416fd0c749a3d2a7ad91f3c5658fbb892718c7dd798e','1094917508/FES-TWC6','1094917508','2025-11-27 15:52:50','222222222222','Consumidor Final',NULL,'https://catalogo-vpfe.dian.gov.co/document/searchqr?documentkey=7ed72a2dc653f51c8da26ee64fe5df9d7d4d054a351a57c77c9f416fd0c749a3d2a7ad91f3c5658fbb892718c7dd798e',0,NULL,NULL,NULL,NULL,NULL,NULL,NULL,1,'{\r\n    \"\"prefix\"\": \"\"TWC\"\",\r\n    \"\"number\"\": \"\"6\"\",\r\n    \"\"type_document_id\"\": \"\"1\"\",\r\n    \"\"date\"\": \"\"2025-11-27\"\",\r\n    \"\"time\"\": \"\"10:52:50\"\",\r\n    \"\"resolution_number\"\": \"\"18764101781362\"\",\r\n    \"\"sendmail\"\": false,\r\n    \"\"notes\"\": \"\"Factura Electroncia de venta\"\",\r\n    \"\"payment_form\"\": {\r\n        \"\"payment_form_id\"\": \"\"1\"\",\r\n        \"\"payment_method_id\"\": 10,\r\n        \"\"payment_due_date\"\": \"\"2025-11-27\"\",\r\n        \"\"duration_measure\"\": \"\"0\"\"\r\n    },\r\n    \"\"customer\"\": {\r\n        \"\"identification_number\"\": \"\"222222222222\"\",\r\n        \"\"dv\"\": null,\r\n        \"\"name\"\": \"\"Consumidor Final\"\",\r\n        \"\"phone\"\": null,\r\n        \"\"address\"\": null,\r\n        \"\"email\"\": null,\r\n        \"\"type_document_identification_id\"\": 3,\r\n        \"\"type_organization_id\"\": null,\r\n        \"\"tax_id\"\": null,\r\n        \"\"type_liability_id\"\": null,\r\n        \"\"type_regime_id\"\": null,\r\n        \"\"municipality_id\"\": null\r\n    },\r\n    \"\"invoice_lines\"\": [\r\n        {\r\n            \"\"type_item_identification_id\"\": \"\"4\"\",\r\n            \"\"code\"\": \"\"46\"\",\r\n            \"\"description\"\": \"\"servicio1\"\",\r\n            \"\"invoiced_quantity\"\": \"\"1\"\",\r\n            \"\"unit_measure_id\"\": \"\"70\"\",\r\n            \"\"line_extension_amount\"\": \"\"672.27\"\",\r\n            \"\"free_of_charge_indicator\"\": false,\r\n            \"\"price_amount\"\": \"\"672.27\"\",\r\n            \"\"base_quantity\"\": \"\"1\"\",\r\n            \"\"tax_totals\"\": [\r\n                {\r\n                    \"\"tax_id\"\": 1,\r\n                    \"\"tax_amount\"\": \"\"127.73\"\",\r\n                    \"\"taxable_amount\"\": \"\"672.27\"\",\r\n                    \"\"percent\"\": \"\"19\"\"\r\n                }\r\n            ]\r\n        }\r\n    ],\r\n    \"\"tax_totals\"\": [\r\n        {\r\n            \"\"tax_id\"\": 1,\r\n            \"\"tax_amount\"\": \"\"127.73\"\",\r\n            \"\"percent\"\": \"\"19\"\",\r\n            \"\"taxable_amount\"\": \"\"672.27\"\"\r\n        }\r\n    ],\r\n    \"\"legal_monetary_totals\"\": {\r\n        \"\"line_extension_amount\"\": \"\"672.27\"\",\r\n        \"\"tax_exclusive_amount\"\": \"\"672.27\"\",\r\n        \"\"tax_inclusive_amount\"\": \"\"800.00\"\",\r\n        \"\"allowance_total_amount\"\": \"\"0.00\"\",\r\n        \"\"charge_total_amount\"\": \"\"0.00\"\",\r\n        \"\"payable_amount\"\": \"\"800.00\"\"\r\n    }\r\n}',NULL,'Regla: FAK55, Notificación: Correo electrónico no informado // Regla: RUT01, Notificación: La validación del estado del RUT próximamente estará disponible., IsValid = true, StatusDescription = Procesado Correctamente., StatusMessage = La Factura electrónica TWC6, ha sido autorizada.',NULL,NULL,'2025-11-27 15:52:53','2025-11-27 20:52:53'),(9,1,2,13,172,1,1,7,'TWC-7','TWC','18764101781362','775d2fc40f6f1f06d316ac14e7220a8c38f0ab937a745361fbf65b0bdf1f5784','e9e1dd6c756747e14f9ed1444ed149875aca9a09c84cd7d0144084aa520f279d0d3173ef40a660c357c4e35652856528','https://catalogo-vpfe.dian.gov.co/document/searchqr?documentkey=e9e1dd6c756747e14f9ed1444ed149875aca9a09c84cd7d0144084aa520f279d0d3173ef40a660c357c4e35652856528','1094917508/FES-TWC7','1094917508','2025-12-01 04:55:22','222222222222','Consumidor Final',NULL,'https://catalogo-vpfe.dian.gov.co/document/searchqr?documentkey=e9e1dd6c756747e14f9ed1444ed149875aca9a09c84cd7d0144084aa520f279d0d3173ef40a660c357c4e35652856528',0,NULL,NULL,NULL,NULL,NULL,NULL,NULL,1,'{\n    \"prefix\": \"TWC\",\n    \"number\": \"7\",\n    \"type_document_id\": \"1\",\n    \"date\": \"2025-11-30\",\n    \"time\": \"23:55:22\",\n    \"resolution_number\": \"18764101781362\",\n    \"sendmail\": false,\n    \"notes\": \"Factura Electroncia de venta\",\n    \"payment_form\": {\n        \"payment_form_id\": \"1\",\n        \"payment_method_id\": 10,\n        \"payment_due_date\": \"2025-11-30\",\n        \"duration_measure\": \"0\"\n    },\n    \"customer\": {\n        \"identification_number\": \"222222222222\",\n        \"dv\": null,\n        \"name\": \"Consumidor Final\",\n        \"phone\": null,\n        \"address\": null,\n        \"email\": null,\n        \"type_document_identification_id\": 3,\n        \"type_organization_id\": null,\n        \"tax_id\": null,\n        \"type_liability_id\": null,\n        \"type_regime_id\": null,\n        \"municipality_id\": null\n    },\n    \"invoice_lines\": [\n        {\n            \"type_item_identification_id\": \"4\",\n            \"code\": \"46\",\n            \"description\": \"servicio1\",\n            \"invoiced_quantity\": \"1\",\n            \"unit_measure_id\": \"70\",\n            \"line_extension_amount\": \"800.00\",\n            \"free_of_charge_indicator\": false,\n            \"price_amount\": \"800.00\",\n            \"base_quantity\": \"1\",\n            \"tax_totals\": [\n                {\n                    \"tax_id\": 1,\n                    \"tax_amount\": \"0.00\",\n                    \"taxable_amount\": \"800.00\",\n                    \"percent\": \"0\"\n                }\n            ]\n        }\n    ],\n    \"tax_totals\": [\n        {\n            \"tax_id\": 1,\n            \"tax_amount\": \"0.00\",\n            \"percent\": \"0\",\n            \"taxable_amount\": \"800.00\"\n        }\n    ],\n    \"legal_monetary_totals\": {\n        \"line_extension_amount\": \"800.00\",\n        \"tax_exclusive_amount\": \"800.00\",\n        \"tax_inclusive_amount\": \"800.00\",\n        \"allowance_total_amount\": \"0.00\",\n        \"charge_total_amount\": \"0.00\",\n        \"payable_amount\": \"800.00\"\n    }\n}',NULL,'Regla: FAK55, Notificación: Correo electrónico no informado // Regla: RUT01, Notificación: La validación del estado del RUT próximamente estará disponible., IsValid = true, StatusDescription = Procesado Correctamente., StatusMessage = La Factura electrónica TWC7, ha sido autorizada.',NULL,1,'2025-11-30 23:55:22','2025-12-01 04:55:22'),(10,1,2,13,174,1,2,8,'TWC-8','TWC','18764101781362','775d2fc40f6f1f06d316ac14e7220a8c38f0ab937a745361fbf65b0bdf1f5784','4d35078661ba5d20d593cc5c0879234211c34c3cd8d030fe96369146284bd1c608d43936b61e3dee953b43fdc6812429','https://catalogo-vpfe.dian.gov.co/document/searchqr?documentkey=4d35078661ba5d20d593cc5c0879234211c34c3cd8d030fe96369146284bd1c608d43936b61e3dee953b43fdc6812429','1094917508/FES-TWC8','1094917508','2025-12-01 06:19:50','222222222222','Consumidor Final',NULL,'https://catalogo-vpfe.dian.gov.co/document/searchqr?documentkey=4d35078661ba5d20d593cc5c0879234211c34c3cd8d030fe96369146284bd1c608d43936b61e3dee953b43fdc6812429',1,'NCQO',4,'560df3f31d5209ed8f5628ada592e568e60722193310a940dc2222018b94b6f6d3c9dd093f357008f45adaff3bd87e93','https://catalogo-vpfe.dian.gov.co/document/searchqr?documentkey=560df3f31d5209ed8f5628ada592e568e60722193310a940dc2222018b94b6f6d3c9dd093f357008f45adaff3bd87e93','https://catalogo-vpfe.dian.gov.co/document/searchqr?documentkey=560df3f31d5209ed8f5628ada592e568e60722193310a940dc2222018b94b6f6d3c9dd093f357008f45adaff3bd87e93','1094917508/NCS-NCQO4','2025-12-01 00:00:00',1,'{\n    \"prefix\": \"TWC\",\n    \"number\": \"8\",\n    \"type_document_id\": \"1\",\n    \"date\": \"2025-12-01\",\n    \"time\": \"01:19:50\",\n    \"resolution_number\": \"18764101781362\",\n    \"sendmail\": false,\n    \"notes\": \"Factura Electroncia de venta\",\n    \"payment_form\": {\n        \"payment_form_id\": \"1\",\n        \"payment_method_id\": 10,\n        \"payment_due_date\": \"2025-12-01\",\n        \"duration_measure\": \"0\"\n    },\n    \"customer\": {\n        \"identification_number\": \"222222222222\",\n        \"dv\": null,\n        \"name\": \"Consumidor Final\",\n        \"phone\": null,\n        \"address\": null,\n        \"email\": null,\n        \"type_document_identification_id\": 3,\n        \"type_organization_id\": null,\n        \"tax_id\": null,\n        \"type_liability_id\": null,\n        \"type_regime_id\": null,\n        \"municipality_id\": null\n    },\n    \"invoice_lines\": [\n        {\n            \"type_item_identification_id\": \"4\",\n            \"code\": \"-1\",\n            \"description\": \"servicio contable\",\n            \"invoiced_quantity\": \"2\",\n            \"unit_measure_id\": \"70\",\n            \"line_extension_amount\": \"600.00\",\n            \"free_of_charge_indicator\": false,\n            \"price_amount\": \"300.00\",\n            \"base_quantity\": \"2\",\n            \"tax_totals\": [\n                {\n                    \"tax_id\": 1,\n                    \"tax_amount\": \"0.00\",\n                    \"taxable_amount\": \"600.00\",\n                    \"percent\": \"0\"\n                }\n            ]\n        },\n        {\n            \"type_item_identification_id\": \"4\",\n            \"code\": \"46\",\n            \"description\": \"servicio1\",\n            \"invoiced_quantity\": \"1\",\n            \"unit_measure_id\": \"70\",\n            \"line_extension_amount\": \"800.00\",\n            \"free_of_charge_indicator\": false,\n            \"price_amount\": \"800.00\",\n            \"base_quantity\": \"1\",\n            \"tax_totals\": [\n                {\n                    \"tax_id\": 1,\n                    \"tax_amount\": \"0.00\",\n                    \"taxable_amount\": \"800.00\",\n                    \"percent\": \"0\"\n                }\n            ]\n        }\n    ],\n    \"tax_totals\": [\n        {\n            \"tax_id\": 1,\n            \"tax_amount\": \"0.00\",\n            \"percent\": \"0\",\n            \"taxable_amount\": \"1400.00\"\n        }\n    ],\n    \"legal_monetary_totals\": {\n        \"line_extension_amount\": \"1400.00\",\n        \"tax_exclusive_amount\": \"1400.00\",\n        \"tax_inclusive_amount\": \"1400.00\",\n        \"allowance_total_amount\": \"0.00\",\n        \"charge_total_amount\": \"0.00\",\n        \"payable_amount\": \"1400.00\"\n    }\n}',NULL,'Regla: FAK55, Notificación: Correo electrónico no informado // Regla: RUT01, Notificación: La validación del estado del RUT próximamente estará disponible., IsValid = true, StatusDescription = Procesado Correctamente., StatusMessage = La Factura electrónica TWC8, ha sido autorizada.','Regla: CAK55, Notificación: Correo electrónico no informado, Regla: RUT01, Notificación: La validación del estado del RUT próximamente estará disponible. IsValid = \"\"true\"\", StatusDescription = Procesado Correctamente., La Nota de crédito electrónica NCQO3, ha sido autorizada.',1,'2025-12-01 06:19:53','2025-12-01 06:19:50'),(11,1,2,13,175,1,2,9,'TWC-9','TWC','18764101781362','775d2fc40f6f1f06d316ac14e7220a8c38f0ab937a745361fbf65b0bdf1f5784','d8e284c3c3b219bc7f9c0df91c5cb3b2f3a177cea2ee0a2749ecfb50c52629f4466059008d0c8178b37d953a7262efe9','https://catalogo-vpfe.dian.gov.co/document/searchqr?documentkey=d8e284c3c3b219bc7f9c0df91c5cb3b2f3a177cea2ee0a2749ecfb50c52629f4466059008d0c8178b37d953a7262efe9','1094917508/FES-TWC9','1094917508','2025-12-01 06:23:36','222222222222','Consumidor Final',NULL,'https://catalogo-vpfe.dian.gov.co/document/searchqr?documentkey=d8e284c3c3b219bc7f9c0df91c5cb3b2f3a177cea2ee0a2749ecfb50c52629f4466059008d0c8178b37d953a7262efe9',1,'NCQO',3,'cf1de610b9f204619a6f7b126f4dfb929e64444bc0174d2851a798f468030537d001883727bc2a0d4d3796dc1e80d271','https://catalogo-vpfe.dian.gov.co/document/searchqr?documentkey=cf1de610b9f204619a6f7b126f4dfb929e64444bc0174d2851a798f468030537d001883727bc2a0d4d3796dc1e80d271','https://catalogo-vpfe.dian.gov.co/document/searchqr?documentkey=cf1de610b9f204619a6f7b126f4dfb929e64444bc0174d2851a798f468030537d001883727bc2a0d4d3796dc1e80d271','1094917508/NCS-NCQO3','2025-12-01 00:00:00',1,'{\n    \"prefix\": \"TWC\",\n    \"number\": \"9\",\n    \"type_document_id\": \"1\",\n    \"date\": \"2025-12-01\",\n    \"time\": \"01:23:36\",\n    \"resolution_number\": \"18764101781362\",\n    \"sendmail\": false,\n    \"notes\": \"Factura Electroncia de venta\",\n    \"payment_form\": {\n        \"payment_form_id\": \"1\",\n        \"payment_method_id\": 10,\n        \"payment_due_date\": \"2025-12-01\",\n        \"duration_measure\": \"0\"\n    },\n    \"customer\": {\n        \"identification_number\": \"222222222222\",\n        \"dv\": null,\n        \"name\": \"Consumidor Final\",\n        \"phone\": null,\n        \"address\": null,\n        \"email\": null,\n        \"type_document_identification_id\": 3,\n        \"type_organization_id\": null,\n        \"tax_id\": null,\n        \"type_liability_id\": null,\n        \"type_regime_id\": null,\n        \"municipality_id\": null\n    },\n    \"invoice_lines\": [\n        {\n            \"type_item_identification_id\": \"4\",\n            \"code\": \"46\",\n            \"description\": \"servicio1\",\n            \"invoiced_quantity\": \"2\",\n            \"unit_measure_id\": \"70\",\n            \"line_extension_amount\": \"1600.00\",\n            \"free_of_charge_indicator\": false,\n            \"price_amount\": \"800.00\",\n            \"base_quantity\": \"2\",\n            \"tax_totals\": [\n                {\n                    \"tax_id\": 1,\n                    \"tax_amount\": \"0.00\",\n                    \"taxable_amount\": \"1600.00\",\n                    \"percent\": \"0\"\n                }\n            ]\n        },\n        {\n            \"type_item_identification_id\": \"4\",\n            \"code\": \"-2\",\n            \"description\": \"servicio contable\",\n            \"invoiced_quantity\": \"1\",\n            \"unit_measure_id\": \"70\",\n            \"line_extension_amount\": \"600.00\",\n            \"free_of_charge_indicator\": false,\n            \"price_amount\": \"600.00\",\n            \"base_quantity\": \"1\",\n            \"tax_totals\": [\n                {\n                    \"tax_id\": 1,\n                    \"tax_amount\": \"0.00\",\n                    \"taxable_amount\": \"600.00\",\n                    \"percent\": \"0\"\n                }\n            ]\n        }\n    ],\n    \"tax_totals\": [\n        {\n            \"tax_id\": 1,\n            \"tax_amount\": \"0.00\",\n            \"percent\": \"0\",\n            \"taxable_amount\": \"2200.00\"\n        }\n    ],\n    \"legal_monetary_totals\": {\n        \"line_extension_amount\": \"2200.00\",\n        \"tax_exclusive_amount\": \"2200.00\",\n        \"tax_inclusive_amount\": \"2200.00\",\n        \"allowance_total_amount\": \"500.00\",\n        \"charge_total_amount\": \"0.00\",\n        \"payable_amount\": \"1700.00\"\n    },\n    \"allowance_charges\": [\n        {\n            \"discount_id\": 1,\n            \"charge_indicator\": false,\n            \"allowance_charge_reason\": \"DESCUENTO GENERAL\",\n            \"amount\": \"500.00\",\n            \"base_amount\": \"2200.00\"\n        }\n    ]\n}',NULL,'Regla: FAK55, Notificación: Correo electrónico no informado // Regla: RUT01, Notificación: La validación del estado del RUT próximamente estará disponible., IsValid = true, StatusDescription = Procesado Correctamente., StatusMessage = La Factura electrónica TWC9, ha sido autorizada.','Regla: CAK55, Notificación: Correo electrónico no informado, Regla: RUT01, Notificación: La validación del estado del RUT próximamente estará disponible. IsValid = \"\"true\"\", StatusDescription = Procesado Correctamente., La Nota de crédito electrónica NCQO3, ha sido autorizada.',1,'2025-12-01 06:23:38','2025-12-01 06:23:36'),(12,1,2,13,176,1,2,10,'TWC-10','TWC','18764101781362','775d2fc40f6f1f06d316ac14e7220a8c38f0ab937a745361fbf65b0bdf1f5784','7da326b76f01c979653cae6f0604ec0dcdf9432251c74168b193e9841362fe319f3ccaa4dcafee10932c55c357823e0b','https://catalogo-vpfe.dian.gov.co/document/searchqr?documentkey=7da326b76f01c979653cae6f0604ec0dcdf9432251c74168b193e9841362fe319f3ccaa4dcafee10932c55c357823e0b','1094917508/FES-TWC10','1094917508','2025-12-01 06:27:36','222222222222','Consumidor Final',NULL,'https://catalogo-vpfe.dian.gov.co/document/searchqr?documentkey=7da326b76f01c979653cae6f0604ec0dcdf9432251c74168b193e9841362fe319f3ccaa4dcafee10932c55c357823e0b',1,'NCQO',5,'9faa943ae4134f61bbabcbcb0ce97c222abb17fbafabb1356c403597d1fccd31655e41897dd03e913401d83b6773a022','https://catalogo-vpfe.dian.gov.co/document/searchqr?documentkey=9faa943ae4134f61bbabcbcb0ce97c222abb17fbafabb1356c403597d1fccd31655e41897dd03e913401d83b6773a022','https://catalogo-vpfe.dian.gov.co/document/searchqr?documentkey=9faa943ae4134f61bbabcbcb0ce97c222abb17fbafabb1356c403597d1fccd31655e41897dd03e913401d83b6773a022','1094917508/NCS-NCQO5','2025-12-01 00:00:00',1,'{\n    \"prefix\": \"TWC\",\n    \"number\": \"10\",\n    \"type_document_id\": \"1\",\n    \"date\": \"2025-12-01\",\n    \"time\": \"01:27:36\",\n    \"resolution_number\": \"18764101781362\",\n    \"sendmail\": false,\n    \"notes\": \"Factura Electroncia de venta\",\n    \"payment_form\": {\n        \"payment_form_id\": \"1\",\n        \"payment_method_id\": 10,\n        \"payment_due_date\": \"2025-12-01\",\n        \"duration_measure\": \"0\"\n    },\n    \"customer\": {\n        \"identification_number\": \"222222222222\",\n        \"dv\": null,\n        \"name\": \"Consumidor Final\",\n        \"phone\": null,\n        \"address\": null,\n        \"email\": null,\n        \"type_document_identification_id\": 3,\n        \"type_organization_id\": null,\n        \"tax_id\": null,\n        \"type_liability_id\": null,\n        \"type_regime_id\": null,\n        \"municipality_id\": null\n    },\n    \"invoice_lines\": [\n        {\n            \"type_item_identification_id\": \"4\",\n            \"code\": \"46\",\n            \"description\": \"servicio1\",\n            \"invoiced_quantity\": \"1.45\",\n            \"unit_measure_id\": \"70\",\n            \"line_extension_amount\": \"1160.00\",\n            \"free_of_charge_indicator\": false,\n            \"price_amount\": \"800.00\",\n            \"base_quantity\": \"1.45\",\n            \"tax_totals\": [\n                {\n                    \"tax_id\": 1,\n                    \"tax_amount\": \"0.00\",\n                    \"taxable_amount\": \"1160.00\",\n                    \"percent\": \"0\"\n                }\n            ]\n        }\n    ],\n    \"tax_totals\": [\n        {\n            \"tax_id\": 1,\n            \"tax_amount\": \"0.00\",\n            \"percent\": \"0\",\n            \"taxable_amount\": \"1160.00\"\n        }\n    ],\n    \"legal_monetary_totals\": {\n        \"line_extension_amount\": \"1160.00\",\n        \"tax_exclusive_amount\": \"1160.00\",\n        \"tax_inclusive_amount\": \"1160.00\",\n        \"allowance_total_amount\": \"0.00\",\n        \"charge_total_amount\": \"0.00\",\n        \"payable_amount\": \"1160.00\"\n    }\n}',NULL,'Regla: FAK55, Notificación: Correo electrónico no informado // Regla: RUT01, Notificación: La validación del estado del RUT próximamente estará disponible., IsValid = true, StatusDescription = Procesado Correctamente., StatusMessage = La Factura electrónica TWC10, ha sido autorizada.','Regla: CAK55, Notificación: Correo electrónico no informado, Regla: RUT01, Notificación: La validación del estado del RUT próximamente estará disponible. IsValid = \"\"true\"\", StatusDescription = Procesado Correctamente., La Nota de crédito electrónica NCQO5, ha sido autorizada.',1,'2025-12-01 06:27:38','2025-12-01 06:27:36'),(13,1,2,13,177,1,1,11,'TWC-11','TWC','18764101781362','775d2fc40f6f1f06d316ac14e7220a8c38f0ab937a745361fbf65b0bdf1f5784','3a10c84d2acca10b526fe8914fd5278a602ad2fc608e3ee69dc5bfd8e88934855b6d3ff9f1e2315c825896cd27db8fb1','https://catalogo-vpfe.dian.gov.co/document/searchqr?documentkey=3a10c84d2acca10b526fe8914fd5278a602ad2fc608e3ee69dc5bfd8e88934855b6d3ff9f1e2315c825896cd27db8fb1','1094917508/FES-TWC11','1094917508','2025-12-01 06:28:13','222222222222','Consumidor Final',NULL,'https://catalogo-vpfe.dian.gov.co/document/searchqr?documentkey=3a10c84d2acca10b526fe8914fd5278a602ad2fc608e3ee69dc5bfd8e88934855b6d3ff9f1e2315c825896cd27db8fb1',0,NULL,NULL,NULL,NULL,NULL,NULL,NULL,1,'{\n    \"prefix\": \"TWC\",\n    \"number\": \"11\",\n    \"type_document_id\": \"1\",\n    \"date\": \"2025-12-01\",\n    \"time\": \"01:28:13\",\n    \"resolution_number\": \"18764101781362\",\n    \"sendmail\": false,\n    \"notes\": \"Factura Electroncia de venta\",\n    \"payment_form\": {\n        \"payment_form_id\": \"1\",\n        \"payment_method_id\": 10,\n        \"payment_due_date\": \"2025-12-01\",\n        \"duration_measure\": \"0\"\n    },\n    \"customer\": {\n        \"identification_number\": \"222222222222\",\n        \"dv\": null,\n        \"name\": \"Consumidor Final\",\n        \"phone\": null,\n        \"address\": null,\n        \"email\": null,\n        \"type_document_identification_id\": 3,\n        \"type_organization_id\": null,\n        \"tax_id\": null,\n        \"type_liability_id\": null,\n        \"type_regime_id\": null,\n        \"municipality_id\": null\n    },\n    \"invoice_lines\": [\n        {\n            \"type_item_identification_id\": \"4\",\n            \"code\": \"46\",\n            \"description\": \"servicio1\",\n            \"invoiced_quantity\": \"1.55\",\n            \"unit_measure_id\": \"70\",\n            \"line_extension_amount\": \"1240.00\",\n            \"free_of_charge_indicator\": false,\n            \"price_amount\": \"800.00\",\n            \"base_quantity\": \"1.55\",\n            \"tax_totals\": [\n                {\n                    \"tax_id\": 1,\n                    \"tax_amount\": \"0.00\",\n                    \"taxable_amount\": \"1240.00\",\n                    \"percent\": \"0\"\n                }\n            ]\n        }\n    ],\n    \"tax_totals\": [\n        {\n            \"tax_id\": 1,\n            \"tax_amount\": \"0.00\",\n            \"percent\": \"0\",\n            \"taxable_amount\": \"1240.00\"\n        }\n    ],\n    \"legal_monetary_totals\": {\n        \"line_extension_amount\": \"1240.00\",\n        \"tax_exclusive_amount\": \"1240.00\",\n        \"tax_inclusive_amount\": \"1240.00\",\n        \"allowance_total_amount\": \"321.00\",\n        \"charge_total_amount\": \"0.00\",\n        \"payable_amount\": \"919.00\"\n    },\n    \"allowance_charges\": [\n        {\n            \"discount_id\": 1,\n            \"charge_indicator\": false,\n            \"allowance_charge_reason\": \"DESCUENTO GENERAL\",\n            \"amount\": \"321.00\",\n            \"base_amount\": \"1240.00\"\n        }\n    ]\n}',NULL,'Regla: FAK55, Notificación: Correo electrónico no informado // Regla: RUT01, Notificación: La validación del estado del RUT próximamente estará disponible., IsValid = true, StatusDescription = Procesado Correctamente., StatusMessage = La Factura electrónica TWC11, ha sido autorizada.',NULL,1,'2025-12-01 06:28:15','2025-12-01 06:28:13'),(18,1,2,13,182,1,2,12,'TWC-12','TWC','18764101781362','775d2fc40f6f1f06d316ac14e7220a8c38f0ab937a745361fbf65b0bdf1f5784','b987ad84e1a6b81bdba4db58a002b3845b2ced79e2c9794e6cbaa268736939d79a989c9a58749421490624a18af71fc4','https://catalogo-vpfe.dian.gov.co/document/searchqr?documentkey=b987ad84e1a6b81bdba4db58a002b3845b2ced79e2c9794e6cbaa268736939d79a989c9a58749421490624a18af71fc4','1094917508/FES-TWC12','1094917508','2025-12-01 23:54:50','222222222222','Consumidor Final',NULL,'https://catalogo-vpfe.dian.gov.co/document/searchqr?documentkey=b987ad84e1a6b81bdba4db58a002b3845b2ced79e2c9794e6cbaa268736939d79a989c9a58749421490624a18af71fc4',1,'NCQO',6,'3418808ba775b82d9ee31c2e5c56ddaf7fbb0355a08632bbeb08fb61bbeb69d0dceb787591b892ff766ad568e75e19a7','https://catalogo-vpfe.dian.gov.co/document/searchqr?documentkey=3418808ba775b82d9ee31c2e5c56ddaf7fbb0355a08632bbeb08fb61bbeb69d0dceb787591b892ff766ad568e75e19a7','https://catalogo-vpfe.dian.gov.co/document/searchqr?documentkey=3418808ba775b82d9ee31c2e5c56ddaf7fbb0355a08632bbeb08fb61bbeb69d0dceb787591b892ff766ad568e75e19a7','1094917508/NCS-NCQO6','2025-12-01 21:00:00',1,'{\n    \"prefix\": \"TWC\",\n    \"number\": \"12\",\n    \"type_document_id\": \"1\",\n    \"date\": \"2025-12-01\",\n    \"time\": \"18:54:50\",\n    \"resolution_number\": \"18764101781362\",\n    \"sendmail\": false,\n    \"notes\": \"Factura Electroncia de venta\",\n    \"payment_form\": {\n        \"payment_form_id\": \"1\",\n        \"payment_method_id\": 10,\n        \"payment_due_date\": \"2025-12-01\",\n        \"duration_measure\": \"0\"\n    },\n    \"customer\": {\n        \"identification_number\": \"222222222222\",\n        \"dv\": null,\n        \"name\": \"Consumidor Final\",\n        \"phone\": null,\n        \"address\": null,\n        \"email\": null,\n        \"type_document_identification_id\": 3,\n        \"type_organization_id\": null,\n        \"tax_id\": null,\n        \"type_liability_id\": null,\n        \"type_regime_id\": null,\n        \"municipality_id\": null\n    },\n    \"invoice_lines\": [\n        {\n            \"type_item_identification_id\": \"4\",\n            \"code\": \"46\",\n            \"description\": \"servicio1\",\n            \"invoiced_quantity\": \"1\",\n            \"unit_measure_id\": \"70\",\n            \"line_extension_amount\": \"800.00\",\n            \"free_of_charge_indicator\": false,\n            \"price_amount\": \"800.00\",\n            \"base_quantity\": \"1\",\n            \"tax_totals\": [\n                {\n                    \"tax_id\": 1,\n                    \"tax_amount\": \"0.00\",\n                    \"taxable_amount\": \"800.00\",\n                    \"percent\": \"0\"\n                }\n            ]\n        }\n    ],\n    \"tax_totals\": [\n        {\n            \"tax_id\": 1,\n            \"tax_amount\": \"0.00\",\n            \"percent\": \"0\",\n            \"taxable_amount\": \"800.00\"\n        }\n    ],\n    \"legal_monetary_totals\": {\n        \"line_extension_amount\": \"800.00\",\n        \"tax_exclusive_amount\": \"800.00\",\n        \"tax_inclusive_amount\": \"800.00\",\n        \"allowance_total_amount\": \"0.00\",\n        \"charge_total_amount\": \"0.00\",\n        \"payable_amount\": \"800.00\"\n    }\n}',NULL,'Regla: FAK55, Notificación: Correo electrónico no informado // Regla: RUT01, Notificación: La validación del estado del RUT próximamente estará disponible., IsValid = true, StatusDescription = Procesado Correctamente., StatusMessage = La Factura electrónica TWC12, ha sido autorizada.','Regla: CAK55, Notificación: Correo electrónico no informado, Regla: RUT01, Notificación: La validación del estado del RUT próximamente estará disponible. IsValid = \"\"true\"\", StatusDescription = Procesado Correctamente., La Nota de crédito electrónica NCQO6, ha sido autorizada.',1,'2025-12-01 23:54:55','2025-12-01 23:54:50'),(19,1,2,13,183,1,2,13,'TWC-13','TWC','18764101781362','775d2fc40f6f1f06d316ac14e7220a8c38f0ab937a745361fbf65b0bdf1f5784','562e8821fa74acb4d226fe7981d3f3f0d971be53c1ccc3d253deaaedb03425064013f609c336e511225c5a5b4a0c3e23','https://catalogo-vpfe.dian.gov.co/document/searchqr?documentkey=562e8821fa74acb4d226fe7981d3f3f0d971be53c1ccc3d253deaaedb03425064013f609c336e511225c5a5b4a0c3e23','1094917508/FES-TWC13','1094917508','2025-12-01 23:57:53','222222222222','Consumidor Final',NULL,'https://catalogo-vpfe.dian.gov.co/document/searchqr?documentkey=562e8821fa74acb4d226fe7981d3f3f0d971be53c1ccc3d253deaaedb03425064013f609c336e511225c5a5b4a0c3e23',1,'NCQO',7,'babeff9f464e9f610ac08b5a0048e6466a5b805cf865f5e34ac361f8c8aec4a8fc09e9797076e6189a8239bdaab413a9','https://catalogo-vpfe.dian.gov.co/document/searchqr?documentkey=babeff9f464e9f610ac08b5a0048e6466a5b805cf865f5e34ac361f8c8aec4a8fc09e9797076e6189a8239bdaab413a9','https://catalogo-vpfe.dian.gov.co/document/searchqr?documentkey=babeff9f464e9f610ac08b5a0048e6466a5b805cf865f5e34ac361f8c8aec4a8fc09e9797076e6189a8239bdaab413a9','1094917508/NCS-NCQO7','2025-12-01 21:00:00',1,'{\n    \"prefix\": \"TWC\",\n    \"number\": \"13\",\n    \"type_document_id\": \"1\",\n    \"date\": \"2025-12-01\",\n    \"time\": \"18:57:53\",\n    \"resolution_number\": \"18764101781362\",\n    \"sendmail\": false,\n    \"notes\": \"Factura Electroncia de venta\",\n    \"payment_form\": {\n        \"payment_form_id\": \"1\",\n        \"payment_method_id\": 10,\n        \"payment_due_date\": \"2025-12-01\",\n        \"duration_measure\": \"0\"\n    },\n    \"customer\": {\n        \"identification_number\": \"222222222222\",\n        \"dv\": null,\n        \"name\": \"Consumidor Final\",\n        \"phone\": null,\n        \"address\": null,\n        \"email\": null,\n        \"type_document_identification_id\": 3,\n        \"type_organization_id\": null,\n        \"tax_id\": null,\n        \"type_liability_id\": null,\n        \"type_regime_id\": null,\n        \"municipality_id\": null\n    },\n    \"invoice_lines\": [\n        {\n            \"type_item_identification_id\": \"4\",\n            \"code\": \"46\",\n            \"description\": \"servicio1\",\n            \"invoiced_quantity\": \"2\",\n            \"unit_measure_id\": \"70\",\n            \"line_extension_amount\": \"1600.00\",\n            \"free_of_charge_indicator\": false,\n            \"price_amount\": \"800.00\",\n            \"base_quantity\": \"2\",\n            \"tax_totals\": [\n                {\n                    \"tax_id\": 1,\n                    \"tax_amount\": \"0.00\",\n                    \"taxable_amount\": \"1600.00\",\n                    \"percent\": \"0\"\n                }\n            ]\n        }\n    ],\n    \"tax_totals\": [\n        {\n            \"tax_id\": 1,\n            \"tax_amount\": \"0.00\",\n            \"percent\": \"0\",\n            \"taxable_amount\": \"1600.00\"\n        }\n    ],\n    \"legal_monetary_totals\": {\n        \"line_extension_amount\": \"1600.00\",\n        \"tax_exclusive_amount\": \"1600.00\",\n        \"tax_inclusive_amount\": \"1600.00\",\n        \"allowance_total_amount\": \"0.00\",\n        \"charge_total_amount\": \"0.00\",\n        \"payable_amount\": \"1600.00\"\n    }\n}',NULL,'Regla: FAK55, Notificación: Correo electrónico no informado // Regla: RUT01, Notificación: La validación del estado del RUT próximamente estará disponible., IsValid = true, StatusDescription = Procesado Correctamente., StatusMessage = La Factura electrónica TWC13, ha sido autorizada.','Regla: CAK55, Notificación: Correo electrónico no informado, Regla: RUT01, Notificación: La validación del estado del RUT próximamente estará disponible. IsValid = \"\"true\"\", StatusDescription = Procesado Correctamente., La Nota de crédito electrónica NCQO7, ha sido autorizada.',1,'2025-12-01 23:57:55','2025-12-01 23:57:53'),(20,1,2,13,184,1,2,14,'TWC-14','TWC','18764101781362','775d2fc40f6f1f06d316ac14e7220a8c38f0ab937a745361fbf65b0bdf1f5784','9242ac6714f5febde4360b3111d7d4374125d0657811e186ecdf2dd091534251132ead9bee077cc46f5711bf39016f58','https://catalogo-vpfe.dian.gov.co/document/searchqr?documentkey=9242ac6714f5febde4360b3111d7d4374125d0657811e186ecdf2dd091534251132ead9bee077cc46f5711bf39016f58','1094917508/FES-TWC14','1094917508','2025-12-01 23:58:09','222222222222','Consumidor Final',NULL,'https://catalogo-vpfe.dian.gov.co/document/searchqr?documentkey=9242ac6714f5febde4360b3111d7d4374125d0657811e186ecdf2dd091534251132ead9bee077cc46f5711bf39016f58',1,'NCQO',8,'0c193b345f635157d572aa1dbb8e9187439a0056e4e2ca5026ffe88704e644786bec93b7a1e6a3af32e3870ce5bc957f','https://catalogo-vpfe.dian.gov.co/document/searchqr?documentkey=0c193b345f635157d572aa1dbb8e9187439a0056e4e2ca5026ffe88704e644786bec93b7a1e6a3af32e3870ce5bc957f','https://catalogo-vpfe.dian.gov.co/document/searchqr?documentkey=0c193b345f635157d572aa1dbb8e9187439a0056e4e2ca5026ffe88704e644786bec93b7a1e6a3af32e3870ce5bc957f','1094917508/NCS-NCQO8','2025-12-01 23:12:05',1,'{\n    \"prefix\": \"TWC\",\n    \"number\": \"14\",\n    \"type_document_id\": \"1\",\n    \"date\": \"2025-12-01\",\n    \"time\": \"18:58:09\",\n    \"resolution_number\": \"18764101781362\",\n    \"sendmail\": false,\n    \"notes\": \"Factura Electroncia de venta\",\n    \"payment_form\": {\n        \"payment_form_id\": \"1\",\n        \"payment_method_id\": 10,\n        \"payment_due_date\": \"2025-12-01\",\n        \"duration_measure\": \"0\"\n    },\n    \"customer\": {\n        \"identification_number\": \"222222222222\",\n        \"dv\": null,\n        \"name\": \"Consumidor Final\",\n        \"phone\": null,\n        \"address\": null,\n        \"email\": null,\n        \"type_document_identification_id\": 3,\n        \"type_organization_id\": null,\n        \"tax_id\": null,\n        \"type_liability_id\": null,\n        \"type_regime_id\": null,\n        \"municipality_id\": null\n    },\n    \"invoice_lines\": [\n        {\n            \"type_item_identification_id\": \"4\",\n            \"code\": \"46\",\n            \"description\": \"servicio1\",\n            \"invoiced_quantity\": \"1\",\n            \"unit_measure_id\": \"70\",\n            \"line_extension_amount\": \"800.00\",\n            \"free_of_charge_indicator\": false,\n            \"price_amount\": \"800.00\",\n            \"base_quantity\": \"1\",\n            \"tax_totals\": [\n                {\n                    \"tax_id\": 1,\n                    \"tax_amount\": \"0.00\",\n                    \"taxable_amount\": \"800.00\",\n                    \"percent\": \"0\"\n                }\n            ]\n        }\n    ],\n    \"tax_totals\": [\n        {\n            \"tax_id\": 1,\n            \"tax_amount\": \"0.00\",\n            \"percent\": \"0\",\n            \"taxable_amount\": \"800.00\"\n        }\n    ],\n    \"legal_monetary_totals\": {\n        \"line_extension_amount\": \"800.00\",\n        \"tax_exclusive_amount\": \"800.00\",\n        \"tax_inclusive_amount\": \"800.00\",\n        \"allowance_total_amount\": \"0.00\",\n        \"charge_total_amount\": \"0.00\",\n        \"payable_amount\": \"800.00\"\n    }\n}','{\n    \"billing_reference\": {\n        \"number\": \"TWC14\",\n        \"uuid\": \"9242ac6714f5febde4360b3111d7d4374125d0657811e186ecdf2dd091534251132ead9bee077cc46f5711bf39016f58\",\n        \"issue_date\": \"2025-12-01\"\n    },\n    \"discrepancyresponsecode\": 2,\n    \"discrepancyresponsedescription\": \"Nota credito total a factura\",\n    \"notes\": \"Nota credito\",\n    \"prefix\": \"NCQO\",\n    \"number\": \"8\",\n    \"type_document_id\": 4,\n    \"date\": \"2025-12-01\",\n    \"time\": \"23:12:03\",\n    \"type_operation_id\": 12,\n    \"sendmail\": false,\n    \"sendmailtome\": false,\n    \"head_note\": \"Este documento es una nota crédito con referencia generada automáticamente.\",\n    \"foot_note\": \"Gracias por su atención. Cualquier duda comuníquese con servicio al cliente.\",\n    \"customer\": {\n        \"identification_number\": \"222222222222\",\n        \"dv\": null,\n        \"name\": \"Consumidor Final\",\n        \"phone\": null,\n        \"address\": null,\n        \"email\": null,\n        \"type_document_identification_id\": 3,\n        \"type_organization_id\": null,\n        \"tax_id\": null,\n        \"type_liability_id\": null,\n        \"type_regime_id\": null,\n        \"municipality_id\": null\n    },\n    \"credit_note_lines\": [\n        {\n            \"type_item_identification_id\": \"4\",\n            \"code\": \"46\",\n            \"description\": \"servicio1\",\n            \"invoiced_quantity\": \"1\",\n            \"unit_measure_id\": \"70\",\n            \"line_extension_amount\": \"800.00\",\n            \"free_of_charge_indicator\": false,\n            \"price_amount\": \"800.00\",\n            \"base_quantity\": \"1\",\n            \"tax_totals\": [\n                {\n                    \"tax_id\": 1,\n                    \"tax_amount\": \"0.00\",\n                    \"taxable_amount\": \"800.00\",\n                    \"percent\": \"0\"\n                }\n            ]\n        }\n    ],\n    \"tax_totals\": [\n        {\n            \"tax_id\": 1,\n            \"tax_amount\": \"0.00\",\n            \"percent\": \"0\",\n            \"taxable_amount\": \"800.00\"\n        }\n    ],\n    \"legal_monetary_totals\": {\n        \"line_extension_amount\": \"800.00\",\n        \"tax_exclusive_amount\": \"800.00\",\n        \"tax_inclusive_amount\": \"800.00\",\n        \"allowance_total_amount\": \"0.00\",\n        \"charge_total_amount\": \"0.00\",\n        \"payable_amount\": \"800.00\"\n    }\n}','Regla: FAK55, Notificación: Correo electrónico no informado // Regla: RUT01, Notificación: La validación del estado del RUT próximamente estará disponible., IsValid = true, StatusDescription = Procesado Correctamente., StatusMessage = La Factura electrónica TWC14, ha sido autorizada.','Regla: CAK55, Notificación: Correo electrónico no informado, Regla: RUT01, Notificación: La validación del estado del RUT próximamente estará disponible. IsValid = \"\"true\"\", StatusDescription = Procesado Correctamente., La Nota de crédito electrónica NCQO8, ha sido autorizada.',1,'2025-12-01 23:58:10','2025-12-01 23:58:09'),(21,1,2,13,185,1,2,15,'TWC-15','TWC','18764101781362','775d2fc40f6f1f06d316ac14e7220a8c38f0ab937a745361fbf65b0bdf1f5784','1212fbe70db186e0d0bdc3c056a6202d3353c93b10635dda53c9e01c3d24a81e415712f425e95a85dc5d7c8aa8c23a05','https://catalogo-vpfe.dian.gov.co/document/searchqr?documentkey=1212fbe70db186e0d0bdc3c056a6202d3353c93b10635dda53c9e01c3d24a81e415712f425e95a85dc5d7c8aa8c23a05','1094917508/FES-TWC15','1094917508','2025-12-02 04:15:09','222222222222','Consumidor Final',NULL,'https://catalogo-vpfe.dian.gov.co/document/searchqr?documentkey=1212fbe70db186e0d0bdc3c056a6202d3353c93b10635dda53c9e01c3d24a81e415712f425e95a85dc5d7c8aa8c23a05',1,'NCQO',9,NULL,NULL,NULL,NULL,NULL,1,'{\n    \"prefix\": \"TWC\",\n    \"number\": \"15\",\n    \"type_document_id\": \"1\",\n    \"date\": \"2025-12-01\",\n    \"time\": \"23:15:09\",\n    \"resolution_number\": \"18764101781362\",\n    \"sendmail\": false,\n    \"notes\": \"Factura Electroncia de venta\",\n    \"payment_form\": {\n        \"payment_form_id\": \"1\",\n        \"payment_method_id\": 10,\n        \"payment_due_date\": \"2025-12-01\",\n        \"duration_measure\": \"0\"\n    },\n    \"customer\": {\n        \"identification_number\": \"222222222222\",\n        \"dv\": null,\n        \"name\": \"Consumidor Final\",\n        \"phone\": null,\n        \"address\": null,\n        \"email\": null,\n        \"type_document_identification_id\": 3,\n        \"type_organization_id\": null,\n        \"tax_id\": null,\n        \"type_liability_id\": null,\n        \"type_regime_id\": null,\n        \"municipality_id\": null\n    },\n    \"invoice_lines\": [\n        {\n            \"type_item_identification_id\": \"4\",\n            \"code\": \"46\",\n            \"description\": \"servicio1\",\n            \"invoiced_quantity\": \"1\",\n            \"unit_measure_id\": \"70\",\n            \"line_extension_amount\": \"800.00\",\n            \"free_of_charge_indicator\": false,\n            \"price_amount\": \"800.00\",\n            \"base_quantity\": \"1\",\n            \"tax_totals\": [\n                {\n                    \"tax_id\": 1,\n                    \"tax_amount\": \"0.00\",\n                    \"taxable_amount\": \"800.00\",\n                    \"percent\": \"0\"\n                }\n            ]\n        }\n    ],\n    \"tax_totals\": [\n        {\n            \"tax_id\": 1,\n            \"tax_amount\": \"0.00\",\n            \"percent\": \"0\",\n            \"taxable_amount\": \"800.00\"\n        }\n    ],\n    \"legal_monetary_totals\": {\n        \"line_extension_amount\": \"800.00\",\n        \"tax_exclusive_amount\": \"800.00\",\n        \"tax_inclusive_amount\": \"800.00\",\n        \"allowance_total_amount\": \"0.00\",\n        \"charge_total_amount\": \"0.00\",\n        \"payable_amount\": \"800.00\"\n    }\n}',NULL,'Regla: FAK55, Notificación: Correo electrónico no informado // Regla: RUT01, Notificación: La validación del estado del RUT próximamente estará disponible., IsValid = true, StatusDescription = Procesado Correctamente., StatusMessage = La Factura electrónica TWC15, ha sido autorizada.',NULL,1,'2025-12-02 04:15:11','2025-12-02 04:15:09'),(22,1,2,13,186,1,2,16,'TWC-16','TWC','18764101781362','775d2fc40f6f1f06d316ac14e7220a8c38f0ab937a745361fbf65b0bdf1f5784','e2b616d1681149e3ed88ed7e06d13533784bba79d9c954c9ec11c678924035c525a3781bfa489b86cea5497198d97a4c','https://catalogo-vpfe.dian.gov.co/document/searchqr?documentkey=e2b616d1681149e3ed88ed7e06d13533784bba79d9c954c9ec11c678924035c525a3781bfa489b86cea5497198d97a4c','1094917508/FES-TWC16','1094917508','2025-12-02 04:15:34','222222222222','Consumidor Final',NULL,'https://catalogo-vpfe.dian.gov.co/document/searchqr?documentkey=e2b616d1681149e3ed88ed7e06d13533784bba79d9c954c9ec11c678924035c525a3781bfa489b86cea5497198d97a4c',1,'NCQO',10,NULL,NULL,NULL,NULL,NULL,1,'{\n    \"prefix\": \"TWC\",\n    \"number\": \"16\",\n    \"type_document_id\": \"1\",\n    \"date\": \"2025-12-01\",\n    \"time\": \"23:15:34\",\n    \"resolution_number\": \"18764101781362\",\n    \"sendmail\": false,\n    \"notes\": \"Factura Electroncia de venta\",\n    \"payment_form\": {\n        \"payment_form_id\": \"1\",\n        \"payment_method_id\": 10,\n        \"payment_due_date\": \"2025-12-01\",\n        \"duration_measure\": \"0\"\n    },\n    \"customer\": {\n        \"identification_number\": \"222222222222\",\n        \"dv\": null,\n        \"name\": \"Consumidor Final\",\n        \"phone\": null,\n        \"address\": null,\n        \"email\": null,\n        \"type_document_identification_id\": 3,\n        \"type_organization_id\": null,\n        \"tax_id\": null,\n        \"type_liability_id\": null,\n        \"type_regime_id\": null,\n        \"municipality_id\": null\n    },\n    \"invoice_lines\": [\n        {\n            \"type_item_identification_id\": \"4\",\n            \"code\": \"46\",\n            \"description\": \"servicio1\",\n            \"invoiced_quantity\": \"1\",\n            \"unit_measure_id\": \"70\",\n            \"line_extension_amount\": \"800.00\",\n            \"free_of_charge_indicator\": false,\n            \"price_amount\": \"800.00\",\n            \"base_quantity\": \"1\",\n            \"tax_totals\": [\n                {\n                    \"tax_id\": 1,\n                    \"tax_amount\": \"0.00\",\n                    \"taxable_amount\": \"800.00\",\n                    \"percent\": \"0\"\n                }\n            ]\n        }\n    ],\n    \"tax_totals\": [\n        {\n            \"tax_id\": 1,\n            \"tax_amount\": \"0.00\",\n            \"percent\": \"0\",\n            \"taxable_amount\": \"800.00\"\n        }\n    ],\n    \"legal_monetary_totals\": {\n        \"line_extension_amount\": \"800.00\",\n        \"tax_exclusive_amount\": \"800.00\",\n        \"tax_inclusive_amount\": \"800.00\",\n        \"allowance_total_amount\": \"0.00\",\n        \"charge_total_amount\": \"0.00\",\n        \"payable_amount\": \"800.00\"\n    }\n}',NULL,'Regla: FAK55, Notificación: Correo electrónico no informado // Regla: RUT01, Notificación: La validación del estado del RUT próximamente estará disponible., IsValid = true, StatusDescription = Procesado Correctamente., StatusMessage = La Factura electrónica TWC16, ha sido autorizada.',NULL,1,'2025-12-02 04:15:36','2025-12-02 04:15:34'),(23,1,2,13,187,1,2,17,'TWC-17','TWC','18764101781362','775d2fc40f6f1f06d316ac14e7220a8c38f0ab937a745361fbf65b0bdf1f5784','389252c89e055138673f15452dbfba044bc9fca6fe8d5697115419b6725a6f33f3402138252f6329d94af8326cdb175c','https://catalogo-vpfe.dian.gov.co/document/searchqr?documentkey=389252c89e055138673f15452dbfba044bc9fca6fe8d5697115419b6725a6f33f3402138252f6329d94af8326cdb175c','1094917508/FES-TWC17','1094917508','2025-12-02 04:15:39','222222222222','Consumidor Final',NULL,'https://catalogo-vpfe.dian.gov.co/document/searchqr?documentkey=389252c89e055138673f15452dbfba044bc9fca6fe8d5697115419b6725a6f33f3402138252f6329d94af8326cdb175c',1,'NCQO',11,'3f328881fe921ffaa53450174b3ebbcb7056f91406e7c57269b28c9c84ed73a9861e62d2c131dcf8033f81c00492486a','https://catalogo-vpfe.dian.gov.co/document/searchqr?documentkey=3f328881fe921ffaa53450174b3ebbcb7056f91406e7c57269b28c9c84ed73a9861e62d2c131dcf8033f81c00492486a','https://catalogo-vpfe.dian.gov.co/document/searchqr?documentkey=3f328881fe921ffaa53450174b3ebbcb7056f91406e7c57269b28c9c84ed73a9861e62d2c131dcf8033f81c00492486a','1094917508/NCS-NCQO11','2025-12-01 23:32:30',1,'{\n    \"prefix\": \"TWC\",\n    \"number\": \"17\",\n    \"type_document_id\": \"1\",\n    \"date\": \"2025-12-01\",\n    \"time\": \"23:15:39\",\n    \"resolution_number\": \"18764101781362\",\n    \"sendmail\": false,\n    \"notes\": \"Factura Electroncia de venta\",\n    \"payment_form\": {\n        \"payment_form_id\": \"1\",\n        \"payment_method_id\": 10,\n        \"payment_due_date\": \"2025-12-01\",\n        \"duration_measure\": \"0\"\n    },\n    \"customer\": {\n        \"identification_number\": \"222222222222\",\n        \"dv\": null,\n        \"name\": \"Consumidor Final\",\n        \"phone\": null,\n        \"address\": null,\n        \"email\": null,\n        \"type_document_identification_id\": 3,\n        \"type_organization_id\": null,\n        \"tax_id\": null,\n        \"type_liability_id\": null,\n        \"type_regime_id\": null,\n        \"municipality_id\": null\n    },\n    \"invoice_lines\": [\n        {\n            \"type_item_identification_id\": \"4\",\n            \"code\": \"46\",\n            \"description\": \"servicio1\",\n            \"invoiced_quantity\": \"1\",\n            \"unit_measure_id\": \"70\",\n            \"line_extension_amount\": \"800.00\",\n            \"free_of_charge_indicator\": false,\n            \"price_amount\": \"800.00\",\n            \"base_quantity\": \"1\",\n            \"tax_totals\": [\n                {\n                    \"tax_id\": 1,\n                    \"tax_amount\": \"0.00\",\n                    \"taxable_amount\": \"800.00\",\n                    \"percent\": \"0\"\n                }\n            ]\n        }\n    ],\n    \"tax_totals\": [\n        {\n            \"tax_id\": 1,\n            \"tax_amount\": \"0.00\",\n            \"percent\": \"0\",\n            \"taxable_amount\": \"800.00\"\n        }\n    ],\n    \"legal_monetary_totals\": {\n        \"line_extension_amount\": \"800.00\",\n        \"tax_exclusive_amount\": \"800.00\",\n        \"tax_inclusive_amount\": \"800.00\",\n        \"allowance_total_amount\": \"0.00\",\n        \"charge_total_amount\": \"0.00\",\n        \"payable_amount\": \"800.00\"\n    }\n}','{\n    \"billing_reference\": {\n        \"number\": \"TWC17\",\n        \"uuid\": \"389252c89e055138673f15452dbfba044bc9fca6fe8d5697115419b6725a6f33f3402138252f6329d94af8326cdb175c\",\n        \"issue_date\": \"2025-12-01\"\n    },\n    \"discrepancyresponsecode\": 2,\n    \"discrepancyresponsedescription\": \"Nota credito total a factura\",\n    \"notes\": \"Nota credito\",\n    \"prefix\": \"NCQO\",\n    \"number\": \"11\",\n    \"type_document_id\": 4,\n    \"date\": \"2025-12-01\",\n    \"time\": \"23:32:27\",\n    \"type_operation_id\": 12,\n    \"sendmail\": false,\n    \"sendmailtome\": false,\n    \"head_note\": \"Este documento es una nota crédito con referencia generada automáticamente.\",\n    \"foot_note\": \"Gracias por su atención. Cualquier duda comuníquese con servicio al cliente.\",\n    \"customer\": {\n        \"identification_number\": \"222222222222\",\n        \"dv\": null,\n        \"name\": \"Consumidor Final\",\n        \"phone\": null,\n        \"address\": null,\n        \"email\": null,\n        \"type_document_identification_id\": 3,\n        \"type_organization_id\": null,\n        \"tax_id\": null,\n        \"type_liability_id\": null,\n        \"type_regime_id\": null,\n        \"municipality_id\": null\n    },\n    \"credit_note_lines\": [\n        {\n            \"type_item_identification_id\": \"4\",\n            \"code\": \"46\",\n            \"description\": \"servicio1\",\n            \"invoiced_quantity\": \"1\",\n            \"unit_measure_id\": \"70\",\n            \"line_extension_amount\": \"800.00\",\n            \"free_of_charge_indicator\": false,\n            \"price_amount\": \"800.00\",\n            \"base_quantity\": \"1\",\n            \"tax_totals\": [\n                {\n                    \"tax_id\": 1,\n                    \"tax_amount\": \"0.00\",\n                    \"taxable_amount\": \"800.00\",\n                    \"percent\": \"0\"\n                }\n            ]\n        }\n    ],\n    \"tax_totals\": [\n        {\n            \"tax_id\": 1,\n            \"tax_amount\": \"0.00\",\n            \"percent\": \"0\",\n            \"taxable_amount\": \"800.00\"\n        }\n    ],\n    \"legal_monetary_totals\": {\n        \"line_extension_amount\": \"800.00\",\n        \"tax_exclusive_amount\": \"800.00\",\n        \"tax_inclusive_amount\": \"800.00\",\n        \"allowance_total_amount\": \"0.00\",\n        \"charge_total_amount\": \"0.00\",\n        \"payable_amount\": \"800.00\"\n    }\n}','Regla: FAK55, Notificación: Correo electrónico no informado // Regla: RUT01, Notificación: La validación del estado del RUT próximamente estará disponible., IsValid = true, StatusDescription = Procesado Correctamente., StatusMessage = La Factura electrónica TWC17, ha sido autorizada.','Regla: CAK55, Notificación: Correo electrónico no informado // Regla: RUT01, Notificación: La validación del estado del RUT próximamente estará disponible., IsValid = true, StatusDescription = Procesado Correctamente., StatusMessage = La Nota de crédito electrónica NCQO11, ha sido autorizada.',1,'2025-12-02 04:15:40','2025-12-02 04:15:39'),(24,1,2,13,188,1,2,18,'TWC-18','TWC','18764101781362','775d2fc40f6f1f06d316ac14e7220a8c38f0ab937a745361fbf65b0bdf1f5784','3fef021e723aa4f962d27490f5022cb59a9f681a2a724ccc5e351f81d19178e74387173f41c5fabc440f8b237c188e6e','https://catalogo-vpfe.dian.gov.co/document/searchqr?documentkey=3fef021e723aa4f962d27490f5022cb59a9f681a2a724ccc5e351f81d19178e74387173f41c5fabc440f8b237c188e6e','1094917508/FES-TWC18','1094917508','2025-12-02 04:15:41','222222222222','Consumidor Final',NULL,'https://catalogo-vpfe.dian.gov.co/document/searchqr?documentkey=3fef021e723aa4f962d27490f5022cb59a9f681a2a724ccc5e351f81d19178e74387173f41c5fabc440f8b237c188e6e',1,'NCQO',12,'110b614ddccc499a518bdd60b42a8d0ef40e34786ae4778c14e097c002da0a793a7ee5be20cee9bec9de6f3c72e40ff5','https://catalogo-vpfe.dian.gov.co/document/searchqr?documentkey=110b614ddccc499a518bdd60b42a8d0ef40e34786ae4778c14e097c002da0a793a7ee5be20cee9bec9de6f3c72e40ff5','https://catalogo-vpfe.dian.gov.co/document/searchqr?documentkey=110b614ddccc499a518bdd60b42a8d0ef40e34786ae4778c14e097c002da0a793a7ee5be20cee9bec9de6f3c72e40ff5','1094917508/NCS-NCQO12','2025-12-01 23:34:19',1,'{\n    \"prefix\": \"TWC\",\n    \"number\": \"18\",\n    \"type_document_id\": \"1\",\n    \"date\": \"2025-12-01\",\n    \"time\": \"23:15:41\",\n    \"resolution_number\": \"18764101781362\",\n    \"sendmail\": false,\n    \"notes\": \"Factura Electroncia de venta\",\n    \"payment_form\": {\n        \"payment_form_id\": \"1\",\n        \"payment_method_id\": 10,\n        \"payment_due_date\": \"2025-12-01\",\n        \"duration_measure\": \"0\"\n    },\n    \"customer\": {\n        \"identification_number\": \"222222222222\",\n        \"dv\": null,\n        \"name\": \"Consumidor Final\",\n        \"phone\": null,\n        \"address\": null,\n        \"email\": null,\n        \"type_document_identification_id\": 3,\n        \"type_organization_id\": null,\n        \"tax_id\": null,\n        \"type_liability_id\": null,\n        \"type_regime_id\": null,\n        \"municipality_id\": null\n    },\n    \"invoice_lines\": [\n        {\n            \"type_item_identification_id\": \"4\",\n            \"code\": \"46\",\n            \"description\": \"servicio1\",\n            \"invoiced_quantity\": \"1\",\n            \"unit_measure_id\": \"70\",\n            \"line_extension_amount\": \"800.00\",\n            \"free_of_charge_indicator\": false,\n            \"price_amount\": \"800.00\",\n            \"base_quantity\": \"1\",\n            \"tax_totals\": [\n                {\n                    \"tax_id\": 1,\n                    \"tax_amount\": \"0.00\",\n                    \"taxable_amount\": \"800.00\",\n                    \"percent\": \"0\"\n                }\n            ]\n        }\n    ],\n    \"tax_totals\": [\n        {\n            \"tax_id\": 1,\n            \"tax_amount\": \"0.00\",\n            \"percent\": \"0\",\n            \"taxable_amount\": \"800.00\"\n        }\n    ],\n    \"legal_monetary_totals\": {\n        \"line_extension_amount\": \"800.00\",\n        \"tax_exclusive_amount\": \"800.00\",\n        \"tax_inclusive_amount\": \"800.00\",\n        \"allowance_total_amount\": \"0.00\",\n        \"charge_total_amount\": \"0.00\",\n        \"payable_amount\": \"800.00\"\n    }\n}','{\n    \"billing_reference\": {\n        \"number\": \"TWC18\",\n        \"uuid\": \"3fef021e723aa4f962d27490f5022cb59a9f681a2a724ccc5e351f81d19178e74387173f41c5fabc440f8b237c188e6e\",\n        \"issue_date\": \"2025-12-01\"\n    },\n    \"discrepancyresponsecode\": 2,\n    \"discrepancyresponsedescription\": \"Nota credito total a factura\",\n    \"notes\": \"Nota credito\",\n    \"prefix\": \"NCQO\",\n    \"number\": \"12\",\n    \"type_document_id\": 4,\n    \"date\": \"2025-12-01\",\n    \"time\": \"23:34:17\",\n    \"type_operation_id\": 12,\n    \"sendmail\": false,\n    \"sendmailtome\": false,\n    \"head_note\": \"Este documento es una nota crédito con referencia generada automáticamente.\",\n    \"foot_note\": \"Gracias por su atención. Cualquier duda comuníquese con servicio al cliente.\",\n    \"customer\": {\n        \"identification_number\": \"222222222222\",\n        \"dv\": null,\n        \"name\": \"Consumidor Final\",\n        \"phone\": null,\n        \"address\": null,\n        \"email\": null,\n        \"type_document_identification_id\": 3,\n        \"type_organization_id\": null,\n        \"tax_id\": null,\n        \"type_liability_id\": null,\n        \"type_regime_id\": null,\n        \"municipality_id\": null\n    },\n    \"credit_note_lines\": [\n        {\n            \"type_item_identification_id\": \"4\",\n            \"code\": \"46\",\n            \"description\": \"servicio1\",\n            \"invoiced_quantity\": \"1\",\n            \"unit_measure_id\": \"70\",\n            \"line_extension_amount\": \"800.00\",\n            \"free_of_charge_indicator\": false,\n            \"price_amount\": \"800.00\",\n            \"base_quantity\": \"1\",\n            \"tax_totals\": [\n                {\n                    \"tax_id\": 1,\n                    \"tax_amount\": \"0.00\",\n                    \"taxable_amount\": \"800.00\",\n                    \"percent\": \"0\"\n                }\n            ]\n        }\n    ],\n    \"tax_totals\": [\n        {\n            \"tax_id\": 1,\n            \"tax_amount\": \"0.00\",\n            \"percent\": \"0\",\n            \"taxable_amount\": \"800.00\"\n        }\n    ],\n    \"legal_monetary_totals\": {\n        \"line_extension_amount\": \"800.00\",\n        \"tax_exclusive_amount\": \"800.00\",\n        \"tax_inclusive_amount\": \"800.00\",\n        \"allowance_total_amount\": \"0.00\",\n        \"charge_total_amount\": \"0.00\",\n        \"payable_amount\": \"800.00\"\n    }\n}','Regla: FAK55, Notificación: Correo electrónico no informado // Regla: RUT01, Notificación: La validación del estado del RUT próximamente estará disponible., IsValid = true, StatusDescription = Procesado Correctamente., StatusMessage = La Factura electrónica TWC18, ha sido autorizada.','Regla: CAK55, Notificación: Correo electrónico no informado // Regla: RUT01, Notificación: La validación del estado del RUT próximamente estará disponible., IsValid = true, StatusDescription = Procesado Correctamente., StatusMessage = La Nota de crédito electrónica NCQO12, ha sido autorizada.',1,'2025-12-02 04:15:43','2025-12-02 04:15:41'),(25,1,2,13,189,1,2,19,'TWC-19','TWC','18764101781362','775d2fc40f6f1f06d316ac14e7220a8c38f0ab937a745361fbf65b0bdf1f5784','e89947659cc5eff176b52b3706f237a1e4b2632091bc4ff3dfc0a9183bd1a2453dc7c5a0173e6959c2c2db37c485d825','https://catalogo-vpfe.dian.gov.co/document/searchqr?documentkey=e89947659cc5eff176b52b3706f237a1e4b2632091bc4ff3dfc0a9183bd1a2453dc7c5a0173e6959c2c2db37c485d825','1094917508/FES-TWC19','1094917508','2025-12-02 04:56:21','222222222222','Consumidor Final',NULL,'https://catalogo-vpfe.dian.gov.co/document/searchqr?documentkey=e89947659cc5eff176b52b3706f237a1e4b2632091bc4ff3dfc0a9183bd1a2453dc7c5a0173e6959c2c2db37c485d825',1,'NCQO',13,'6f2f3515a391f0dabf629975a5d02834d956ccd2ad554c0e842e49bef1c6f209a3900e2fb5c18b8cb4765bbf8873347e','https://catalogo-vpfe.dian.gov.co/document/searchqr?documentkey=6f2f3515a391f0dabf629975a5d02834d956ccd2ad554c0e842e49bef1c6f209a3900e2fb5c18b8cb4765bbf8873347e','https://catalogo-vpfe.dian.gov.co/document/searchqr?documentkey=6f2f3515a391f0dabf629975a5d02834d956ccd2ad554c0e842e49bef1c6f209a3900e2fb5c18b8cb4765bbf8873347e','1094917508/NCS-NCQO13','2025-12-01 23:57:36',1,'{\n    \"prefix\": \"TWC\",\n    \"number\": \"19\",\n    \"type_document_id\": \"1\",\n    \"date\": \"2025-12-01\",\n    \"time\": \"23:56:21\",\n    \"resolution_number\": \"18764101781362\",\n    \"sendmail\": false,\n    \"notes\": \"Factura Electroncia de venta\",\n    \"payment_form\": {\n        \"payment_form_id\": \"1\",\n        \"payment_method_id\": 10,\n        \"payment_due_date\": \"2025-12-01\",\n        \"duration_measure\": \"0\"\n    },\n    \"customer\": {\n        \"identification_number\": \"222222222222\",\n        \"dv\": null,\n        \"name\": \"Consumidor Final\",\n        \"phone\": null,\n        \"address\": null,\n        \"email\": null,\n        \"type_document_identification_id\": 3,\n        \"type_organization_id\": null,\n        \"tax_id\": null,\n        \"type_liability_id\": null,\n        \"type_regime_id\": null,\n        \"municipality_id\": null\n    },\n    \"invoice_lines\": [\n        {\n            \"type_item_identification_id\": \"4\",\n            \"code\": \"46\",\n            \"description\": \"servicio1\",\n            \"invoiced_quantity\": \"1\",\n            \"unit_measure_id\": \"70\",\n            \"line_extension_amount\": \"800.00\",\n            \"free_of_charge_indicator\": false,\n            \"price_amount\": \"800.00\",\n            \"base_quantity\": \"1\",\n            \"tax_totals\": [\n                {\n                    \"tax_id\": 1,\n                    \"tax_amount\": \"0.00\",\n                    \"taxable_amount\": \"800.00\",\n                    \"percent\": \"0\"\n                }\n            ]\n        }\n    ],\n    \"tax_totals\": [\n        {\n            \"tax_id\": 1,\n            \"tax_amount\": \"0.00\",\n            \"percent\": \"0\",\n            \"taxable_amount\": \"800.00\"\n        }\n    ],\n    \"legal_monetary_totals\": {\n        \"line_extension_amount\": \"800.00\",\n        \"tax_exclusive_amount\": \"800.00\",\n        \"tax_inclusive_amount\": \"800.00\",\n        \"allowance_total_amount\": \"0.00\",\n        \"charge_total_amount\": \"0.00\",\n        \"payable_amount\": \"800.00\"\n    }\n}','{\n    \"billing_reference\": {\n        \"number\": \"TWC19\",\n        \"uuid\": \"e89947659cc5eff176b52b3706f237a1e4b2632091bc4ff3dfc0a9183bd1a2453dc7c5a0173e6959c2c2db37c485d825\",\n        \"issue_date\": \"2025-12-01\"\n    },\n    \"discrepancyresponsecode\": 2,\n    \"discrepancyresponsedescription\": \"Nota credito total a factura\",\n    \"notes\": \"Nota credito\",\n    \"prefix\": \"NCQO\",\n    \"number\": \"13\",\n    \"type_document_id\": 4,\n    \"date\": \"2025-12-01\",\n    \"time\": \"23:57:34\",\n    \"type_operation_id\": 12,\n    \"sendmail\": false,\n    \"sendmailtome\": false,\n    \"head_note\": \"Este documento es una nota crédito con referencia generada automáticamente.\",\n    \"foot_note\": \"Gracias por su atención. Cualquier duda comuníquese con servicio al cliente.\",\n    \"customer\": {\n        \"identification_number\": \"222222222222\",\n        \"dv\": null,\n        \"name\": \"Consumidor Final\",\n        \"phone\": null,\n        \"address\": null,\n        \"email\": null,\n        \"type_document_identification_id\": 3,\n        \"type_organization_id\": null,\n        \"tax_id\": null,\n        \"type_liability_id\": null,\n        \"type_regime_id\": null,\n        \"municipality_id\": null\n    },\n    \"credit_note_lines\": [\n        {\n            \"type_item_identification_id\": \"4\",\n            \"code\": \"46\",\n            \"description\": \"servicio1\",\n            \"invoiced_quantity\": \"1\",\n            \"unit_measure_id\": \"70\",\n            \"line_extension_amount\": \"800.00\",\n            \"free_of_charge_indicator\": false,\n            \"price_amount\": \"800.00\",\n            \"base_quantity\": \"1\",\n            \"tax_totals\": [\n                {\n                    \"tax_id\": 1,\n                    \"tax_amount\": \"0.00\",\n                    \"taxable_amount\": \"800.00\",\n                    \"percent\": \"0\"\n                }\n            ]\n        }\n    ],\n    \"tax_totals\": [\n        {\n            \"tax_id\": 1,\n            \"tax_amount\": \"0.00\",\n            \"percent\": \"0\",\n            \"taxable_amount\": \"800.00\"\n        }\n    ],\n    \"legal_monetary_totals\": {\n        \"line_extension_amount\": \"800.00\",\n        \"tax_exclusive_amount\": \"800.00\",\n        \"tax_inclusive_amount\": \"800.00\",\n        \"allowance_total_amount\": \"0.00\",\n        \"charge_total_amount\": \"0.00\",\n        \"payable_amount\": \"800.00\"\n    }\n}','Regla: FAK55, Notificación: Correo electrónico no informado // Regla: RUT01, Notificación: La validación del estado del RUT próximamente estará disponible., IsValid = true, StatusDescription = Procesado Correctamente., StatusMessage = La Factura electrónica TWC19, ha sido autorizada.','Regla: CAK55, Notificación: Correo electrónico no informado // Regla: RUT01, Notificación: La validación del estado del RUT próximamente estará disponible., IsValid = true, StatusDescription = Procesado Correctamente., StatusMessage = La Nota de crédito electrónica NCQO13, ha sido autorizada.',1,'2025-12-02 04:56:23','2025-12-02 04:56:21'),(26,1,2,13,190,1,2,20,'TWC-20','TWC','18764101781362','775d2fc40f6f1f06d316ac14e7220a8c38f0ab937a745361fbf65b0bdf1f5784','ab7543d807c07b14638208c25277e8bf3aa1983e6ced6468bf715b50c4c9f1fd742208166085f898ab0be50c34ba1ec1','https://catalogo-vpfe.dian.gov.co/document/searchqr?documentkey=ab7543d807c07b14638208c25277e8bf3aa1983e6ced6468bf715b50c4c9f1fd742208166085f898ab0be50c34ba1ec1','1094917508/FES-TWC20','1094917508','2025-12-02 05:02:24','222222222222','Consumidor Final',NULL,'https://catalogo-vpfe.dian.gov.co/document/searchqr?documentkey=ab7543d807c07b14638208c25277e8bf3aa1983e6ced6468bf715b50c4c9f1fd742208166085f898ab0be50c34ba1ec1',1,'NCQO',14,'a6de3afa9e478fd8f960ef6051dac67bcebdccb296db05b0dc135ee2e74dcce361c40821d1fe1eccb2a415d344da9ddc','https://catalogo-vpfe.dian.gov.co/document/searchqr?documentkey=a6de3afa9e478fd8f960ef6051dac67bcebdccb296db05b0dc135ee2e74dcce361c40821d1fe1eccb2a415d344da9ddc','https://catalogo-vpfe.dian.gov.co/document/searchqr?documentkey=a6de3afa9e478fd8f960ef6051dac67bcebdccb296db05b0dc135ee2e74dcce361c40821d1fe1eccb2a415d344da9ddc','1094917508/NCS-NCQO14','2025-12-02 00:02:57',1,'{\n    \"prefix\": \"TWC\",\n    \"number\": \"20\",\n    \"type_document_id\": \"1\",\n    \"date\": \"2025-12-02\",\n    \"time\": \"00:02:24\",\n    \"resolution_number\": \"18764101781362\",\n    \"sendmail\": false,\n    \"notes\": \"Factura Electroncia de venta\",\n    \"payment_form\": {\n        \"payment_form_id\": \"1\",\n        \"payment_method_id\": 10,\n        \"payment_due_date\": \"2025-12-02\",\n        \"duration_measure\": \"0\"\n    },\n    \"customer\": {\n        \"identification_number\": \"222222222222\",\n        \"dv\": null,\n        \"name\": \"Consumidor Final\",\n        \"phone\": null,\n        \"address\": null,\n        \"email\": null,\n        \"type_document_identification_id\": 3,\n        \"type_organization_id\": null,\n        \"tax_id\": null,\n        \"type_liability_id\": null,\n        \"type_regime_id\": null,\n        \"municipality_id\": null\n    },\n    \"invoice_lines\": [\n        {\n            \"type_item_identification_id\": \"4\",\n            \"code\": \"46\",\n            \"description\": \"servicio1\",\n            \"invoiced_quantity\": \"1\",\n            \"unit_measure_id\": \"70\",\n            \"line_extension_amount\": \"800.00\",\n            \"free_of_charge_indicator\": false,\n            \"price_amount\": \"800.00\",\n            \"base_quantity\": \"1\",\n            \"tax_totals\": [\n                {\n                    \"tax_id\": 1,\n                    \"tax_amount\": \"0.00\",\n                    \"taxable_amount\": \"800.00\",\n                    \"percent\": \"0\"\n                }\n            ]\n        }\n    ],\n    \"tax_totals\": [\n        {\n            \"tax_id\": 1,\n            \"tax_amount\": \"0.00\",\n            \"percent\": \"0\",\n            \"taxable_amount\": \"800.00\"\n        }\n    ],\n    \"legal_monetary_totals\": {\n        \"line_extension_amount\": \"800.00\",\n        \"tax_exclusive_amount\": \"800.00\",\n        \"tax_inclusive_amount\": \"800.00\",\n        \"allowance_total_amount\": \"0.00\",\n        \"charge_total_amount\": \"0.00\",\n        \"payable_amount\": \"800.00\"\n    }\n}','{\n    \"billing_reference\": {\n        \"number\": \"TWC20\",\n        \"uuid\": \"ab7543d807c07b14638208c25277e8bf3aa1983e6ced6468bf715b50c4c9f1fd742208166085f898ab0be50c34ba1ec1\",\n        \"issue_date\": \"2025-12-02\"\n    },\n    \"discrepancyresponsecode\": 2,\n    \"discrepancyresponsedescription\": \"Nota credito total a factura\",\n    \"notes\": \"Nota credito\",\n    \"prefix\": \"NCQO\",\n    \"number\": \"14\",\n    \"type_document_id\": 4,\n    \"date\": \"2025-12-02\",\n    \"time\": \"00:02:55\",\n    \"type_operation_id\": 12,\n    \"sendmail\": false,\n    \"sendmailtome\": false,\n    \"head_note\": \"Este documento es una nota crédito con referencia generada automáticamente.\",\n    \"foot_note\": \"Gracias por su atención. Cualquier duda comuníquese con servicio al cliente.\",\n    \"customer\": {\n        \"identification_number\": \"222222222222\",\n        \"dv\": null,\n        \"name\": \"Consumidor Final\",\n        \"phone\": null,\n        \"address\": null,\n        \"email\": null,\n        \"type_document_identification_id\": 3,\n        \"type_organization_id\": null,\n        \"tax_id\": null,\n        \"type_liability_id\": null,\n        \"type_regime_id\": null,\n        \"municipality_id\": null\n    },\n    \"credit_note_lines\": [\n        {\n            \"type_item_identification_id\": \"4\",\n            \"code\": \"46\",\n            \"description\": \"servicio1\",\n            \"invoiced_quantity\": \"1\",\n            \"unit_measure_id\": \"70\",\n            \"line_extension_amount\": \"800.00\",\n            \"free_of_charge_indicator\": false,\n            \"price_amount\": \"800.00\",\n            \"base_quantity\": \"1\",\n            \"tax_totals\": [\n                {\n                    \"tax_id\": 1,\n                    \"tax_amount\": \"0.00\",\n                    \"taxable_amount\": \"800.00\",\n                    \"percent\": \"0\"\n                }\n            ]\n        }\n    ],\n    \"tax_totals\": [\n        {\n            \"tax_id\": 1,\n            \"tax_amount\": \"0.00\",\n            \"percent\": \"0\",\n            \"taxable_amount\": \"800.00\"\n        }\n    ],\n    \"legal_monetary_totals\": {\n        \"line_extension_amount\": \"800.00\",\n        \"tax_exclusive_amount\": \"800.00\",\n        \"tax_inclusive_amount\": \"800.00\",\n        \"allowance_total_amount\": \"0.00\",\n        \"charge_total_amount\": \"0.00\",\n        \"payable_amount\": \"800.00\"\n    }\n}','Regla: FAK55, Notificación: Correo electrónico no informado // Regla: RUT01, Notificación: La validación del estado del RUT próximamente estará disponible., IsValid = true, StatusDescription = Procesado Correctamente., StatusMessage = La Factura electrónica TWC20, ha sido autorizada.','Regla: CAK55, Notificación: Correo electrónico no informado // Regla: RUT01, Notificación: La validación del estado del RUT próximamente estará disponible., IsValid = true, StatusDescription = Procesado Correctamente., StatusMessage = La Nota de crédito electrónica NCQO14, ha sido autorizada.',1,'2025-12-02 05:02:26','2025-12-02 05:02:24'),(27,1,2,13,191,1,2,21,'TWC-21','TWC','18764101781362','775d2fc40f6f1f06d316ac14e7220a8c38f0ab937a745361fbf65b0bdf1f5784','f50ee08efdb5d836a85f901a7954ba4940a6d33debbc642d115dee6739dcad48005c2da91cd3d677f0f43e5a1b013959','https://catalogo-vpfe.dian.gov.co/document/searchqr?documentkey=f50ee08efdb5d836a85f901a7954ba4940a6d33debbc642d115dee6739dcad48005c2da91cd3d677f0f43e5a1b013959','1094917508/FES-TWC21','1094917508','2025-12-02 05:04:36','222222222222','Consumidor Final',NULL,'https://catalogo-vpfe.dian.gov.co/document/searchqr?documentkey=f50ee08efdb5d836a85f901a7954ba4940a6d33debbc642d115dee6739dcad48005c2da91cd3d677f0f43e5a1b013959',1,'NCQO',15,'97020e80208dbea93272b083c7d6f3be310294bce4a17d96881e648792e5963af407400bbad340e5599e050d093e10f3','https://catalogo-vpfe.dian.gov.co/document/searchqr?documentkey=97020e80208dbea93272b083c7d6f3be310294bce4a17d96881e648792e5963af407400bbad340e5599e050d093e10f3','https://catalogo-vpfe.dian.gov.co/document/searchqr?documentkey=97020e80208dbea93272b083c7d6f3be310294bce4a17d96881e648792e5963af407400bbad340e5599e050d093e10f3','1094917508/NCS-NCQO15','2025-12-09 19:07:54',1,'{\n    \"prefix\": \"TWC\",\n    \"number\": \"21\",\n    \"type_document_id\": \"1\",\n    \"date\": \"2025-12-02\",\n    \"time\": \"00:04:36\",\n    \"resolution_number\": \"18764101781362\",\n    \"sendmail\": false,\n    \"notes\": \"Factura Electroncia de venta\",\n    \"payment_form\": {\n        \"payment_form_id\": \"1\",\n        \"payment_method_id\": 10,\n        \"payment_due_date\": \"2025-12-02\",\n        \"duration_measure\": \"0\"\n    },\n    \"customer\": {\n        \"identification_number\": \"222222222222\",\n        \"dv\": null,\n        \"name\": \"Consumidor Final\",\n        \"phone\": null,\n        \"address\": null,\n        \"email\": null,\n        \"type_document_identification_id\": 3,\n        \"type_organization_id\": null,\n        \"tax_id\": null,\n        \"type_liability_id\": null,\n        \"type_regime_id\": null,\n        \"municipality_id\": null\n    },\n    \"invoice_lines\": [\n        {\n            \"type_item_identification_id\": \"4\",\n            \"code\": \"-1\",\n            \"description\": \"servicio contable\",\n            \"invoiced_quantity\": \"1\",\n            \"unit_measure_id\": \"70\",\n            \"line_extension_amount\": \"476.19\",\n            \"free_of_charge_indicator\": false,\n            \"price_amount\": \"476.19\",\n            \"base_quantity\": \"1\",\n            \"tax_totals\": [\n                {\n                    \"tax_id\": 1,\n                    \"tax_amount\": \"23.81\",\n                    \"taxable_amount\": \"476.19\",\n                    \"percent\": \"5\"\n                }\n            ]\n        },\n        {\n            \"type_item_identification_id\": \"4\",\n            \"code\": \"46\",\n            \"description\": \"servicio1\",\n            \"invoiced_quantity\": \"1\",\n            \"unit_measure_id\": \"70\",\n            \"line_extension_amount\": \"800.00\",\n            \"free_of_charge_indicator\": false,\n            \"price_amount\": \"800.00\",\n            \"base_quantity\": \"1\",\n            \"tax_totals\": [\n                {\n                    \"tax_id\": 1,\n                    \"tax_amount\": \"0.00\",\n                    \"taxable_amount\": \"800.00\",\n                    \"percent\": \"0\"\n                }\n            ]\n        }\n    ],\n    \"tax_totals\": [\n        {\n            \"tax_id\": 1,\n            \"tax_amount\": \"23.81\",\n            \"percent\": \"5\",\n            \"taxable_amount\": \"476.19\"\n        },\n        {\n            \"tax_id\": 1,\n            \"tax_amount\": \"0.00\",\n            \"percent\": \"0\",\n            \"taxable_amount\": \"800.00\"\n        }\n    ],\n    \"legal_monetary_totals\": {\n        \"line_extension_amount\": \"1276.19\",\n        \"tax_exclusive_amount\": \"1276.19\",\n        \"tax_inclusive_amount\": \"1300.00\",\n        \"allowance_total_amount\": \"0.00\",\n        \"charge_total_amount\": \"0.00\",\n        \"payable_amount\": \"1300.00\"\n    }\n}','{\n    \"billing_reference\": {\n        \"number\": \"TWC21\",\n        \"uuid\": \"f50ee08efdb5d836a85f901a7954ba4940a6d33debbc642d115dee6739dcad48005c2da91cd3d677f0f43e5a1b013959\",\n        \"issue_date\": \"2025-12-02\"\n    },\n    \"discrepancyresponsecode\": 2,\n    \"discrepancyresponsedescription\": \"Nota credito total a factura\",\n    \"notes\": \"Nota credito\",\n    \"prefix\": \"NCQO\",\n    \"number\": \"15\",\n    \"type_document_id\": 4,\n    \"date\": \"2025-12-09\",\n    \"time\": \"19:07:52\",\n    \"type_operation_id\": 12,\n    \"sendmail\": false,\n    \"sendmailtome\": false,\n    \"head_note\": \"Este documento es una nota crédito con referencia generada automáticamente.\",\n    \"foot_note\": \"Gracias por su atención. Cualquier duda comuníquese con servicio al cliente.\",\n    \"customer\": {\n        \"identification_number\": \"222222222222\",\n        \"dv\": null,\n        \"name\": \"Consumidor Final\",\n        \"phone\": null,\n        \"address\": null,\n        \"email\": null,\n        \"type_document_identification_id\": 3,\n        \"type_organization_id\": null,\n        \"tax_id\": null,\n        \"type_liability_id\": null,\n        \"type_regime_id\": null,\n        \"municipality_id\": null\n    },\n    \"credit_note_lines\": [\n        {\n            \"type_item_identification_id\": \"4\",\n            \"code\": \"-1\",\n            \"description\": \"servicio contable\",\n            \"invoiced_quantity\": \"1\",\n            \"unit_measure_id\": \"70\",\n            \"line_extension_amount\": \"476.19\",\n            \"free_of_charge_indicator\": false,\n            \"price_amount\": \"476.19\",\n            \"base_quantity\": \"1\",\n            \"tax_totals\": [\n                {\n                    \"tax_id\": 1,\n                    \"tax_amount\": \"23.81\",\n                    \"taxable_amount\": \"476.19\",\n                    \"percent\": \"5\"\n                }\n            ]\n        },\n        {\n            \"type_item_identification_id\": \"4\",\n            \"code\": \"46\",\n            \"description\": \"servicio1\",\n            \"invoiced_quantity\": \"1\",\n            \"unit_measure_id\": \"70\",\n            \"line_extension_amount\": \"800.00\",\n            \"free_of_charge_indicator\": false,\n            \"price_amount\": \"800.00\",\n            \"base_quantity\": \"1\",\n            \"tax_totals\": [\n                {\n                    \"tax_id\": 1,\n                    \"tax_amount\": \"0.00\",\n                    \"taxable_amount\": \"800.00\",\n                    \"percent\": \"0\"\n                }\n            ]\n        }\n    ],\n    \"tax_totals\": [\n        {\n            \"tax_id\": 1,\n            \"tax_amount\": \"23.81\",\n            \"percent\": \"5\",\n            \"taxable_amount\": \"476.19\"\n        },\n        {\n            \"tax_id\": 1,\n            \"tax_amount\": \"0.00\",\n            \"percent\": \"0\",\n            \"taxable_amount\": \"800.00\"\n        }\n    ],\n    \"legal_monetary_totals\": {\n        \"line_extension_amount\": \"1276.19\",\n        \"tax_exclusive_amount\": \"1276.19\",\n        \"tax_inclusive_amount\": \"1300.00\",\n        \"allowance_total_amount\": \"0.00\",\n        \"charge_total_amount\": \"0.00\",\n        \"payable_amount\": \"1300.00\"\n    }\n}','Regla: FAK55, Notificación: Correo electrónico no informado // Regla: RUT01, Notificación: La validación del estado del RUT próximamente estará disponible., IsValid = true, StatusDescription = Procesado Correctamente., StatusMessage = La Factura electrónica TWC21, ha sido autorizada.','Regla: CAK55, Notificación: Correo electrónico no informado // Regla: RUT01, Notificación: La validación del estado del RUT próximamente estará disponible., IsValid = true, StatusDescription = Procesado Correctamente., StatusMessage = La Nota de crédito electrónica NCQO15, ha sido autorizada.',1,'2025-12-02 05:04:38','2025-12-02 05:04:36'),(28,1,1,3,136,1,1,1,'FE-1','FE','9560055445801','775d2fc40f6f1f06d316ac14e7220a8c38f0ab937a745361fbf65b0bdf1f5784',NULL,NULL,NULL,'1094917508','2025-12-09 05:21:53','222222222222','Consumidor final',NULL,NULL,0,NULL,NULL,NULL,NULL,NULL,NULL,NULL,1,'{\n    \"prefix\": \"FE\",\n    \"number\": \"1\",\n    \"type_document_id\": \"1\",\n    \"date\": \"2025-12-09\",\n    \"time\": \"00:21:53\",\n    \"resolution_number\": \"9560055445801\",\n    \"sendmail\": false,\n    \"notes\": \"Factura Electroncia de venta\",\n    \"payment_form\": {\n        \"payment_form_id\": \"1\",\n        \"payment_method_id\": 10,\n        \"payment_due_date\": \"2025-12-09\",\n        \"duration_measure\": \"0\"\n    },\n    \"customer\": {\n        \"identification_number\": \"222222222222\",\n        \"dv\": null,\n        \"name\": \"Consumidor final\",\n        \"phone\": null,\n        \"address\": null,\n        \"email\": null,\n        \"type_document_identification_id\": \"6\",\n        \"type_organization_id\": \"1\",\n        \"tax_id\": null,\n        \"type_liability_id\": null,\n        \"type_regime_id\": \"2\",\n        \"municipality_id\": null\n    },\n    \"invoice_lines\": [\n        {\n            \"type_item_identification_id\": \"4\",\n            \"code\": \"6\",\n            \"description\": \"Vitamina women Blend\",\n            \"invoiced_quantity\": \"3.00\",\n            \"unit_measure_id\": \"70\",\n            \"line_extension_amount\": \"540000.00\",\n            \"free_of_charge_indicator\": false,\n            \"price_amount\": \"180000.00\",\n            \"base_quantity\": \"3.00\"\n        }\n    ],\n    \"tax_totals\": [],\n    \"legal_monetary_totals\": {\n        \"line_extension_amount\": \"540000.00\",\n        \"tax_exclusive_amount\": \"540000.00\",\n        \"tax_inclusive_amount\": \"540000.00\",\n        \"allowance_total_amount\": \"0.00\",\n        \"charge_total_amount\": \"0.00\",\n        \"payable_amount\": \"540000.00\"\n    }\n}',NULL,NULL,NULL,1,'2025-12-09 00:21:53','2025-12-09 05:21:53'),(29,1,2,13,192,1,1,22,'TWC-22','TWC','18764101781362','775d2fc40f6f1f06d316ac14e7220a8c38f0ab937a745361fbf65b0bdf1f5784','b7d4d17c7757a2f3b55b815b2ba65953bc0057747130f14ecc405477150b1bc6424be7a6817102be9122c1fb83082e2e','https://catalogo-vpfe.dian.gov.co/document/searchqr?documentkey=b7d4d17c7757a2f3b55b815b2ba65953bc0057747130f14ecc405477150b1bc6424be7a6817102be9122c1fb83082e2e','1094917508/FES-TWC22','1094917508','2025-12-09 15:36:08','222222222222','Consumidor Final',NULL,'https://catalogo-vpfe.dian.gov.co/document/searchqr?documentkey=b7d4d17c7757a2f3b55b815b2ba65953bc0057747130f14ecc405477150b1bc6424be7a6817102be9122c1fb83082e2e',0,NULL,NULL,NULL,NULL,NULL,NULL,NULL,1,'{\n    \"prefix\": \"TWC\",\n    \"number\": \"22\",\n    \"type_document_id\": \"1\",\n    \"date\": \"2025-12-09\",\n    \"time\": \"10:36:08\",\n    \"resolution_number\": \"18764101781362\",\n    \"sendmail\": false,\n    \"notes\": \"Factura Electroncia de venta\",\n    \"payment_form\": {\n        \"payment_form_id\": \"1\",\n        \"payment_method_id\": 10,\n        \"payment_due_date\": \"2025-12-09\",\n        \"duration_measure\": \"0\"\n    },\n    \"customer\": {\n        \"identification_number\": \"222222222222\",\n        \"dv\": null,\n        \"name\": \"Consumidor Final\",\n        \"phone\": null,\n        \"address\": null,\n        \"email\": null,\n        \"type_document_identification_id\": 3,\n        \"type_organization_id\": null,\n        \"tax_id\": null,\n        \"type_liability_id\": null,\n        \"type_regime_id\": null,\n        \"municipality_id\": null\n    },\n    \"invoice_lines\": [\n        {\n            \"type_item_identification_id\": \"4\",\n            \"code\": \"46\",\n            \"description\": \"servicio1\",\n            \"invoiced_quantity\": \"1\",\n            \"unit_measure_id\": \"70\",\n            \"line_extension_amount\": \"800.00\",\n            \"free_of_charge_indicator\": false,\n            \"price_amount\": \"800.00\",\n            \"base_quantity\": \"1\",\n            \"tax_totals\": [\n                {\n                    \"tax_id\": 1,\n                    \"tax_amount\": \"0.00\",\n                    \"taxable_amount\": \"800.00\",\n                    \"percent\": \"0\"\n                }\n            ]\n        }\n    ],\n    \"tax_totals\": [\n        {\n            \"tax_id\": 1,\n            \"tax_amount\": \"0.00\",\n            \"percent\": \"0\",\n            \"taxable_amount\": \"800.00\"\n        }\n    ],\n    \"legal_monetary_totals\": {\n        \"line_extension_amount\": \"800.00\",\n        \"tax_exclusive_amount\": \"800.00\",\n        \"tax_inclusive_amount\": \"800.00\",\n        \"allowance_total_amount\": \"0.00\",\n        \"charge_total_amount\": \"0.00\",\n        \"payable_amount\": \"800.00\"\n    }\n}',NULL,'Regla: FAK55, Notificación: Correo electrónico no informado // Regla: RUT01, Notificación: La validación del estado del RUT próximamente estará disponible., IsValid = true, StatusDescription = Procesado Correctamente., StatusMessage = La Factura electrónica TWC22, ha sido autorizada.',NULL,1,'2025-12-09 15:36:11','2025-12-09 15:36:08'),(30,1,2,13,193,1,1,23,'TWC-23','TWC','18764101781362','775d2fc40f6f1f06d316ac14e7220a8c38f0ab937a745361fbf65b0bdf1f5784','e58ffdb67ac863eb7f11a86abfa1d1e3b60afb44de0ca738e7c76a43c52befbcc068608c82eacc18a87d290222abd103','https://catalogo-vpfe.dian.gov.co/document/searchqr?documentkey=e58ffdb67ac863eb7f11a86abfa1d1e3b60afb44de0ca738e7c76a43c52befbcc068608c82eacc18a87d290222abd103','1094917508/FES-TWC23','1094917508','2025-12-09 16:32:23','222222222222','Consumidor Final',NULL,'https://catalogo-vpfe.dian.gov.co/document/searchqr?documentkey=e58ffdb67ac863eb7f11a86abfa1d1e3b60afb44de0ca738e7c76a43c52befbcc068608c82eacc18a87d290222abd103',0,NULL,NULL,NULL,NULL,NULL,NULL,NULL,1,'{\n    \"prefix\": \"TWC\",\n    \"number\": \"23\",\n    \"type_document_id\": \"1\",\n    \"date\": \"2025-12-09\",\n    \"time\": \"11:32:23\",\n    \"resolution_number\": \"18764101781362\",\n    \"sendmail\": false,\n    \"notes\": \"Factura Electroncia de venta\",\n    \"payment_form\": {\n        \"payment_form_id\": \"1\",\n        \"payment_method_id\": 10,\n        \"payment_due_date\": \"2025-12-09\",\n        \"duration_measure\": \"0\"\n    },\n    \"customer\": {\n        \"identification_number\": \"222222222222\",\n        \"dv\": null,\n        \"name\": \"Consumidor Final\",\n        \"phone\": null,\n        \"address\": null,\n        \"email\": null,\n        \"type_document_identification_id\": 3,\n        \"type_organization_id\": null,\n        \"tax_id\": null,\n        \"type_liability_id\": null,\n        \"type_regime_id\": null,\n        \"municipality_id\": null\n    },\n    \"invoice_lines\": [\n        {\n            \"type_item_identification_id\": \"4\",\n            \"code\": \"46\",\n            \"description\": \"servicio1\",\n            \"invoiced_quantity\": \"1\",\n            \"unit_measure_id\": \"70\",\n            \"line_extension_amount\": \"800.00\",\n            \"free_of_charge_indicator\": false,\n            \"price_amount\": \"800.00\",\n            \"base_quantity\": \"1\",\n            \"tax_totals\": [\n                {\n                    \"tax_id\": 1,\n                    \"tax_amount\": \"0.00\",\n                    \"taxable_amount\": \"800.00\",\n                    \"percent\": \"0\"\n                }\n            ]\n        }\n    ],\n    \"tax_totals\": [\n        {\n            \"tax_id\": 1,\n            \"tax_amount\": \"0.00\",\n            \"percent\": \"0\",\n            \"taxable_amount\": \"800.00\"\n        }\n    ],\n    \"legal_monetary_totals\": {\n        \"line_extension_amount\": \"800.00\",\n        \"tax_exclusive_amount\": \"800.00\",\n        \"tax_inclusive_amount\": \"800.00\",\n        \"allowance_total_amount\": \"0.00\",\n        \"charge_total_amount\": \"0.00\",\n        \"payable_amount\": \"800.00\"\n    }\n}',NULL,'Regla: FAK55, Notificación: Correo electrónico no informado // Regla: RUT01, Notificación: La validación del estado del RUT próximamente estará disponible., IsValid = true, StatusDescription = Procesado Correctamente., StatusMessage = La Factura electrónica TWC23, ha sido autorizada.',NULL,1,'2025-12-09 16:32:25','2025-12-09 16:32:23'),(31,1,2,13,194,2,2,24,'TWC-24','TWC','18764101781362','775d2fc40f6f1f06d316ac14e7220a8c38f0ab937a745361fbf65b0bdf1f5784','a1fcbe320e30d8237cc712a67425a84c7e093ef18180c9c8fe0a05bca57f8feb8531813ee200396593b5a6fa53633861','https://catalogo-vpfe.dian.gov.co/document/searchqr?documentkey=a1fcbe320e30d8237cc712a67425a84c7e093ef18180c9c8fe0a05bca57f8feb8531813ee200396593b5a6fa53633861','1094917508/FES-TWC24','1094917508','2025-12-09 16:37:57','1094912099','Julian David Rodriguez Rios','julianithox1@gmail.com','https://catalogo-vpfe.dian.gov.co/document/searchqr?documentkey=a1fcbe320e30d8237cc712a67425a84c7e093ef18180c9c8fe0a05bca57f8feb8531813ee200396593b5a6fa53633861',1,'NCQO',16,'86b4d61c0599e0fe8304690ffc7db2cde4b7638f1684a96ae89bde1a0ab3eab936987024f3270532ff1de85ac00f5d7d','https://catalogo-vpfe.dian.gov.co/document/searchqr?documentkey=86b4d61c0599e0fe8304690ffc7db2cde4b7638f1684a96ae89bde1a0ab3eab936987024f3270532ff1de85ac00f5d7d','https://catalogo-vpfe.dian.gov.co/document/searchqr?documentkey=86b4d61c0599e0fe8304690ffc7db2cde4b7638f1684a96ae89bde1a0ab3eab936987024f3270532ff1de85ac00f5d7d','1094917508/NCS-NCQO16','2025-12-09 20:33:37',1,'{\n    \"prefix\": \"TWC\",\n    \"number\": \"24\",\n    \"type_document_id\": \"1\",\n    \"date\": \"2025-12-09\",\n    \"time\": \"11:37:57\",\n    \"resolution_number\": \"18764101781362\",\n    \"sendmail\": true,\n    \"notes\": \"Factura Electroncia de venta\",\n    \"payment_form\": {\n        \"payment_form_id\": \"1\",\n        \"payment_method_id\": 10,\n        \"payment_due_date\": \"2025-12-09\",\n        \"duration_measure\": \"0\"\n    },\n    \"customer\": {\n        \"identification_number\": \"1094912099\",\n        \"dv\": \"5\",\n        \"name\": \"Julian David Rodriguez Rios\",\n        \"phone\": \"\",\n        \"address\": \"\",\n        \"email\": \"julianithox1@gmail.com\",\n        \"type_document_identification_id\": \"6\",\n        \"type_organization_id\": \"2\",\n        \"tax_id\": null,\n        \"type_liability_id\": null,\n        \"type_regime_id\": \"2\",\n        \"municipality_id\": \"820\"\n    },\n    \"invoice_lines\": [\n        {\n            \"type_item_identification_id\": \"4\",\n            \"code\": \"46\",\n            \"description\": \"servicio1\",\n            \"invoiced_quantity\": \"1\",\n            \"unit_measure_id\": \"70\",\n            \"line_extension_amount\": \"800.00\",\n            \"free_of_charge_indicator\": false,\n            \"price_amount\": \"800.00\",\n            \"base_quantity\": \"1\",\n            \"tax_totals\": [\n                {\n                    \"tax_id\": 1,\n                    \"tax_amount\": \"0.00\",\n                    \"taxable_amount\": \"800.00\",\n                    \"percent\": \"0\"\n                }\n            ]\n        }\n    ],\n    \"tax_totals\": [\n        {\n            \"tax_id\": 1,\n            \"tax_amount\": \"0.00\",\n            \"percent\": \"0\",\n            \"taxable_amount\": \"800.00\"\n        }\n    ],\n    \"legal_monetary_totals\": {\n        \"line_extension_amount\": \"800.00\",\n        \"tax_exclusive_amount\": \"800.00\",\n        \"tax_inclusive_amount\": \"800.00\",\n        \"allowance_total_amount\": \"0.00\",\n        \"charge_total_amount\": \"0.00\",\n        \"payable_amount\": \"800.00\"\n    }\n}','{\n    \"billing_reference\": {\n        \"number\": \"TWC24\",\n        \"uuid\": \"a1fcbe320e30d8237cc712a67425a84c7e093ef18180c9c8fe0a05bca57f8feb8531813ee200396593b5a6fa53633861\",\n        \"issue_date\": \"2025-12-09\"\n    },\n    \"discrepancyresponsecode\": 2,\n    \"discrepancyresponsedescription\": \"Nota credito total a factura\",\n    \"notes\": \"Nota credito\",\n    \"prefix\": \"NCQO\",\n    \"number\": \"16\",\n    \"type_document_id\": 4,\n    \"date\": \"2025-12-09\",\n    \"time\": \"20:33:33\",\n    \"type_operation_id\": 12,\n    \"sendmail\": true,\n    \"sendmailtome\": false,\n    \"head_note\": \"Este documento es una nota crédito con referencia generada automáticamente.\",\n    \"foot_note\": \"Gracias por su atención. Cualquier duda comuníquese con servicio al cliente.\",\n    \"customer\": {\n        \"identification_number\": \"1094912099\",\n        \"dv\": \"5\",\n        \"name\": \"Julian David Rodriguez Rios\",\n        \"phone\": \"\",\n        \"address\": \"\",\n        \"email\": \"julianithox1@gmail.com\",\n        \"type_document_identification_id\": \"6\",\n        \"type_organization_id\": \"2\",\n        \"tax_id\": null,\n        \"type_liability_id\": null,\n        \"type_regime_id\": \"2\",\n        \"municipality_id\": \"820\"\n    },\n    \"credit_note_lines\": [\n        {\n            \"type_item_identification_id\": \"4\",\n            \"code\": \"46\",\n            \"description\": \"servicio1\",\n            \"invoiced_quantity\": \"1\",\n            \"unit_measure_id\": \"70\",\n            \"line_extension_amount\": \"800.00\",\n            \"free_of_charge_indicator\": false,\n            \"price_amount\": \"800.00\",\n            \"base_quantity\": \"1\",\n            \"tax_totals\": [\n                {\n                    \"tax_id\": 1,\n                    \"tax_amount\": \"0.00\",\n                    \"taxable_amount\": \"800.00\",\n                    \"percent\": \"0\"\n                }\n            ]\n        }\n    ],\n    \"tax_totals\": [\n        {\n            \"tax_id\": 1,\n            \"tax_amount\": \"0.00\",\n            \"percent\": \"0\",\n            \"taxable_amount\": \"800.00\"\n        }\n    ],\n    \"legal_monetary_totals\": {\n        \"line_extension_amount\": \"800.00\",\n        \"tax_exclusive_amount\": \"800.00\",\n        \"tax_inclusive_amount\": \"800.00\",\n        \"allowance_total_amount\": \"0.00\",\n        \"charge_total_amount\": \"0.00\",\n        \"payable_amount\": \"800.00\"\n    }\n}','Regla: FAK55, Notificación: Correo electrónico no informado // Regla: RUT01, Notificación: La validación del estado del RUT próximamente estará disponible., IsValid = true, StatusDescription = Procesado Correctamente., StatusMessage = La Factura electrónica TWC24, ha sido autorizada.','Regla: RUT01, Notificación: La validación del estado del RUT próximamente estará disponible., IsValid = true, StatusDescription = Procesado Correctamente., StatusMessage = La Nota de crédito electrónica NCQO16, ha sido autorizada.',1,'2025-12-09 11:37:57','2025-12-09 16:37:57'),(32,1,2,13,195,2,2,25,'TWC-25','TWC','18764101781362','775d2fc40f6f1f06d316ac14e7220a8c38f0ab937a745361fbf65b0bdf1f5784','e74771d7529f57212813b882e249770eff81ca71eb5e16038c55c42a5ac9bd428e141b122bdfe14f5d4eef9baec15ca2','https://catalogo-vpfe.dian.gov.co/document/searchqr?documentkey=e74771d7529f57212813b882e249770eff81ca71eb5e16038c55c42a5ac9bd428e141b122bdfe14f5d4eef9baec15ca2','1094917508/FES-TWC25','1094917508','2025-12-09 17:36:49','1094912099','Julian David Rodriguez Rios','julianithox1@gmail.com','https://catalogo-vpfe.dian.gov.co/document/searchqr?documentkey=e74771d7529f57212813b882e249770eff81ca71eb5e16038c55c42a5ac9bd428e141b122bdfe14f5d4eef9baec15ca2',1,'NCQO',17,'04ba0c3130e5e13f6343dd3b19c85e1122f4cd054f07b953ad4430e2128a9aaa81b74d23f236b12f1cfe8a005b585485','https://catalogo-vpfe.dian.gov.co/document/searchqr?documentkey=04ba0c3130e5e13f6343dd3b19c85e1122f4cd054f07b953ad4430e2128a9aaa81b74d23f236b12f1cfe8a005b585485','https://catalogo-vpfe.dian.gov.co/document/searchqr?documentkey=04ba0c3130e5e13f6343dd3b19c85e1122f4cd054f07b953ad4430e2128a9aaa81b74d23f236b12f1cfe8a005b585485','1094917508/NCS-NCQO17','2025-12-09 20:43:58',1,'{\n    \"prefix\": \"TWC\",\n    \"number\": \"25\",\n    \"type_document_id\": \"1\",\n    \"date\": \"2025-12-09\",\n    \"time\": \"12:36:49\",\n    \"resolution_number\": \"18764101781362\",\n    \"sendmail\": true,\n    \"notes\": \"Factura Electroncia de venta\",\n    \"payment_form\": {\n        \"payment_form_id\": \"1\",\n        \"payment_method_id\": 10,\n        \"payment_due_date\": \"2025-12-09\",\n        \"duration_measure\": \"0\"\n    },\n    \"customer\": {\n        \"identification_number\": \"1094912099\",\n        \"dv\": \"5\",\n        \"name\": \"Julian David Rodriguez Rios\",\n        \"phone\": \"\",\n        \"address\": \"\",\n        \"email\": \"julianithox1@gmail.com\",\n        \"type_document_identification_id\": \"6\",\n        \"type_organization_id\": \"2\",\n        \"tax_id\": null,\n        \"type_liability_id\": null,\n        \"type_regime_id\": \"2\",\n        \"municipality_id\": \"820\"\n    },\n    \"invoice_lines\": [\n        {\n            \"type_item_identification_id\": \"4\",\n            \"code\": \"46\",\n            \"description\": \"servicio1\",\n            \"invoiced_quantity\": \"1\",\n            \"unit_measure_id\": \"70\",\n            \"line_extension_amount\": \"800.00\",\n            \"free_of_charge_indicator\": false,\n            \"price_amount\": \"800.00\",\n            \"base_quantity\": \"1\",\n            \"tax_totals\": [\n                {\n                    \"tax_id\": 1,\n                    \"tax_amount\": \"0.00\",\n                    \"taxable_amount\": \"800.00\",\n                    \"percent\": \"0\"\n                }\n            ]\n        }\n    ],\n    \"tax_totals\": [\n        {\n            \"tax_id\": 1,\n            \"tax_amount\": \"0.00\",\n            \"percent\": \"0\",\n            \"taxable_amount\": \"800.00\"\n        }\n    ],\n    \"legal_monetary_totals\": {\n        \"line_extension_amount\": \"800.00\",\n        \"tax_exclusive_amount\": \"800.00\",\n        \"tax_inclusive_amount\": \"800.00\",\n        \"allowance_total_amount\": \"0.00\",\n        \"charge_total_amount\": \"0.00\",\n        \"payable_amount\": \"800.00\"\n    }\n}','{\n    \"billing_reference\": {\n        \"number\": \"TWC25\",\n        \"uuid\": \"e74771d7529f57212813b882e249770eff81ca71eb5e16038c55c42a5ac9bd428e141b122bdfe14f5d4eef9baec15ca2\",\n        \"issue_date\": \"2025-12-09\"\n    },\n    \"discrepancyresponsecode\": 2,\n    \"discrepancyresponsedescription\": \"Nota credito total a factura\",\n    \"notes\": \"Nota credito\",\n    \"prefix\": \"NCQO\",\n    \"number\": \"17\",\n    \"type_document_id\": 4,\n    \"date\": \"2025-12-09\",\n    \"time\": \"20:43:55\",\n    \"type_operation_id\": 12,\n    \"sendmail\": true,\n    \"sendmailtome\": false,\n    \"head_note\": \"Este documento es una nota crédito con referencia generada automáticamente.\",\n    \"foot_note\": \"Gracias por su atención. Cualquier duda comuníquese con servicio al cliente.\",\n    \"customer\": {\n        \"identification_number\": \"1094912099\",\n        \"dv\": \"5\",\n        \"name\": \"Julian David Rodriguez Rios\",\n        \"phone\": \"\",\n        \"address\": \"\",\n        \"email\": \"julianithox1@gmail.com\",\n        \"type_document_identification_id\": \"6\",\n        \"type_organization_id\": \"2\",\n        \"tax_id\": null,\n        \"type_liability_id\": null,\n        \"type_regime_id\": \"2\",\n        \"municipality_id\": \"820\"\n    },\n    \"credit_note_lines\": [\n        {\n            \"type_item_identification_id\": \"4\",\n            \"code\": \"46\",\n            \"description\": \"servicio1\",\n            \"invoiced_quantity\": \"1\",\n            \"unit_measure_id\": \"70\",\n            \"line_extension_amount\": \"800.00\",\n            \"free_of_charge_indicator\": false,\n            \"price_amount\": \"800.00\",\n            \"base_quantity\": \"1\",\n            \"tax_totals\": [\n                {\n                    \"tax_id\": 1,\n                    \"tax_amount\": \"0.00\",\n                    \"taxable_amount\": \"800.00\",\n                    \"percent\": \"0\"\n                }\n            ]\n        }\n    ],\n    \"tax_totals\": [\n        {\n            \"tax_id\": 1,\n            \"tax_amount\": \"0.00\",\n            \"percent\": \"0\",\n            \"taxable_amount\": \"800.00\"\n        }\n    ],\n    \"legal_monetary_totals\": {\n        \"line_extension_amount\": \"800.00\",\n        \"tax_exclusive_amount\": \"800.00\",\n        \"tax_inclusive_amount\": \"800.00\",\n        \"allowance_total_amount\": \"0.00\",\n        \"charge_total_amount\": \"0.00\",\n        \"payable_amount\": \"800.00\"\n    }\n}','Regla: RUT01, Notificación: La validación del estado del RUT próximamente estará disponible., IsValid = true, StatusDescription = Procesado Correctamente., StatusMessage = La Factura electrónica TWC25, ha sido autorizada.','Regla: RUT01, Notificación: La validación del estado del RUT próximamente estará disponible., IsValid = true, StatusDescription = Procesado Correctamente., StatusMessage = La Nota de crédito electrónica NCQO17, ha sido autorizada.',1,'2025-12-09 17:36:51','2025-12-09 17:36:49'),(33,1,2,13,196,2,2,26,'TWC-26','TWC','18764101781362','775d2fc40f6f1f06d316ac14e7220a8c38f0ab937a745361fbf65b0bdf1f5784','b854565864a4ff3e063da7772e085b3236023593b3ec37872e586a8398c391736a84ee7a2a763c9b0879b28ad266d7a0','https://catalogo-vpfe.dian.gov.co/document/searchqr?documentkey=b854565864a4ff3e063da7772e085b3236023593b3ec37872e586a8398c391736a84ee7a2a763c9b0879b28ad266d7a0','1094917508/FES-TWC26','1094917508','2025-12-09 17:54:34','1094912099','Julian David Rodriguez Rios','julianithox1@gmail.com','https://catalogo-vpfe.dian.gov.co/document/searchqr?documentkey=b854565864a4ff3e063da7772e085b3236023593b3ec37872e586a8398c391736a84ee7a2a763c9b0879b28ad266d7a0',1,'NCQO',18,'ff879a1dbb110dd3b800b00185c56328b83f5699b4c9826dff0ac496a904b384ed52d292b202d875bac55205c3fe6c2e','https://catalogo-vpfe.dian.gov.co/document/searchqr?documentkey=ff879a1dbb110dd3b800b00185c56328b83f5699b4c9826dff0ac496a904b384ed52d292b202d875bac55205c3fe6c2e','https://catalogo-vpfe.dian.gov.co/document/searchqr?documentkey=ff879a1dbb110dd3b800b00185c56328b83f5699b4c9826dff0ac496a904b384ed52d292b202d875bac55205c3fe6c2e','1094917508/NCS-NCQO18','2025-12-09 20:49:07',1,'{\n    \"prefix\": \"TWC\",\n    \"number\": \"26\",\n    \"type_document_id\": \"1\",\n    \"date\": \"2025-12-09\",\n    \"time\": \"12:54:34\",\n    \"resolution_number\": \"18764101781362\",\n    \"sendmail\": true,\n    \"notes\": \"Factura Electroncia de venta\",\n    \"payment_form\": {\n        \"payment_form_id\": \"1\",\n        \"payment_method_id\": 10,\n        \"payment_due_date\": \"2025-12-09\",\n        \"duration_measure\": \"0\"\n    },\n    \"customer\": {\n        \"identification_number\": \"1094912099\",\n        \"dv\": \"5\",\n        \"name\": \"Julian David Rodriguez Rios\",\n        \"phone\": \"\",\n        \"address\": \"\",\n        \"email\": \"julianithox1@gmail.com\",\n        \"type_document_identification_id\": \"6\",\n        \"type_organization_id\": \"2\",\n        \"tax_id\": null,\n        \"type_liability_id\": null,\n        \"type_regime_id\": \"2\",\n        \"municipality_id\": \"820\"\n    },\n    \"invoice_lines\": [\n        {\n            \"type_item_identification_id\": \"4\",\n            \"code\": \"46\",\n            \"description\": \"servicio1\",\n            \"invoiced_quantity\": \"1\",\n            \"unit_measure_id\": \"70\",\n            \"line_extension_amount\": \"800.00\",\n            \"free_of_charge_indicator\": false,\n            \"price_amount\": \"800.00\",\n            \"base_quantity\": \"1\",\n            \"tax_totals\": [\n                {\n                    \"tax_id\": 1,\n                    \"tax_amount\": \"0.00\",\n                    \"taxable_amount\": \"800.00\",\n                    \"percent\": \"0\"\n                }\n            ]\n        }\n    ],\n    \"tax_totals\": [\n        {\n            \"tax_id\": 1,\n            \"tax_amount\": \"0.00\",\n            \"percent\": \"0\",\n            \"taxable_amount\": \"800.00\"\n        }\n    ],\n    \"legal_monetary_totals\": {\n        \"line_extension_amount\": \"800.00\",\n        \"tax_exclusive_amount\": \"800.00\",\n        \"tax_inclusive_amount\": \"800.00\",\n        \"allowance_total_amount\": \"0.00\",\n        \"charge_total_amount\": \"0.00\",\n        \"payable_amount\": \"800.00\"\n    }\n}','{\n    \"billing_reference\": {\n        \"number\": \"TWC26\",\n        \"uuid\": \"b854565864a4ff3e063da7772e085b3236023593b3ec37872e586a8398c391736a84ee7a2a763c9b0879b28ad266d7a0\",\n        \"issue_date\": \"2025-12-09\"\n    },\n    \"discrepancyresponsecode\": 2,\n    \"discrepancyresponsedescription\": \"Nota credito total a factura\",\n    \"notes\": \"Nota credito\",\n    \"prefix\": \"NCQO\",\n    \"number\": \"18\",\n    \"type_document_id\": 4,\n    \"date\": \"2025-12-09\",\n    \"time\": \"20:49:04\",\n    \"type_operation_id\": 12,\n    \"sendmail\": true,\n    \"sendmailtome\": false,\n    \"head_note\": \"Este documento es una nota crédito con referencia generada automáticamente.\",\n    \"foot_note\": \"Gracias por su atención. Cualquier duda comuníquese con servicio al cliente.\",\n    \"customer\": {\n        \"identification_number\": \"1094912099\",\n        \"dv\": \"5\",\n        \"name\": \"Julian David Rodriguez Rios\",\n        \"phone\": \"\",\n        \"address\": \"\",\n        \"email\": \"julianithox1@gmail.com\",\n        \"type_document_identification_id\": \"6\",\n        \"type_organization_id\": \"2\",\n        \"tax_id\": null,\n        \"type_liability_id\": null,\n        \"type_regime_id\": \"2\",\n        \"municipality_id\": \"820\"\n    },\n    \"credit_note_lines\": [\n        {\n            \"type_item_identification_id\": \"4\",\n            \"code\": \"46\",\n            \"description\": \"servicio1\",\n            \"invoiced_quantity\": \"1\",\n            \"unit_measure_id\": \"70\",\n            \"line_extension_amount\": \"800.00\",\n            \"free_of_charge_indicator\": false,\n            \"price_amount\": \"800.00\",\n            \"base_quantity\": \"1\",\n            \"tax_totals\": [\n                {\n                    \"tax_id\": 1,\n                    \"tax_amount\": \"0.00\",\n                    \"taxable_amount\": \"800.00\",\n                    \"percent\": \"0\"\n                }\n            ]\n        }\n    ],\n    \"tax_totals\": [\n        {\n            \"tax_id\": 1,\n            \"tax_amount\": \"0.00\",\n            \"percent\": \"0\",\n            \"taxable_amount\": \"800.00\"\n        }\n    ],\n    \"legal_monetary_totals\": {\n        \"line_extension_amount\": \"800.00\",\n        \"tax_exclusive_amount\": \"800.00\",\n        \"tax_inclusive_amount\": \"800.00\",\n        \"allowance_total_amount\": \"0.00\",\n        \"charge_total_amount\": \"0.00\",\n        \"payable_amount\": \"800.00\"\n    }\n}','Regla: RUT01, Notificación: La validación del estado del RUT próximamente estará disponible., IsValid = true, StatusDescription = Procesado Correctamente., StatusMessage = La Factura electrónica TWC26, ha sido autorizada.','Regla: RUT01, Notificación: La validación del estado del RUT próximamente estará disponible., IsValid = true, StatusDescription = Procesado Correctamente., StatusMessage = La Nota de crédito electrónica NCQO18, ha sido autorizada.',1,'2025-12-09 17:54:36','2025-12-09 17:54:34'),(34,1,2,13,197,2,2,27,'TWC-27','TWC','18764101781362','775d2fc40f6f1f06d316ac14e7220a8c38f0ab937a745361fbf65b0bdf1f5784','2da5408f8dc2de4bcceff1e75a75d3228ab733a262e31eb84d0d3b67d84cf5389f1463e02f1dc846268c307c70fcaa5b','https://catalogo-vpfe.dian.gov.co/document/searchqr?documentkey=2da5408f8dc2de4bcceff1e75a75d3228ab733a262e31eb84d0d3b67d84cf5389f1463e02f1dc846268c307c70fcaa5b','1094917508/FES-TWC27','1094917508','2025-12-09 18:05:41','1094912099','Julian David Rodriguez Rios','julianithox1@gmail.com','https://catalogo-vpfe.dian.gov.co/document/searchqr?documentkey=2da5408f8dc2de4bcceff1e75a75d3228ab733a262e31eb84d0d3b67d84cf5389f1463e02f1dc846268c307c70fcaa5b',1,'NCQO',19,'bcd6a4856ea3f47ac5f07414a97b7f197748a2e20e587ad62989660823b96283f364c2cf5295b7403547667f71a32172','https://catalogo-vpfe.dian.gov.co/document/searchqr?documentkey=bcd6a4856ea3f47ac5f07414a97b7f197748a2e20e587ad62989660823b96283f364c2cf5295b7403547667f71a32172','https://catalogo-vpfe.dian.gov.co/document/searchqr?documentkey=bcd6a4856ea3f47ac5f07414a97b7f197748a2e20e587ad62989660823b96283f364c2cf5295b7403547667f71a32172','1094917508/NCS-NCQO19','2025-12-09 20:59:12',1,'{\n    \"prefix\": \"TWC\",\n    \"number\": \"27\",\n    \"type_document_id\": \"1\",\n    \"date\": \"2025-12-09\",\n    \"time\": \"13:05:41\",\n    \"resolution_number\": \"18764101781362\",\n    \"sendmail\": true,\n    \"notes\": \"Factura Electroncia de venta\",\n    \"payment_form\": {\n        \"payment_form_id\": \"1\",\n        \"payment_method_id\": 10,\n        \"payment_due_date\": \"2025-12-09\",\n        \"duration_measure\": \"0\"\n    },\n    \"customer\": {\n        \"identification_number\": \"1094912099\",\n        \"dv\": \"5\",\n        \"name\": \"Julian David Rodriguez Rios\",\n        \"phone\": \"\",\n        \"address\": \"\",\n        \"email\": \"julianithox1@gmail.com\",\n        \"type_document_identification_id\": \"6\",\n        \"type_organization_id\": \"2\",\n        \"tax_id\": null,\n        \"type_liability_id\": null,\n        \"type_regime_id\": \"2\",\n        \"municipality_id\": \"820\"\n    },\n    \"invoice_lines\": [\n        {\n            \"type_item_identification_id\": \"4\",\n            \"code\": \"46\",\n            \"description\": \"servicio1\",\n            \"invoiced_quantity\": \"1\",\n            \"unit_measure_id\": \"70\",\n            \"line_extension_amount\": \"800.00\",\n            \"free_of_charge_indicator\": false,\n            \"price_amount\": \"800.00\",\n            \"base_quantity\": \"1\",\n            \"tax_totals\": [\n                {\n                    \"tax_id\": 1,\n                    \"tax_amount\": \"0.00\",\n                    \"taxable_amount\": \"800.00\",\n                    \"percent\": \"0\"\n                }\n            ]\n        }\n    ],\n    \"tax_totals\": [\n        {\n            \"tax_id\": 1,\n            \"tax_amount\": \"0.00\",\n            \"percent\": \"0\",\n            \"taxable_amount\": \"800.00\"\n        }\n    ],\n    \"legal_monetary_totals\": {\n        \"line_extension_amount\": \"800.00\",\n        \"tax_exclusive_amount\": \"800.00\",\n        \"tax_inclusive_amount\": \"800.00\",\n        \"allowance_total_amount\": \"0.00\",\n        \"charge_total_amount\": \"0.00\",\n        \"payable_amount\": \"800.00\"\n    }\n}','{\n    \"billing_reference\": {\n        \"number\": \"TWC27\",\n        \"uuid\": \"2da5408f8dc2de4bcceff1e75a75d3228ab733a262e31eb84d0d3b67d84cf5389f1463e02f1dc846268c307c70fcaa5b\",\n        \"issue_date\": \"2025-12-09\"\n    },\n    \"discrepancyresponsecode\": 2,\n    \"discrepancyresponsedescription\": \"Nota credito total a factura\",\n    \"notes\": \"Nota credito\",\n    \"prefix\": \"NCQO\",\n    \"number\": \"19\",\n    \"type_document_id\": 4,\n    \"date\": \"2025-12-09\",\n    \"time\": \"20:59:08\",\n    \"type_operation_id\": 12,\n    \"sendmail\": true,\n    \"sendmailtome\": false,\n    \"head_note\": \"Este documento es una nota crédito con referencia generada automáticamente.\",\n    \"foot_note\": \"Gracias por su atención. Cualquier duda comuníquese con servicio al cliente.\",\n    \"customer\": {\n        \"identification_number\": \"1094912099\",\n        \"dv\": \"5\",\n        \"name\": \"Julian David Rodriguez Rios\",\n        \"phone\": \"\",\n        \"address\": \"\",\n        \"email\": \"julianithox1@gmail.com\",\n        \"type_document_identification_id\": \"6\",\n        \"type_organization_id\": \"2\",\n        \"tax_id\": null,\n        \"type_liability_id\": null,\n        \"type_regime_id\": \"2\",\n        \"municipality_id\": \"820\"\n    },\n    \"credit_note_lines\": [\n        {\n            \"type_item_identification_id\": \"4\",\n            \"code\": \"46\",\n            \"description\": \"servicio1\",\n            \"invoiced_quantity\": \"1\",\n            \"unit_measure_id\": \"70\",\n            \"line_extension_amount\": \"800.00\",\n            \"free_of_charge_indicator\": false,\n            \"price_amount\": \"800.00\",\n            \"base_quantity\": \"1\",\n            \"tax_totals\": [\n                {\n                    \"tax_id\": 1,\n                    \"tax_amount\": \"0.00\",\n                    \"taxable_amount\": \"800.00\",\n                    \"percent\": \"0\"\n                }\n            ]\n        }\n    ],\n    \"tax_totals\": [\n        {\n            \"tax_id\": 1,\n            \"tax_amount\": \"0.00\",\n            \"percent\": \"0\",\n            \"taxable_amount\": \"800.00\"\n        }\n    ],\n    \"legal_monetary_totals\": {\n        \"line_extension_amount\": \"800.00\",\n        \"tax_exclusive_amount\": \"800.00\",\n        \"tax_inclusive_amount\": \"800.00\",\n        \"allowance_total_amount\": \"0.00\",\n        \"charge_total_amount\": \"0.00\",\n        \"payable_amount\": \"800.00\"\n    }\n}','Regla: RUT01, Notificación: La validación del estado del RUT próximamente estará disponible., IsValid = true, StatusDescription = Procesado Correctamente., StatusMessage = La Factura electrónica TWC27, ha sido autorizada.','Regla: RUT01, Notificación: La validación del estado del RUT próximamente estará disponible., IsValid = true, StatusDescription = Procesado Correctamente., StatusMessage = La Nota de crédito electrónica NCQO19, ha sido autorizada.',1,'2025-12-09 18:05:44','2025-12-09 18:05:41'),(35,1,2,13,198,2,2,28,'TWC-28','TWC','18764101781362','775d2fc40f6f1f06d316ac14e7220a8c38f0ab937a745361fbf65b0bdf1f5784','d16d6863016e809a701b77327104166712f99737152c54fabfa600b253b068c04f43287c14a6334067253445165a419b','https://catalogo-vpfe.dian.gov.co/document/searchqr?documentkey=d16d6863016e809a701b77327104166712f99737152c54fabfa600b253b068c04f43287c14a6334067253445165a419b','1094917508/FES-TWC28','1094917508','2025-12-09 18:15:22','1094912099','Julian David Rodriguez Rios','julianithox1@gmail.com','https://catalogo-vpfe.dian.gov.co/document/searchqr?documentkey=d16d6863016e809a701b77327104166712f99737152c54fabfa600b253b068c04f43287c14a6334067253445165a419b',1,'NCQO',20,'5c77287c7b0e6fe9b1b249423c7976b6cf627a53e0d35efd36f7137444fdfe000d56d155189dd391f5bd36502a5c3f7c','https://catalogo-vpfe.dian.gov.co/document/searchqr?documentkey=5c77287c7b0e6fe9b1b249423c7976b6cf627a53e0d35efd36f7137444fdfe000d56d155189dd391f5bd36502a5c3f7c','https://catalogo-vpfe.dian.gov.co/document/searchqr?documentkey=5c77287c7b0e6fe9b1b249423c7976b6cf627a53e0d35efd36f7137444fdfe000d56d155189dd391f5bd36502a5c3f7c','1094917508/NCS-NCQO20','2025-12-09 21:15:04',1,'{\n    \"prefix\": \"TWC\",\n    \"number\": \"28\",\n    \"type_document_id\": \"1\",\n    \"date\": \"2025-12-09\",\n    \"time\": \"13:15:22\",\n    \"resolution_number\": \"18764101781362\",\n    \"sendmail\": true,\n    \"notes\": \"Factura Electroncia de venta\",\n    \"payment_form\": {\n        \"payment_form_id\": \"1\",\n        \"payment_method_id\": 10,\n        \"payment_due_date\": \"2025-12-09\",\n        \"duration_measure\": \"0\"\n    },\n    \"customer\": {\n        \"identification_number\": \"1094912099\",\n        \"dv\": \"5\",\n        \"name\": \"Julian David Rodriguez Rios\",\n        \"phone\": \"\",\n        \"address\": \"\",\n        \"email\": \"julianithox1@gmail.com\",\n        \"type_document_identification_id\": \"6\",\n        \"type_organization_id\": \"2\",\n        \"tax_id\": null,\n        \"type_liability_id\": null,\n        \"type_regime_id\": \"2\",\n        \"municipality_id\": \"820\"\n    },\n    \"invoice_lines\": [\n        {\n            \"type_item_identification_id\": \"4\",\n            \"code\": \"46\",\n            \"description\": \"servicio1\",\n            \"invoiced_quantity\": \"1\",\n            \"unit_measure_id\": \"70\",\n            \"line_extension_amount\": \"800.00\",\n            \"free_of_charge_indicator\": false,\n            \"price_amount\": \"800.00\",\n            \"base_quantity\": \"1\",\n            \"tax_totals\": [\n                {\n                    \"tax_id\": 1,\n                    \"tax_amount\": \"0.00\",\n                    \"taxable_amount\": \"800.00\",\n                    \"percent\": \"0\"\n                }\n            ]\n        }\n    ],\n    \"tax_totals\": [\n        {\n            \"tax_id\": 1,\n            \"tax_amount\": \"0.00\",\n            \"percent\": \"0\",\n            \"taxable_amount\": \"800.00\"\n        }\n    ],\n    \"legal_monetary_totals\": {\n        \"line_extension_amount\": \"800.00\",\n        \"tax_exclusive_amount\": \"800.00\",\n        \"tax_inclusive_amount\": \"800.00\",\n        \"allowance_total_amount\": \"0.00\",\n        \"charge_total_amount\": \"0.00\",\n        \"payable_amount\": \"800.00\"\n    }\n}','{\n    \"billing_reference\": {\n        \"number\": \"TWC28\",\n        \"uuid\": \"d16d6863016e809a701b77327104166712f99737152c54fabfa600b253b068c04f43287c14a6334067253445165a419b\",\n        \"issue_date\": \"2025-12-09\"\n    },\n    \"discrepancyresponsecode\": 2,\n    \"discrepancyresponsedescription\": \"Nota credito total a factura\",\n    \"notes\": \"Nota credito\",\n    \"prefix\": \"NCQO\",\n    \"number\": \"20\",\n    \"type_document_id\": 4,\n    \"date\": \"2025-12-09\",\n    \"time\": \"21:15:00\",\n    \"type_operation_id\": 12,\n    \"sendmail\": true,\n    \"sendmailtome\": false,\n    \"head_note\": \"Este documento es una nota crédito con referencia generada automáticamente.\",\n    \"foot_note\": \"Gracias por su atención. Cualquier duda comuníquese con servicio al cliente.\",\n    \"customer\": {\n        \"identification_number\": \"1094912099\",\n        \"dv\": \"5\",\n        \"name\": \"Julian David Rodriguez Rios\",\n        \"phone\": \"\",\n        \"address\": \"\",\n        \"email\": \"julianithox1@gmail.com\",\n        \"type_document_identification_id\": \"6\",\n        \"type_organization_id\": \"2\",\n        \"tax_id\": null,\n        \"type_liability_id\": null,\n        \"type_regime_id\": \"2\",\n        \"municipality_id\": \"820\"\n    },\n    \"credit_note_lines\": [\n        {\n            \"type_item_identification_id\": \"4\",\n            \"code\": \"46\",\n            \"description\": \"servicio1\",\n            \"invoiced_quantity\": \"1\",\n            \"unit_measure_id\": \"70\",\n            \"line_extension_amount\": \"800.00\",\n            \"free_of_charge_indicator\": false,\n            \"price_amount\": \"800.00\",\n            \"base_quantity\": \"1\",\n            \"tax_totals\": [\n                {\n                    \"tax_id\": 1,\n                    \"tax_amount\": \"0.00\",\n                    \"taxable_amount\": \"800.00\",\n                    \"percent\": \"0\"\n                }\n            ]\n        }\n    ],\n    \"tax_totals\": [\n        {\n            \"tax_id\": 1,\n            \"tax_amount\": \"0.00\",\n            \"percent\": \"0\",\n            \"taxable_amount\": \"800.00\"\n        }\n    ],\n    \"legal_monetary_totals\": {\n        \"line_extension_amount\": \"800.00\",\n        \"tax_exclusive_amount\": \"800.00\",\n        \"tax_inclusive_amount\": \"800.00\",\n        \"allowance_total_amount\": \"0.00\",\n        \"charge_total_amount\": \"0.00\",\n        \"payable_amount\": \"800.00\"\n    }\n}','Regla: RUT01, Notificación: La validación del estado del RUT próximamente estará disponible., IsValid = true, StatusDescription = Procesado Correctamente., StatusMessage = La Factura electrónica TWC28, ha sido autorizada.','Regla: RUT01, Notificación: La validación del estado del RUT próximamente estará disponible., IsValid = true, StatusDescription = Procesado Correctamente., StatusMessage = La Nota de crédito electrónica NCQO20, ha sido autorizada.',1,'2025-12-09 18:15:24','2025-12-09 18:15:22'),(36,1,2,13,199,2,2,29,'TWC-29','TWC','18764101781362','775d2fc40f6f1f06d316ac14e7220a8c38f0ab937a745361fbf65b0bdf1f5784','abe13934d97e38d2dd79e5ba3b46f0ad46bc44ca6d8d8375aa898eb3687487207cb8a61bfba32970a950d6a815723ec0','https://catalogo-vpfe.dian.gov.co/document/searchqr?documentkey=abe13934d97e38d2dd79e5ba3b46f0ad46bc44ca6d8d8375aa898eb3687487207cb8a61bfba32970a950d6a815723ec0','1094917508/FES-TWC29','1094917508','2025-12-09 18:21:20','1094912099','Julian David Rodriguez Rios','julianithox1@gmail.com','https://catalogo-vpfe.dian.gov.co/document/searchqr?documentkey=abe13934d97e38d2dd79e5ba3b46f0ad46bc44ca6d8d8375aa898eb3687487207cb8a61bfba32970a950d6a815723ec0',1,'NCQO',21,'3e5bd4dd5e71d5f1bc482713643c607713a460205f349b7daacc8f63b913ae07327245b65dd7a68eec0308acc8341b89','https://catalogo-vpfe.dian.gov.co/document/searchqr?documentkey=3e5bd4dd5e71d5f1bc482713643c607713a460205f349b7daacc8f63b913ae07327245b65dd7a68eec0308acc8341b89','https://catalogo-vpfe.dian.gov.co/document/searchqr?documentkey=3e5bd4dd5e71d5f1bc482713643c607713a460205f349b7daacc8f63b913ae07327245b65dd7a68eec0308acc8341b89','1094917508/NCS-NCQO21','2025-12-09 21:26:45',1,'{\n    \"prefix\": \"TWC\",\n    \"number\": \"29\",\n    \"type_document_id\": \"1\",\n    \"date\": \"2025-12-09\",\n    \"time\": \"13:21:20\",\n    \"resolution_number\": \"18764101781362\",\n    \"sendmail\": true,\n    \"notes\": \"Factura Electroncia de venta\",\n    \"payment_form\": {\n        \"payment_form_id\": \"1\",\n        \"payment_method_id\": 10,\n        \"payment_due_date\": \"2025-12-09\",\n        \"duration_measure\": \"0\"\n    },\n    \"customer\": {\n        \"identification_number\": \"1094912099\",\n        \"dv\": \"5\",\n        \"name\": \"Julian David Rodriguez Rios\",\n        \"phone\": \"\",\n        \"address\": \"\",\n        \"email\": \"julianithox1@gmail.com\",\n        \"type_document_identification_id\": \"6\",\n        \"type_organization_id\": \"2\",\n        \"tax_id\": null,\n        \"type_liability_id\": null,\n        \"type_regime_id\": \"2\",\n        \"municipality_id\": \"820\"\n    },\n    \"invoice_lines\": [\n        {\n            \"type_item_identification_id\": \"4\",\n            \"code\": \"46\",\n            \"description\": \"servicio1\",\n            \"invoiced_quantity\": \"1\",\n            \"unit_measure_id\": \"70\",\n            \"line_extension_amount\": \"800.00\",\n            \"free_of_charge_indicator\": false,\n            \"price_amount\": \"800.00\",\n            \"base_quantity\": \"1\",\n            \"tax_totals\": [\n                {\n                    \"tax_id\": 1,\n                    \"tax_amount\": \"0.00\",\n                    \"taxable_amount\": \"800.00\",\n                    \"percent\": \"0\"\n                }\n            ]\n        }\n    ],\n    \"tax_totals\": [\n        {\n            \"tax_id\": 1,\n            \"tax_amount\": \"0.00\",\n            \"percent\": \"0\",\n            \"taxable_amount\": \"800.00\"\n        }\n    ],\n    \"legal_monetary_totals\": {\n        \"line_extension_amount\": \"800.00\",\n        \"tax_exclusive_amount\": \"800.00\",\n        \"tax_inclusive_amount\": \"800.00\",\n        \"allowance_total_amount\": \"0.00\",\n        \"charge_total_amount\": \"0.00\",\n        \"payable_amount\": \"800.00\"\n    }\n}','{\n    \"billing_reference\": {\n        \"number\": \"TWC29\",\n        \"uuid\": \"abe13934d97e38d2dd79e5ba3b46f0ad46bc44ca6d8d8375aa898eb3687487207cb8a61bfba32970a950d6a815723ec0\",\n        \"issue_date\": \"2025-12-09\"\n    },\n    \"discrepancyresponsecode\": 2,\n    \"discrepancyresponsedescription\": \"Nota credito total a factura\",\n    \"notes\": \"Nota credito\",\n    \"prefix\": \"NCQO\",\n    \"number\": \"21\",\n    \"type_document_id\": 4,\n    \"date\": \"2025-12-09\",\n    \"time\": \"21:26:41\",\n    \"type_operation_id\": 12,\n    \"sendmail\": true,\n    \"sendmailtome\": false,\n    \"head_note\": \"Este documento es una nota crédito con referencia generada automáticamente.\",\n    \"foot_note\": \"Gracias por su atención. Cualquier duda comuníquese con servicio al cliente.\",\n    \"customer\": {\n        \"identification_number\": \"1094912099\",\n        \"dv\": \"5\",\n        \"name\": \"Julian David Rodriguez Rios\",\n        \"phone\": \"\",\n        \"address\": \"\",\n        \"email\": \"julianithox1@gmail.com\",\n        \"type_document_identification_id\": \"6\",\n        \"type_organization_id\": \"2\",\n        \"tax_id\": null,\n        \"type_liability_id\": null,\n        \"type_regime_id\": \"2\",\n        \"municipality_id\": \"820\"\n    },\n    \"credit_note_lines\": [\n        {\n            \"type_item_identification_id\": \"4\",\n            \"code\": \"46\",\n            \"description\": \"servicio1\",\n            \"invoiced_quantity\": \"1\",\n            \"unit_measure_id\": \"70\",\n            \"line_extension_amount\": \"800.00\",\n            \"free_of_charge_indicator\": false,\n            \"price_amount\": \"800.00\",\n            \"base_quantity\": \"1\",\n            \"tax_totals\": [\n                {\n                    \"tax_id\": 1,\n                    \"tax_amount\": \"0.00\",\n                    \"taxable_amount\": \"800.00\",\n                    \"percent\": \"0\"\n                }\n            ]\n        }\n    ],\n    \"tax_totals\": [\n        {\n            \"tax_id\": 1,\n            \"tax_amount\": \"0.00\",\n            \"percent\": \"0\",\n            \"taxable_amount\": \"800.00\"\n        }\n    ],\n    \"legal_monetary_totals\": {\n        \"line_extension_amount\": \"800.00\",\n        \"tax_exclusive_amount\": \"800.00\",\n        \"tax_inclusive_amount\": \"800.00\",\n        \"allowance_total_amount\": \"0.00\",\n        \"charge_total_amount\": \"0.00\",\n        \"payable_amount\": \"800.00\"\n    }\n}','Regla: RUT01, Notificación: La validación del estado del RUT próximamente estará disponible., IsValid = true, StatusDescription = Procesado Correctamente., StatusMessage = La Factura electrónica TWC29, ha sido autorizada.','Regla: RUT01, Notificación: La validación del estado del RUT próximamente estará disponible., IsValid = true, StatusDescription = Procesado Correctamente., StatusMessage = La Nota de crédito electrónica NCQO21, ha sido autorizada.',1,'2025-12-09 18:21:22','2025-12-09 18:21:20'),(37,1,2,13,200,2,2,30,'TWC-30','TWC','18764101781362','775d2fc40f6f1f06d316ac14e7220a8c38f0ab937a745361fbf65b0bdf1f5784','3d3355b051e4c2df6df1cde16fb86b2ea918cf09cf183bec75677238d1a24f590a4de0bb905d3ea79ff1e60bb0296d21','https://catalogo-vpfe.dian.gov.co/document/searchqr?documentkey=3d3355b051e4c2df6df1cde16fb86b2ea918cf09cf183bec75677238d1a24f590a4de0bb905d3ea79ff1e60bb0296d21','1094917508/FES-TWC30','1094917508','2025-12-09 18:25:47','1094912099','Julian David Rodriguez Rios','julianithox1@gmail.com','https://catalogo-vpfe.dian.gov.co/document/searchqr?documentkey=3d3355b051e4c2df6df1cde16fb86b2ea918cf09cf183bec75677238d1a24f590a4de0bb905d3ea79ff1e60bb0296d21',1,'NCQO',22,'b6ce1dbbce5346238ac982f6b096864aa995cf0a57d3be9ef70b5fee452cae13827f3fccdc0113d66d1569c7c83041fd','https://catalogo-vpfe.dian.gov.co/document/searchqr?documentkey=b6ce1dbbce5346238ac982f6b096864aa995cf0a57d3be9ef70b5fee452cae13827f3fccdc0113d66d1569c7c83041fd','https://catalogo-vpfe.dian.gov.co/document/searchqr?documentkey=b6ce1dbbce5346238ac982f6b096864aa995cf0a57d3be9ef70b5fee452cae13827f3fccdc0113d66d1569c7c83041fd','1094917508/NCS-NCQO22','2025-12-09 21:28:08',1,'{\n    \"prefix\": \"TWC\",\n    \"number\": \"30\",\n    \"type_document_id\": \"1\",\n    \"date\": \"2025-12-09\",\n    \"time\": \"13:25:47\",\n    \"resolution_number\": \"18764101781362\",\n    \"sendmail\": true,\n    \"notes\": \"Factura Electroncia de venta\",\n    \"payment_form\": {\n        \"payment_form_id\": \"1\",\n        \"payment_method_id\": 10,\n        \"payment_due_date\": \"2025-12-09\",\n        \"duration_measure\": \"0\"\n    },\n    \"customer\": {\n        \"identification_number\": \"1094912099\",\n        \"dv\": \"5\",\n        \"name\": \"Julian David Rodriguez Rios\",\n        \"phone\": \"\",\n        \"address\": \"\",\n        \"email\": \"julianithox1@gmail.com\",\n        \"type_document_identification_id\": \"6\",\n        \"type_organization_id\": \"2\",\n        \"tax_id\": null,\n        \"type_liability_id\": null,\n        \"type_regime_id\": \"2\",\n        \"municipality_id\": \"820\"\n    },\n    \"invoice_lines\": [\n        {\n            \"type_item_identification_id\": \"4\",\n            \"code\": \"46\",\n            \"description\": \"servicio1\",\n            \"invoiced_quantity\": \"1\",\n            \"unit_measure_id\": \"70\",\n            \"line_extension_amount\": \"800.00\",\n            \"free_of_charge_indicator\": false,\n            \"price_amount\": \"800.00\",\n            \"base_quantity\": \"1\",\n            \"tax_totals\": [\n                {\n                    \"tax_id\": 1,\n                    \"tax_amount\": \"0.00\",\n                    \"taxable_amount\": \"800.00\",\n                    \"percent\": \"0\"\n                }\n            ]\n        }\n    ],\n    \"tax_totals\": [\n        {\n            \"tax_id\": 1,\n            \"tax_amount\": \"0.00\",\n            \"percent\": \"0\",\n            \"taxable_amount\": \"800.00\"\n        }\n    ],\n    \"legal_monetary_totals\": {\n        \"line_extension_amount\": \"800.00\",\n        \"tax_exclusive_amount\": \"800.00\",\n        \"tax_inclusive_amount\": \"800.00\",\n        \"allowance_total_amount\": \"0.00\",\n        \"charge_total_amount\": \"0.00\",\n        \"payable_amount\": \"800.00\"\n    }\n}','{\n    \"billing_reference\": {\n        \"number\": \"TWC30\",\n        \"uuid\": \"3d3355b051e4c2df6df1cde16fb86b2ea918cf09cf183bec75677238d1a24f590a4de0bb905d3ea79ff1e60bb0296d21\",\n        \"issue_date\": \"2025-12-09\"\n    },\n    \"discrepancyresponsecode\": 2,\n    \"discrepancyresponsedescription\": \"Nota credito total a factura\",\n    \"notes\": \"Nota credito\",\n    \"prefix\": \"NCQO\",\n    \"number\": \"22\",\n    \"type_document_id\": 4,\n    \"date\": \"2025-12-09\",\n    \"time\": \"21:28:05\",\n    \"type_operation_id\": 12,\n    \"sendmail\": true,\n    \"sendmailtome\": false,\n    \"head_note\": \"Este documento es una nota crédito con referencia generada automáticamente.\",\n    \"foot_note\": \"Gracias por su atención. Cualquier duda comuníquese con servicio al cliente.\",\n    \"customer\": {\n        \"identification_number\": \"1094912099\",\n        \"dv\": \"5\",\n        \"name\": \"Julian David Rodriguez Rios\",\n        \"phone\": \"\",\n        \"address\": \"\",\n        \"email\": \"julianithox1@gmail.com\",\n        \"type_document_identification_id\": \"6\",\n        \"type_organization_id\": \"2\",\n        \"tax_id\": null,\n        \"type_liability_id\": null,\n        \"type_regime_id\": \"2\",\n        \"municipality_id\": \"820\"\n    },\n    \"credit_note_lines\": [\n        {\n            \"type_item_identification_id\": \"4\",\n            \"code\": \"46\",\n            \"description\": \"servicio1\",\n            \"invoiced_quantity\": \"1\",\n            \"unit_measure_id\": \"70\",\n            \"line_extension_amount\": \"800.00\",\n            \"free_of_charge_indicator\": false,\n            \"price_amount\": \"800.00\",\n            \"base_quantity\": \"1\",\n            \"tax_totals\": [\n                {\n                    \"tax_id\": 1,\n                    \"tax_amount\": \"0.00\",\n                    \"taxable_amount\": \"800.00\",\n                    \"percent\": \"0\"\n                }\n            ]\n        }\n    ],\n    \"tax_totals\": [\n        {\n            \"tax_id\": 1,\n            \"tax_amount\": \"0.00\",\n            \"percent\": \"0\",\n            \"taxable_amount\": \"800.00\"\n        }\n    ],\n    \"legal_monetary_totals\": {\n        \"line_extension_amount\": \"800.00\",\n        \"tax_exclusive_amount\": \"800.00\",\n        \"tax_inclusive_amount\": \"800.00\",\n        \"allowance_total_amount\": \"0.00\",\n        \"charge_total_amount\": \"0.00\",\n        \"payable_amount\": \"800.00\"\n    }\n}','Regla: RUT01, Notificación: La validación del estado del RUT próximamente estará disponible., IsValid = true, StatusDescription = Procesado Correctamente., StatusMessage = La Factura electrónica TWC30, ha sido autorizada.','Regla: RUT01, Notificación: La validación del estado del RUT próximamente estará disponible., IsValid = true, StatusDescription = Procesado Correctamente., StatusMessage = La Nota de crédito electrónica NCQO22, ha sido autorizada.',1,'2025-12-09 18:25:50','2025-12-09 18:25:47'),(38,1,2,13,201,2,2,31,'TWC-31','TWC','18764101781362','775d2fc40f6f1f06d316ac14e7220a8c38f0ab937a745361fbf65b0bdf1f5784','231b5ad7b8cbb97dab7a638ee39a35f9d9985c67557e428447d07d088bb532d214dbf244961b5da79434c114826350a4','https://catalogo-vpfe.dian.gov.co/document/searchqr?documentkey=231b5ad7b8cbb97dab7a638ee39a35f9d9985c67557e428447d07d088bb532d214dbf244961b5da79434c114826350a4','1094917508/FES-TWC31','1094917508','2025-12-09 20:33:32','1094912099','Julian David Rodriguez Rios','julianithox1@gmail.com','https://catalogo-vpfe.dian.gov.co/document/searchqr?documentkey=231b5ad7b8cbb97dab7a638ee39a35f9d9985c67557e428447d07d088bb532d214dbf244961b5da79434c114826350a4',1,'NCQO',23,'8bd8db055aeef2aa3565fd308f7aff84a3c8857e998a790b0feab20c9b89e8d430c9d3417d2836983ede5458d27e5175','https://catalogo-vpfe.dian.gov.co/document/searchqr?documentkey=8bd8db055aeef2aa3565fd308f7aff84a3c8857e998a790b0feab20c9b89e8d430c9d3417d2836983ede5458d27e5175','https://catalogo-vpfe.dian.gov.co/document/searchqr?documentkey=8bd8db055aeef2aa3565fd308f7aff84a3c8857e998a790b0feab20c9b89e8d430c9d3417d2836983ede5458d27e5175','1094917508/NCS-NCQO23','2025-12-09 21:28:40',1,'{\n    \"prefix\": \"TWC\",\n    \"number\": \"31\",\n    \"type_document_id\": \"1\",\n    \"date\": \"2025-12-09\",\n    \"time\": \"15:33:32\",\n    \"resolution_number\": \"18764101781362\",\n    \"sendmail\": true,\n    \"notes\": \"Factura Electroncia de venta\",\n    \"payment_form\": {\n        \"payment_form_id\": \"1\",\n        \"payment_method_id\": 10,\n        \"payment_due_date\": \"2025-12-09\",\n        \"duration_measure\": \"0\"\n    },\n    \"customer\": {\n        \"identification_number\": \"1094912099\",\n        \"dv\": \"5\",\n        \"name\": \"Julian David Rodriguez Rios\",\n        \"phone\": \"\",\n        \"address\": \"\",\n        \"email\": \"julianithox1@gmail.com\",\n        \"type_document_identification_id\": \"6\",\n        \"type_organization_id\": \"2\",\n        \"tax_id\": null,\n        \"type_liability_id\": null,\n        \"type_regime_id\": \"2\",\n        \"municipality_id\": \"820\"\n    },\n    \"invoice_lines\": [\n        {\n            \"type_item_identification_id\": \"4\",\n            \"code\": \"46\",\n            \"description\": \"servicio1\",\n            \"invoiced_quantity\": \"1\",\n            \"unit_measure_id\": \"70\",\n            \"line_extension_amount\": \"800.00\",\n            \"free_of_charge_indicator\": false,\n            \"price_amount\": \"800.00\",\n            \"base_quantity\": \"1\",\n            \"tax_totals\": [\n                {\n                    \"tax_id\": 1,\n                    \"tax_amount\": \"0.00\",\n                    \"taxable_amount\": \"800.00\",\n                    \"percent\": \"0\"\n                }\n            ]\n        }\n    ],\n    \"tax_totals\": [\n        {\n            \"tax_id\": 1,\n            \"tax_amount\": \"0.00\",\n            \"percent\": \"0\",\n            \"taxable_amount\": \"800.00\"\n        }\n    ],\n    \"legal_monetary_totals\": {\n        \"line_extension_amount\": \"800.00\",\n        \"tax_exclusive_amount\": \"800.00\",\n        \"tax_inclusive_amount\": \"800.00\",\n        \"allowance_total_amount\": \"0.00\",\n        \"charge_total_amount\": \"0.00\",\n        \"payable_amount\": \"800.00\"\n    }\n}','{\n    \"billing_reference\": {\n        \"number\": \"TWC31\",\n        \"uuid\": \"231b5ad7b8cbb97dab7a638ee39a35f9d9985c67557e428447d07d088bb532d214dbf244961b5da79434c114826350a4\",\n        \"issue_date\": \"2025-12-09\"\n    },\n    \"discrepancyresponsecode\": 2,\n    \"discrepancyresponsedescription\": \"Nota credito total a factura\",\n    \"notes\": \"Nota credito\",\n    \"prefix\": \"NCQO\",\n    \"number\": \"23\",\n    \"type_document_id\": 4,\n    \"date\": \"2025-12-09\",\n    \"time\": \"21:28:36\",\n    \"type_operation_id\": 12,\n    \"sendmail\": true,\n    \"sendmailtome\": false,\n    \"head_note\": \"Este documento es una nota crédito con referencia generada automáticamente.\",\n    \"foot_note\": \"Gracias por su atención. Cualquier duda comuníquese con servicio al cliente.\",\n    \"customer\": {\n        \"identification_number\": \"1094912099\",\n        \"dv\": \"5\",\n        \"name\": \"Julian David Rodriguez Rios\",\n        \"phone\": \"\",\n        \"address\": \"\",\n        \"email\": \"julianithox1@gmail.com\",\n        \"type_document_identification_id\": \"6\",\n        \"type_organization_id\": \"2\",\n        \"tax_id\": null,\n        \"type_liability_id\": null,\n        \"type_regime_id\": \"2\",\n        \"municipality_id\": \"820\"\n    },\n    \"credit_note_lines\": [\n        {\n            \"type_item_identification_id\": \"4\",\n            \"code\": \"46\",\n            \"description\": \"servicio1\",\n            \"invoiced_quantity\": \"1\",\n            \"unit_measure_id\": \"70\",\n            \"line_extension_amount\": \"800.00\",\n            \"free_of_charge_indicator\": false,\n            \"price_amount\": \"800.00\",\n            \"base_quantity\": \"1\",\n            \"tax_totals\": [\n                {\n                    \"tax_id\": 1,\n                    \"tax_amount\": \"0.00\",\n                    \"taxable_amount\": \"800.00\",\n                    \"percent\": \"0\"\n                }\n            ]\n        }\n    ],\n    \"tax_totals\": [\n        {\n            \"tax_id\": 1,\n            \"tax_amount\": \"0.00\",\n            \"percent\": \"0\",\n            \"taxable_amount\": \"800.00\"\n        }\n    ],\n    \"legal_monetary_totals\": {\n        \"line_extension_amount\": \"800.00\",\n        \"tax_exclusive_amount\": \"800.00\",\n        \"tax_inclusive_amount\": \"800.00\",\n        \"allowance_total_amount\": \"0.00\",\n        \"charge_total_amount\": \"0.00\",\n        \"payable_amount\": \"800.00\"\n    }\n}','Regla: RUT01, Notificación: La validación del estado del RUT próximamente estará disponible., IsValid = true, StatusDescription = Procesado Correctamente., StatusMessage = La Factura electrónica TWC31, ha sido autorizada.','Regla: RUT01, Notificación: La validación del estado del RUT próximamente estará disponible., IsValid = true, StatusDescription = Procesado Correctamente., StatusMessage = La Nota de crédito electrónica NCQO23, ha sido autorizada.',1,'2025-12-09 20:33:35','2025-12-09 20:33:32'),(39,1,2,13,202,2,2,32,'TWC-32','TWC','18764101781362','775d2fc40f6f1f06d316ac14e7220a8c38f0ab937a745361fbf65b0bdf1f5784','c7d049b500942d0e8507ecac8e4b939a9e6e2c313059dbcb3b4d91204cca0f1c593047b224eaf58a5dbe50b844797076','https://catalogo-vpfe.dian.gov.co/document/searchqr?documentkey=c7d049b500942d0e8507ecac8e4b939a9e6e2c313059dbcb3b4d91204cca0f1c593047b224eaf58a5dbe50b844797076','1094917508/FES-TWC32','1094917508','2025-12-09 20:42:04','1094912099','Julian David Rodriguez Rios','julianithox1@gmail.com','https://catalogo-vpfe.dian.gov.co/document/searchqr?documentkey=c7d049b500942d0e8507ecac8e4b939a9e6e2c313059dbcb3b4d91204cca0f1c593047b224eaf58a5dbe50b844797076',1,'NCQO',24,'76e5fdd60d2cfe6c031f0f65fb2755f03010ecbcd62021444ef343cd9c510f5014b3d1c2587520f1944b8902624c2820','https://catalogo-vpfe.dian.gov.co/document/searchqr?documentkey=76e5fdd60d2cfe6c031f0f65fb2755f03010ecbcd62021444ef343cd9c510f5014b3d1c2587520f1944b8902624c2820','https://catalogo-vpfe.dian.gov.co/document/searchqr?documentkey=76e5fdd60d2cfe6c031f0f65fb2755f03010ecbcd62021444ef343cd9c510f5014b3d1c2587520f1944b8902624c2820','1094917508/NCS-NCQO24','2025-12-09 21:28:43',1,'{\n    \"prefix\": \"TWC\",\n    \"number\": \"32\",\n    \"type_document_id\": \"1\",\n    \"date\": \"2025-12-09\",\n    \"time\": \"15:42:04\",\n    \"resolution_number\": \"18764101781362\",\n    \"sendmail\": true,\n    \"notes\": \"Factura Electroncia de venta\",\n    \"payment_form\": {\n        \"payment_form_id\": \"1\",\n        \"payment_method_id\": 10,\n        \"payment_due_date\": \"2025-12-09\",\n        \"duration_measure\": \"0\"\n    },\n    \"customer\": {\n        \"identification_number\": \"1094912099\",\n        \"dv\": \"5\",\n        \"name\": \"Julian David Rodriguez Rios\",\n        \"phone\": \"\",\n        \"address\": \"\",\n        \"email\": \"julianithox1@gmail.com\",\n        \"type_document_identification_id\": \"6\",\n        \"type_organization_id\": \"2\",\n        \"tax_id\": null,\n        \"type_liability_id\": null,\n        \"type_regime_id\": \"2\",\n        \"municipality_id\": \"820\"\n    },\n    \"invoice_lines\": [\n        {\n            \"type_item_identification_id\": \"4\",\n            \"code\": \"46\",\n            \"description\": \"servicio1\",\n            \"invoiced_quantity\": \"1\",\n            \"unit_measure_id\": \"70\",\n            \"line_extension_amount\": \"800.00\",\n            \"free_of_charge_indicator\": false,\n            \"price_amount\": \"800.00\",\n            \"base_quantity\": \"1\",\n            \"tax_totals\": [\n                {\n                    \"tax_id\": 1,\n                    \"tax_amount\": \"0.00\",\n                    \"taxable_amount\": \"800.00\",\n                    \"percent\": \"0\"\n                }\n            ]\n        }\n    ],\n    \"tax_totals\": [\n        {\n            \"tax_id\": 1,\n            \"tax_amount\": \"0.00\",\n            \"percent\": \"0\",\n            \"taxable_amount\": \"800.00\"\n        }\n    ],\n    \"legal_monetary_totals\": {\n        \"line_extension_amount\": \"800.00\",\n        \"tax_exclusive_amount\": \"800.00\",\n        \"tax_inclusive_amount\": \"800.00\",\n        \"allowance_total_amount\": \"0.00\",\n        \"charge_total_amount\": \"0.00\",\n        \"payable_amount\": \"800.00\"\n    }\n}','{\n    \"billing_reference\": {\n        \"number\": \"TWC32\",\n        \"uuid\": \"c7d049b500942d0e8507ecac8e4b939a9e6e2c313059dbcb3b4d91204cca0f1c593047b224eaf58a5dbe50b844797076\",\n        \"issue_date\": \"2025-12-09\"\n    },\n    \"discrepancyresponsecode\": 2,\n    \"discrepancyresponsedescription\": \"Nota credito total a factura\",\n    \"notes\": \"Nota credito\",\n    \"prefix\": \"NCQO\",\n    \"number\": \"24\",\n    \"type_document_id\": 4,\n    \"date\": \"2025-12-09\",\n    \"time\": \"21:28:40\",\n    \"type_operation_id\": 12,\n    \"sendmail\": true,\n    \"sendmailtome\": false,\n    \"head_note\": \"Este documento es una nota crédito con referencia generada automáticamente.\",\n    \"foot_note\": \"Gracias por su atención. Cualquier duda comuníquese con servicio al cliente.\",\n    \"customer\": {\n        \"identification_number\": \"1094912099\",\n        \"dv\": \"5\",\n        \"name\": \"Julian David Rodriguez Rios\",\n        \"phone\": \"\",\n        \"address\": \"\",\n        \"email\": \"julianithox1@gmail.com\",\n        \"type_document_identification_id\": \"6\",\n        \"type_organization_id\": \"2\",\n        \"tax_id\": null,\n        \"type_liability_id\": null,\n        \"type_regime_id\": \"2\",\n        \"municipality_id\": \"820\"\n    },\n    \"credit_note_lines\": [\n        {\n            \"type_item_identification_id\": \"4\",\n            \"code\": \"46\",\n            \"description\": \"servicio1\",\n            \"invoiced_quantity\": \"1\",\n            \"unit_measure_id\": \"70\",\n            \"line_extension_amount\": \"800.00\",\n            \"free_of_charge_indicator\": false,\n            \"price_amount\": \"800.00\",\n            \"base_quantity\": \"1\",\n            \"tax_totals\": [\n                {\n                    \"tax_id\": 1,\n                    \"tax_amount\": \"0.00\",\n                    \"taxable_amount\": \"800.00\",\n                    \"percent\": \"0\"\n                }\n            ]\n        }\n    ],\n    \"tax_totals\": [\n        {\n            \"tax_id\": 1,\n            \"tax_amount\": \"0.00\",\n            \"percent\": \"0\",\n            \"taxable_amount\": \"800.00\"\n        }\n    ],\n    \"legal_monetary_totals\": {\n        \"line_extension_amount\": \"800.00\",\n        \"tax_exclusive_amount\": \"800.00\",\n        \"tax_inclusive_amount\": \"800.00\",\n        \"allowance_total_amount\": \"0.00\",\n        \"charge_total_amount\": \"0.00\",\n        \"payable_amount\": \"800.00\"\n    }\n}','Regla: RUT01, Notificación: La validación del estado del RUT próximamente estará disponible., IsValid = true, StatusDescription = Procesado Correctamente., StatusMessage = La Factura electrónica TWC32, ha sido autorizada.','Regla: RUT01, Notificación: La validación del estado del RUT próximamente estará disponible., IsValid = true, StatusDescription = Procesado Correctamente., StatusMessage = La Nota de crédito electrónica NCQO24, ha sido autorizada.',1,'2025-12-09 23:07:37','2025-12-09 20:42:04'),(40,1,2,13,203,2,1,33,'TWC-33','TWC','18764101781362','775d2fc40f6f1f06d316ac14e7220a8c38f0ab937a745361fbf65b0bdf1f5784','ce5fd93020f1562825762fce5bf1aa2c2052a7004ebf9012f594b05a060e4b5de35babe1a5884d53807ab0015e08545e','https://catalogo-vpfe.dian.gov.co/document/searchqr?documentkey=ce5fd93020f1562825762fce5bf1aa2c2052a7004ebf9012f594b05a060e4b5de35babe1a5884d53807ab0015e08545e','1094917508/FES-TWC33','1094917508','2025-12-09 21:00:06','1094912099','Julian David Rodriguez Rios','julianithox1@gmail.com','https://catalogo-vpfe.dian.gov.co/document/searchqr?documentkey=ce5fd93020f1562825762fce5bf1aa2c2052a7004ebf9012f594b05a060e4b5de35babe1a5884d53807ab0015e08545e',0,NULL,NULL,NULL,NULL,NULL,NULL,NULL,1,'{\n    \"prefix\": \"TWC\",\n    \"number\": \"33\",\n    \"type_document_id\": \"1\",\n    \"date\": \"2025-12-09\",\n    \"time\": \"16:00:06\",\n    \"resolution_number\": \"18764101781362\",\n    \"sendmail\": true,\n    \"notes\": \"Factura Electroncia de venta\",\n    \"payment_form\": {\n        \"payment_form_id\": \"1\",\n        \"payment_method_id\": 10,\n        \"payment_due_date\": \"2025-12-09\",\n        \"duration_measure\": \"0\"\n    },\n    \"customer\": {\n        \"identification_number\": \"1094912099\",\n        \"dv\": \"5\",\n        \"name\": \"Julian David Rodriguez Rios\",\n        \"phone\": \"\",\n        \"address\": \"\",\n        \"email\": \"julianithox1@gmail.com\",\n        \"type_document_identification_id\": \"6\",\n        \"type_organization_id\": \"2\",\n        \"tax_id\": null,\n        \"type_liability_id\": null,\n        \"type_regime_id\": \"2\",\n        \"municipality_id\": \"820\"\n    },\n    \"invoice_lines\": [\n        {\n            \"type_item_identification_id\": \"4\",\n            \"code\": \"46\",\n            \"description\": \"servicio1\",\n            \"invoiced_quantity\": \"1\",\n            \"unit_measure_id\": \"70\",\n            \"line_extension_amount\": \"800.00\",\n            \"free_of_charge_indicator\": false,\n            \"price_amount\": \"800.00\",\n            \"base_quantity\": \"1\",\n            \"tax_totals\": [\n                {\n                    \"tax_id\": 1,\n                    \"tax_amount\": \"0.00\",\n                    \"taxable_amount\": \"800.00\",\n                    \"percent\": \"0\"\n                }\n            ]\n        }\n    ],\n    \"tax_totals\": [\n        {\n            \"tax_id\": 1,\n            \"tax_amount\": \"0.00\",\n            \"percent\": \"0\",\n            \"taxable_amount\": \"800.00\"\n        }\n    ],\n    \"legal_monetary_totals\": {\n        \"line_extension_amount\": \"800.00\",\n        \"tax_exclusive_amount\": \"800.00\",\n        \"tax_inclusive_amount\": \"800.00\",\n        \"allowance_total_amount\": \"0.00\",\n        \"charge_total_amount\": \"0.00\",\n        \"payable_amount\": \"800.00\"\n    }\n}',NULL,'Regla: RUT01, Notificación: La validación del estado del RUT próximamente estará disponible., IsValid = true, StatusDescription = Procesado Correctamente., StatusMessage = La Factura electrónica TWC33, ha sido autorizada.',NULL,1,'2025-12-09 21:00:10','2025-12-09 21:00:06'),(41,1,2,13,204,2,1,34,'TWC-34','TWC','18764101781362','775d2fc40f6f1f06d316ac14e7220a8c38f0ab937a745361fbf65b0bdf1f5784','048a9bef7820d16321990bcdf7cb37611939b44e2feb873a37d07c77252e353f38dbee09ea25a10fc34931114b4f37da','https://catalogo-vpfe.dian.gov.co/document/searchqr?documentkey=048a9bef7820d16321990bcdf7cb37611939b44e2feb873a37d07c77252e353f38dbee09ea25a10fc34931114b4f37da','1094917508/FES-TWC34','1094917508','2025-12-10 02:43:00','1094912099','Julian David Rodriguez Rios','julianithox1@gmail.com','https://catalogo-vpfe.dian.gov.co/document/searchqr?documentkey=048a9bef7820d16321990bcdf7cb37611939b44e2feb873a37d07c77252e353f38dbee09ea25a10fc34931114b4f37da',0,NULL,NULL,NULL,NULL,NULL,NULL,NULL,1,'{\n    \"prefix\": \"TWC\",\n    \"number\": \"34\",\n    \"type_document_id\": \"1\",\n    \"date\": \"2025-12-09\",\n    \"time\": \"21:43:00\",\n    \"resolution_number\": \"18764101781362\",\n    \"sendmail\": true,\n    \"notes\": \"Factura Electroncia de venta\",\n    \"payment_form\": {\n        \"payment_form_id\": \"1\",\n        \"payment_method_id\": 10,\n        \"payment_due_date\": \"2025-12-09\",\n        \"duration_measure\": \"0\"\n    },\n    \"customer\": {\n        \"identification_number\": \"1094912099\",\n        \"dv\": \"5\",\n        \"name\": \"Julian David Rodriguez Rios\",\n        \"phone\": \"\",\n        \"address\": \"\",\n        \"email\": \"julianithox1@gmail.com\",\n        \"type_document_identification_id\": \"6\",\n        \"type_organization_id\": \"2\",\n        \"tax_id\": null,\n        \"type_liability_id\": null,\n        \"type_regime_id\": \"2\",\n        \"municipality_id\": \"820\"\n    },\n    \"invoice_lines\": [\n        {\n            \"type_item_identification_id\": \"4\",\n            \"code\": \"-1\",\n            \"description\": \"servicio contable\",\n            \"invoiced_quantity\": \"4\",\n            \"unit_measure_id\": \"70\",\n            \"line_extension_amount\": \"546.22\",\n            \"free_of_charge_indicator\": false,\n            \"price_amount\": \"136.55\",\n            \"base_quantity\": \"4\",\n            \"tax_totals\": [\n                {\n                    \"tax_id\": 1,\n                    \"tax_amount\": \"103.78\",\n                    \"taxable_amount\": \"546.22\",\n                    \"percent\": \"19\"\n                }\n            ]\n        },\n        {\n            \"type_item_identification_id\": \"4\",\n            \"code\": \"-4\",\n            \"description\": \"Servicio de mantenimiento\",\n            \"invoiced_quantity\": \"6\",\n            \"unit_measure_id\": \"70\",\n            \"line_extension_amount\": \"1071.43\",\n            \"free_of_charge_indicator\": false,\n            \"price_amount\": \"178.57\",\n            \"base_quantity\": \"6\",\n            \"tax_totals\": [\n                {\n                    \"tax_id\": 1,\n                    \"tax_amount\": \"53.57\",\n                    \"taxable_amount\": \"1071.43\",\n                    \"percent\": \"5\"\n                }\n            ]\n        }\n    ],\n    \"tax_totals\": [\n        {\n            \"tax_id\": 1,\n            \"tax_amount\": \"103.78\",\n            \"percent\": \"19\",\n            \"taxable_amount\": \"546.22\"\n        },\n        {\n            \"tax_id\": 1,\n            \"tax_amount\": \"53.57\",\n            \"percent\": \"5\",\n            \"taxable_amount\": \"1071.43\"\n        }\n    ],\n    \"legal_monetary_totals\": {\n        \"line_extension_amount\": \"1617.65\",\n        \"tax_exclusive_amount\": \"1617.65\",\n        \"tax_inclusive_amount\": \"1775.00\",\n        \"allowance_total_amount\": \"0.00\",\n        \"charge_total_amount\": \"0.00\",\n        \"payable_amount\": \"1775.00\"\n    }\n}',NULL,'Regla: RUT01, Notificación: La validación del estado del RUT próximamente estará disponible., IsValid = true, StatusDescription = Procesado Correctamente., StatusMessage = La Factura electrónica TWC34, ha sido autorizada.',NULL,1,'2025-12-10 02:43:04','2025-12-10 02:43:00');
/*!40000 ALTER TABLE `facturas_electronicas` ENABLE KEYS */;
UNLOCK TABLES;

--
-- Table structure for table `facturaselim`
--

DROP TABLE IF EXISTS `facturaselim`;
/*!40101 SET @saved_cs_client     = @@character_set_client */;
/*!50503 SET character_set_client = utf8mb4 */;
CREATE TABLE `facturaselim` (
  `id` int NOT NULL AUTO_INCREMENT,
  `id_sucursal` int DEFAULT NULL,
  `idcliente` int DEFAULT NULL,
  `idvendedor` int DEFAULT NULL,
  `idcaja` int DEFAULT NULL,
  `idconsecutivo` int DEFAULT NULL,
  `iddireccion` int DEFAULT NULL,
  `idtarifazona` int DEFAULT NULL,
  `idcierrecaja` int DEFAULT NULL,
  `num_orden` int DEFAULT NULL,
  `cliente` varchar(55) CHARACTER SET utf8mb3 COLLATE utf8mb3_general_ci DEFAULT NULL,
  `vendedor` varchar(55) CHARACTER SET utf8mb3 COLLATE utf8mb3_general_ci DEFAULT NULL,
  `caja` varchar(33) COLLATE utf8mb3_unicode_ci DEFAULT NULL,
  `tipofacturador` varchar(33) COLLATE utf8mb3_unicode_ci DEFAULT NULL,
  `direccion` varchar(77) CHARACTER SET utf8mb3 COLLATE utf8mb3_general_ci DEFAULT NULL,
  `tarifazona` varchar(55) COLLATE utf8mb3_unicode_ci DEFAULT NULL,
  `totalunidades` int DEFAULT NULL,
  `recibido` varchar(15) CHARACTER SET utf8mb3 COLLATE utf8mb3_unicode_ci DEFAULT NULL,
  `transaccion` varchar(25) CHARACTER SET utf8mb3 COLLATE utf8mb3_unicode_ci DEFAULT NULL,
  `tipoventa` varchar(33) COLLATE utf8mb3_unicode_ci DEFAULT NULL,
  `cotizacion` tinyint(1) DEFAULT NULL,
  `estado` varchar(11) COLLATE utf8mb3_unicode_ci DEFAULT NULL,
  `cambioaventa` tinyint(1) DEFAULT NULL,
  `referencia` varchar(22) CHARACTER SET utf8mb3 COLLATE utf8mb3_spanish_ci DEFAULT NULL,
  `subtotal` varchar(14) CHARACTER SET utf8mb3 COLLATE utf8mb3_spanish_ci DEFAULT NULL,
  `base` decimal(13,3) DEFAULT NULL,
  `valorimpuestototal` decimal(12,3) DEFAULT NULL,
  `dctox100` int DEFAULT NULL,
  `descuento` varchar(10) COLLATE utf8mb3_unicode_ci DEFAULT NULL,
  `total` varchar(15) CHARACTER SET utf8mb3 COLLATE utf8mb3_spanish_ci DEFAULT NULL,
  `observacion` varchar(255) CHARACTER SET utf8mb3 COLLATE utf8mb3_general_ci DEFAULT NULL,
  `departamento` varchar(22) COLLATE utf8mb3_unicode_ci DEFAULT NULL,
  `ciudad` varchar(22) COLLATE utf8mb3_unicode_ci DEFAULT NULL,
  `entrega` varchar(11) CHARACTER SET utf8mb3 COLLATE utf8mb3_unicode_ci DEFAULT NULL,
  `valortarifa` varchar(9) COLLATE utf8mb3_unicode_ci DEFAULT NULL,
  `fechacreacion` datetime DEFAULT NULL,
  `fechapago` datetime DEFAULT NULL,
  `opc1` varchar(45) CHARACTER SET utf8mb3 COLLATE utf8mb3_unicode_ci DEFAULT NULL,
  `opc2` varchar(45) CHARACTER SET utf8mb3 COLLATE utf8mb3_unicode_ci DEFAULT NULL,
  PRIMARY KEY (`id`),
  UNIQUE KEY `unique_num_orden` (`id_sucursal`,`num_orden`) /*!80000 INVISIBLE */,
  KEY `idcliente_idx` (`idcliente`),
  KEY `idvendedor_idx` (`idvendedor`),
  KEY `iddireccion_idx` (`iddireccion`),
  KEY `idcierrecaja_idx` (`idcierrecaja`),
  KEY `idsucursal_idx` (`id_sucursal`),
  CONSTRAINT `id_sucursal` FOREIGN KEY (`id_sucursal`) REFERENCES `sucursales` (`id`) ON UPDATE CASCADE,
  CONSTRAINT `idcierrecaja` FOREIGN KEY (`idcierrecaja`) REFERENCES `cierrescajas` (`id`) ON UPDATE CASCADE,
  CONSTRAINT `idcliente` FOREIGN KEY (`idcliente`) REFERENCES `clientes` (`id`) ON DELETE SET NULL ON UPDATE CASCADE,
  CONSTRAINT `iddireccion` FOREIGN KEY (`iddireccion`) REFERENCES `direcciones` (`id`) ON DELETE SET NULL ON UPDATE CASCADE,
  CONSTRAINT `idvendedor` FOREIGN KEY (`idvendedor`) REFERENCES `usuarios` (`id`) ON DELETE SET NULL ON UPDATE CASCADE
) ENGINE=InnoDB DEFAULT CHARSET=utf8mb3 COLLATE=utf8mb3_unicode_ci;
/*!40101 SET character_set_client = @saved_cs_client */;

--
-- Dumping data for table `facturaselim`
--

LOCK TABLES `facturaselim` WRITE;
/*!40000 ALTER TABLE `facturaselim` DISABLE KEYS */;
/*!40000 ALTER TABLE `facturaselim` ENABLE KEYS */;
UNLOCK TABLES;

--
-- Table structure for table `gastos`
--

DROP TABLE IF EXISTS `gastos`;
/*!40101 SET @saved_cs_client     = @@character_set_client */;
/*!50503 SET character_set_client = utf8mb4 */;
CREATE TABLE `gastos` (
  `id` int NOT NULL AUTO_INCREMENT,
  `id_sucursalfk` int DEFAULT NULL,
  `idg_usuario` int DEFAULT NULL,
  `id_compra` int DEFAULT NULL,
  `id_banco` int DEFAULT NULL,
  `idg_caja` int DEFAULT NULL,
  `idg_cierrecaja` int NOT NULL,
  `idcategoriagastos` int NOT NULL,
  `tipo_origen` tinyint(1) NOT NULL DEFAULT '0',
  `operacion` varchar(22) CHARACTER SET utf8mb3 COLLATE utf8mb3_spanish_ci DEFAULT NULL,
  `valor` decimal(12,2) NOT NULL,
  `descripcion` varchar(255) COLLATE utf8mb3_unicode_ci DEFAULT NULL,
  `imgcomprobante` varchar(155) COLLATE utf8mb3_unicode_ci DEFAULT NULL,
  `fecha` datetime DEFAULT NULL,
  PRIMARY KEY (`id`),
  KEY `idg_usuario_idx` (`idg_usuario`),
  KEY `id_compra_idx` (`id_compra`),
  KEY `idg_caja_idx` (`idg_caja`),
  KEY `idg_cierrecaja_idx` (`idg_cierrecaja`),
  KEY `idcategoriagastos_idx` (`idcategoriagastos`),
  KEY `id_banco_idx` (`id_banco`),
  KEY `id_sucursalfk_idx` (`id_sucursalfk`),
  KEY `fecha_idx` (`fecha`) /*!80000 INVISIBLE */,
  CONSTRAINT `id_banco` FOREIGN KEY (`id_banco`) REFERENCES `bancos` (`id`) ON DELETE SET NULL ON UPDATE CASCADE,
  CONSTRAINT `id_compra` FOREIGN KEY (`id_compra`) REFERENCES `compras` (`id`) ON DELETE CASCADE ON UPDATE CASCADE,
  CONSTRAINT `id_sucursalfk` FOREIGN KEY (`id_sucursalfk`) REFERENCES `sucursales` (`id`) ON UPDATE CASCADE,
  CONSTRAINT `idcategoriagastos` FOREIGN KEY (`idcategoriagastos`) REFERENCES `categoriagastos` (`id`) ON UPDATE CASCADE,
  CONSTRAINT `idg_caja` FOREIGN KEY (`idg_caja`) REFERENCES `caja` (`id`) ON DELETE SET NULL ON UPDATE CASCADE,
  CONSTRAINT `idg_cierrecaja` FOREIGN KEY (`idg_cierrecaja`) REFERENCES `cierrescajas` (`id`) ON UPDATE CASCADE,
  CONSTRAINT `idg_usuario` FOREIGN KEY (`idg_usuario`) REFERENCES `usuarios` (`id`) ON DELETE SET NULL ON UPDATE CASCADE
) ENGINE=InnoDB AUTO_INCREMENT=17 DEFAULT CHARSET=utf8mb3 COLLATE=utf8mb3_unicode_ci;
/*!40101 SET character_set_client = @saved_cs_client */;

--
-- Dumping data for table `gastos`
--

LOCK TABLES `gastos` WRITE;
/*!40000 ALTER TABLE `gastos` DISABLE KEYS */;
INSERT INTO `gastos` VALUES (1,1,1,NULL,NULL,1,3,1,0,'gasto',298000.00,NULL,NULL,'2025-09-29 23:05:17'),(2,1,1,NULL,NULL,1,3,1,0,'gasto',55000.00,NULL,NULL,'2025-09-29 23:10:55'),(3,1,1,NULL,1,1,3,1,1,'gasto',120000.00,NULL,NULL,'2025-09-29 23:12:06'),(4,1,1,NULL,NULL,1,3,4,0,'gasto',47.00,NULL,NULL,'2025-09-29 23:19:41'),(5,1,1,NULL,NULL,1,3,3,0,'gasto',46963.00,NULL,NULL,'2025-09-29 23:25:45'),(6,1,1,NULL,NULL,1,4,12,0,'gasto',50000.00,NULL,NULL,'2025-10-14 05:58:06'),(9,1,1,2,NULL,1,4,1,0,'compra',488000.00,NULL,NULL,'2025-10-21 04:40:31'),(14,1,1,NULL,NULL,1,4,4,0,'gasto',25000.00,NULL,'cliente/comprobantes/68fc44975d7e1fact_electronica.png','2025-10-24 22:31:35'),(15,1,1,9,NULL,1,4,1,0,'compra',91000.00,NULL,NULL,'2025-11-15 21:50:05'),(16,1,1,10,NULL,1,4,1,0,'compra',3000.00,NULL,NULL,'2025-11-15 22:09:10');
/*!40000 ALTER TABLE `gastos` ENABLE KEYS */;
UNLOCK TABLES;

--
-- Table structure for table `impuestos`
--

DROP TABLE IF EXISTS `impuestos`;
/*!40101 SET @saved_cs_client     = @@character_set_client */;
/*!50503 SET character_set_client = utf8mb4 */;
CREATE TABLE `impuestos` (
  `id` int NOT NULL AUTO_INCREMENT,
  `nombre` varchar(55) CHARACTER SET utf8mb3 COLLATE utf8mb3_spanish_ci DEFAULT NULL,
  `porcentaje` int DEFAULT NULL,
  PRIMARY KEY (`id`)
) ENGINE=InnoDB AUTO_INCREMENT=7 DEFAULT CHARSET=utf8mb3 COLLATE=utf8mb3_unicode_ci;
/*!40101 SET character_set_client = @saved_cs_client */;

--
-- Dumping data for table `impuestos`
--

LOCK TABLES `impuestos` WRITE;
/*!40000 ALTER TABLE `impuestos` DISABLE KEYS */;
INSERT INTO `impuestos` VALUES (1,'Exento – 0%',0),(2,'Bienes / Servicios al 5%',5),(3,'Contratos antes Ley 1819 – 16%',16),(4,'Tarifa general – 19%',19),(5,'Excluido de IVA',NULL),(6,'Impuesto Nacional al Consumo – 8%',8);
/*!40000 ALTER TABLE `impuestos` ENABLE KEYS */;
UNLOCK TABLES;

--
-- Table structure for table `ingresoscajas`
--

DROP TABLE IF EXISTS `ingresoscajas`;
/*!40101 SET @saved_cs_client     = @@character_set_client */;
/*!50503 SET character_set_client = utf8mb4 */;
CREATE TABLE `ingresoscajas` (
  `id` int NOT NULL AUTO_INCREMENT,
  `idsucursal_idfk` int NOT NULL,
  `idusuario` int DEFAULT NULL,
  `id_caja` int NOT NULL,
  `id_cierrecaja` int NOT NULL,
  `operacion` varchar(45) COLLATE utf8mb3_unicode_ci DEFAULT NULL,
  `fecha` datetime DEFAULT NULL,
  `valor` decimal(12,2) NOT NULL,
  `descripcion` varchar(255) COLLATE utf8mb3_unicode_ci DEFAULT NULL,
  PRIMARY KEY (`id`),
  KEY `idusuario_idx` (`idusuario`),
  KEY `idcaja_idx` (`id_caja`),
  KEY `idcierrecaja_idx` (`id_cierrecaja`),
  KEY `idsucursal_idfk_idx` (`idsucursal_idfk`),
  CONSTRAINT `id_caja` FOREIGN KEY (`id_caja`) REFERENCES `caja` (`id`) ON DELETE CASCADE ON UPDATE CASCADE,
  CONSTRAINT `id_cierrecaja` FOREIGN KEY (`id_cierrecaja`) REFERENCES `cierrescajas` (`id`) ON UPDATE CASCADE,
  CONSTRAINT `idsucursal_idfk` FOREIGN KEY (`idsucursal_idfk`) REFERENCES `sucursales` (`id`) ON DELETE CASCADE ON UPDATE CASCADE,
  CONSTRAINT `idusuario` FOREIGN KEY (`idusuario`) REFERENCES `usuarios` (`id`) ON DELETE SET NULL ON UPDATE CASCADE
) ENGINE=InnoDB AUTO_INCREMENT=6 DEFAULT CHARSET=utf8mb3 COLLATE=utf8mb3_unicode_ci;
/*!40101 SET character_set_client = @saved_cs_client */;

--
-- Dumping data for table `ingresoscajas`
--

LOCK TABLES `ingresoscajas` WRITE;
/*!40000 ALTER TABLE `ingresoscajas` DISABLE KEYS */;
/*!40000 ALTER TABLE `ingresoscajas` ENABLE KEYS */;
UNLOCK TABLES;

--
-- Table structure for table `insumos_consumidos`
--

DROP TABLE IF EXISTS `insumos_consumidos`;
/*!40101 SET @saved_cs_client     = @@character_set_client */;
/*!50503 SET character_set_client = utf8mb4 */;
CREATE TABLE `insumos_consumidos` (
  `id` int NOT NULL AUTO_INCREMENT,
  `idordenproduccion` int NOT NULL,
  `subproducto_id` int DEFAULT NULL,
  `id_loteproduccion` int NOT NULL,
  `nombresubproducto` varchar(55) CHARACTER SET utf8mb3 COLLATE utf8mb3_spanish_ci NOT NULL,
  `cantidadutilizada` decimal(11,2) NOT NULL,
  `created_at` timestamp NULL DEFAULT CURRENT_TIMESTAMP,
  PRIMARY KEY (`id`),
  KEY `idordenproduccion_idx` (`idordenproduccion`),
  KEY `subproducto_id_idx` (`subproducto_id`),
  KEY `id_loteproduccion_idx` (`id_loteproduccion`),
  CONSTRAINT `id_loteproduccion` FOREIGN KEY (`id_loteproduccion`) REFERENCES `lotes_produccion` (`id`) ON DELETE CASCADE ON UPDATE CASCADE,
  CONSTRAINT `idordenproduccion` FOREIGN KEY (`idordenproduccion`) REFERENCES `ordenes_produccion` (`id`) ON DELETE CASCADE ON UPDATE CASCADE,
  CONSTRAINT `subproducto_id` FOREIGN KEY (`subproducto_id`) REFERENCES `subproductos` (`id`) ON DELETE SET NULL ON UPDATE CASCADE
) ENGINE=InnoDB DEFAULT CHARSET=utf8mb3 COLLATE=utf8mb3_unicode_ci;
/*!40101 SET character_set_client = @saved_cs_client */;

--
-- Dumping data for table `insumos_consumidos`
--

LOCK TABLES `insumos_consumidos` WRITE;
/*!40000 ALTER TABLE `insumos_consumidos` DISABLE KEYS */;
/*!40000 ALTER TABLE `insumos_consumidos` ENABLE KEYS */;
UNLOCK TABLES;

--
-- Table structure for table `insumos_fabricados`
--

DROP TABLE IF EXISTS `insumos_fabricados`;
/*!40101 SET @saved_cs_client     = @@character_set_client */;
/*!50503 SET character_set_client = utf8mb4 */;
CREATE TABLE `insumos_fabricados` (
  `id` int NOT NULL AUTO_INCREMENT,
  `id_insumoproducido` int NOT NULL,
  `id_subproducto` int NOT NULL,
  `cantidadsubproducto` decimal(11,2) NOT NULL,
  `costo` decimal(12,2) DEFAULT NULL,
  PRIMARY KEY (`id`),
  CONSTRAINT `id_insumoproducido` FOREIGN KEY (`id`) REFERENCES `subproductos` (`id`) ON DELETE CASCADE ON UPDATE CASCADE
) ENGINE=InnoDB DEFAULT CHARSET=utf8mb3 COLLATE=utf8mb3_unicode_ci;
/*!40101 SET character_set_client = @saved_cs_client */;

--
-- Dumping data for table `insumos_fabricados`
--

LOCK TABLES `insumos_fabricados` WRITE;
/*!40000 ALTER TABLE `insumos_fabricados` DISABLE KEYS */;
/*!40000 ALTER TABLE `insumos_fabricados` ENABLE KEYS */;
UNLOCK TABLES;

--
-- Table structure for table `lotes_produccion`
--

DROP TABLE IF EXISTS `lotes_produccion`;
/*!40101 SET @saved_cs_client     = @@character_set_client */;
/*!50503 SET character_set_client = utf8mb4 */;
CREATE TABLE `lotes_produccion` (
  `id` int NOT NULL AUTO_INCREMENT,
  `id_ordenproduccion` int NOT NULL,
  `idsucursalfk` int NOT NULL,
  `num_lote` varchar(45) CHARACTER SET utf8mb3 COLLATE utf8mb3_spanish_ci DEFAULT NULL,
  `cantidadproducida` decimal(11,2) NOT NULL,
  `fechaproduccion` date DEFAULT NULL,
  `fechavencimiento` date DEFAULT NULL,
  `created_at` timestamp NULL DEFAULT CURRENT_TIMESTAMP,
  PRIMARY KEY (`id`),
  KEY `id_ordenproduccion_idx` (`id_ordenproduccion`),
  KEY `idsucursalfk_idx` (`idsucursalfk`),
  CONSTRAINT `id_ordenproduccion` FOREIGN KEY (`id_ordenproduccion`) REFERENCES `ordenes_produccion` (`id`) ON DELETE CASCADE ON UPDATE CASCADE,
  CONSTRAINT `idsucursalfk` FOREIGN KEY (`idsucursalfk`) REFERENCES `sucursales` (`id`) ON DELETE CASCADE ON UPDATE CASCADE
) ENGINE=InnoDB DEFAULT CHARSET=utf8mb3 COLLATE=utf8mb3_unicode_ci;
/*!40101 SET character_set_client = @saved_cs_client */;

--
-- Dumping data for table `lotes_produccion`
--

LOCK TABLES `lotes_produccion` WRITE;
/*!40000 ALTER TABLE `lotes_produccion` DISABLE KEYS */;
/*!40000 ALTER TABLE `lotes_produccion` ENABLE KEYS */;
UNLOCK TABLES;

--
-- Table structure for table `marketing_campaign_clients`
--

DROP TABLE IF EXISTS `marketing_campaign_clients`;
/*!40101 SET @saved_cs_client     = @@character_set_client */;
/*!50503 SET character_set_client = utf8mb4 */;
CREATE TABLE `marketing_campaign_clients` (
  `id` int NOT NULL AUTO_INCREMENT,
  `idmarketingcampaign` int NOT NULL,
  `clienteid` int NOT NULL,
  `redimido` tinyint(1) DEFAULT '0',
  `fecha_redencion` datetime DEFAULT NULL,
  `created_at` timestamp NULL DEFAULT CURRENT_TIMESTAMP,
  PRIMARY KEY (`id`),
  KEY `idmarketingcampaign_idx` (`idmarketingcampaign`),
  KEY `clienteid_idx` (`clienteid`),
  CONSTRAINT `clienteid` FOREIGN KEY (`clienteid`) REFERENCES `clientes` (`id`) ON DELETE CASCADE ON UPDATE CASCADE,
  CONSTRAINT `idmarketingcampaign` FOREIGN KEY (`idmarketingcampaign`) REFERENCES `marketing_campaigns` (`id`) ON UPDATE CASCADE
) ENGINE=InnoDB DEFAULT CHARSET=utf8mb3 COLLATE=utf8mb3_unicode_ci;
/*!40101 SET character_set_client = @saved_cs_client */;

--
-- Dumping data for table `marketing_campaign_clients`
--

LOCK TABLES `marketing_campaign_clients` WRITE;
/*!40000 ALTER TABLE `marketing_campaign_clients` DISABLE KEYS */;
/*!40000 ALTER TABLE `marketing_campaign_clients` ENABLE KEYS */;
UNLOCK TABLES;

--
-- Table structure for table `marketing_campaign_products`
--

DROP TABLE IF EXISTS `marketing_campaign_products`;
/*!40101 SET @saved_cs_client     = @@character_set_client */;
/*!50503 SET character_set_client = utf8mb4 */;
CREATE TABLE `marketing_campaign_products` (
  `id` int NOT NULL AUTO_INCREMENT,
  `id_sucursal_id_fk` int NOT NULL,
  `id_marketingcampaign` int NOT NULL,
  `id_producto_id` int NOT NULL,
  `created_at` timestamp NULL DEFAULT CURRENT_TIMESTAMP,
  PRIMARY KEY (`id`),
  KEY `id_marketingcampaign_idx` (`id_marketingcampaign`),
  KEY `idproductoid_idx` (`id_producto_id`),
  KEY `id_sucursal_id_fk_idx` (`id_sucursal_id_fk`),
  CONSTRAINT `id_marketingcampaign` FOREIGN KEY (`id_marketingcampaign`) REFERENCES `marketing_campaigns` (`id`) ON DELETE CASCADE ON UPDATE CASCADE,
  CONSTRAINT `id_producto_id` FOREIGN KEY (`id_producto_id`) REFERENCES `productos` (`id`) ON DELETE CASCADE ON UPDATE CASCADE,
  CONSTRAINT `id_sucursal_id_fk` FOREIGN KEY (`id_sucursal_id_fk`) REFERENCES `sucursales` (`id`) ON DELETE CASCADE ON UPDATE CASCADE
) ENGINE=InnoDB DEFAULT CHARSET=utf8mb3 COLLATE=utf8mb3_unicode_ci;
/*!40101 SET character_set_client = @saved_cs_client */;

--
-- Dumping data for table `marketing_campaign_products`
--

LOCK TABLES `marketing_campaign_products` WRITE;
/*!40000 ALTER TABLE `marketing_campaign_products` DISABLE KEYS */;
/*!40000 ALTER TABLE `marketing_campaign_products` ENABLE KEYS */;
UNLOCK TABLES;

--
-- Table structure for table `marketing_campaigns`
--

DROP TABLE IF EXISTS `marketing_campaigns`;
/*!40101 SET @saved_cs_client     = @@character_set_client */;
/*!50503 SET character_set_client = utf8mb4 */;
CREATE TABLE `marketing_campaigns` (
  `id` int NOT NULL AUTO_INCREMENT,
  `idsucursalidfk` int NOT NULL,
  `nombre` varchar(145) CHARACTER SET utf8mb3 COLLATE utf8mb3_spanish_ci NOT NULL,
  `descripcion` varchar(512) CHARACTER SET utf8mb3 COLLATE utf8mb3_spanish_ci DEFAULT NULL,
  `tipo` enum('descuento','combo','cupon','publicidad') COLLATE utf8mb3_unicode_ci DEFAULT 'descuento',
  `aplica_a` enum('todos','segmento','clientes') COLLATE utf8mb3_unicode_ci DEFAULT 'todos',
  `descuento_porcentaje` decimal(5,2) DEFAULT NULL,
  `descuento_valor` decimal(12,2) DEFAULT NULL,
  `fechaini` date NOT NULL,
  `fechafin` date NOT NULL,
  `estado` enum('activa','inactiva','finalizada') COLLATE utf8mb3_unicode_ci DEFAULT 'activa',
  `created_at` timestamp NULL DEFAULT CURRENT_TIMESTAMP,
  PRIMARY KEY (`id`),
  KEY `idsucursalidfk_idx` (`idsucursalidfk`),
  CONSTRAINT `idsucursalidfk` FOREIGN KEY (`idsucursalidfk`) REFERENCES `sucursales` (`id`) ON DELETE CASCADE ON UPDATE CASCADE
) ENGINE=InnoDB DEFAULT CHARSET=utf8mb3 COLLATE=utf8mb3_unicode_ci;
/*!40101 SET character_set_client = @saved_cs_client */;

--
-- Dumping data for table `marketing_campaigns`
--

LOCK TABLES `marketing_campaigns` WRITE;
/*!40000 ALTER TABLE `marketing_campaigns` DISABLE KEYS */;
/*!40000 ALTER TABLE `marketing_campaigns` ENABLE KEYS */;
UNLOCK TABLES;

--
-- Table structure for table `mediospago`
--

DROP TABLE IF EXISTS `mediospago`;
/*!40101 SET @saved_cs_client     = @@character_set_client */;
/*!50503 SET character_set_client = utf8mb4 */;
CREATE TABLE `mediospago` (
  `id` int NOT NULL AUTO_INCREMENT,
  `mediopago` varchar(33) CHARACTER SET utf8mb3 COLLATE utf8mb3_spanish_ci NOT NULL,
  `estado` tinyint(1) DEFAULT NULL,
  `nick` varchar(4) CHARACTER SET utf8mb3 COLLATE utf8mb3_spanish_ci DEFAULT NULL,
  PRIMARY KEY (`id`),
  UNIQUE KEY `mediopago_UNIQUE` (`mediopago`)
) ENGINE=InnoDB AUTO_INCREMENT=8 DEFAULT CHARSET=utf8mb3 COLLATE=utf8mb3_unicode_ci;
/*!40101 SET character_set_client = @saved_cs_client */;

--
-- Dumping data for table `mediospago`
--

LOCK TABLES `mediospago` WRITE;
/*!40000 ALTER TABLE `mediospago` DISABLE KEYS */;
INSERT INTO `mediospago` VALUES (1,'Efectivo',1,'EF'),(2,'Daviplata',1,'DV'),(3,'Nequi',1,'NQ'),(4,'Codigo QR',0,'QR'),(5,'Tarjeta Credito',0,'TC'),(6,'Tarjeta Debito',0,'TD'),(7,'Transf. Bancaria',1,'TB');
/*!40000 ALTER TABLE `mediospago` ENABLE KEYS */;
UNLOCK TABLES;

--
-- Table structure for table `movimientos_insumos`
--

DROP TABLE IF EXISTS `movimientos_insumos`;
/*!40101 SET @saved_cs_client     = @@character_set_client */;
/*!50503 SET character_set_client = utf8mb4 */;
CREATE TABLE `movimientos_insumos` (
  `id` int NOT NULL AUTO_INCREMENT,
  `fksucursal_id` int NOT NULL,
  `id_subproductoid` int NOT NULL,
  `idusuario_id` int DEFAULT NULL,
  `nombreusuario` varchar(80) CHARACTER SET utf8mb4 COLLATE utf8mb4_spanish_ci DEFAULT NULL,
  `tipo` varchar(45) CHARACTER SET utf8mb4 COLLATE utf8mb4_spanish_ci NOT NULL,
  `referencia` varchar(45) CHARACTER SET utf8mb4 COLLATE utf8mb4_spanish_ci DEFAULT NULL,
  `cantidad` decimal(12,2) NOT NULL,
  `stockanterior` decimal(12,2) NOT NULL,
  `stocknuevo` decimal(12,2) NOT NULL,
  `comentario` tinytext CHARACTER SET utf8mb4 COLLATE utf8mb4_spanish_ci,
  `created_at` timestamp NULL DEFAULT CURRENT_TIMESTAMP,
  PRIMARY KEY (`id`),
  KEY `fksucursal_id_idx` (`fksucursal_id`),
  KEY `idusuario_id_idx` (`idusuario_id`),
  KEY `id_subproductoid_idx` (`id_subproductoid`),
  CONSTRAINT `fksucursal_id` FOREIGN KEY (`fksucursal_id`) REFERENCES `sucursales` (`id`) ON DELETE CASCADE ON UPDATE CASCADE,
  CONSTRAINT `id_subproductoid` FOREIGN KEY (`id_subproductoid`) REFERENCES `subproductos` (`id`) ON DELETE CASCADE ON UPDATE CASCADE,
  CONSTRAINT `idusuario_id` FOREIGN KEY (`idusuario_id`) REFERENCES `usuarios` (`id`) ON DELETE SET NULL ON UPDATE CASCADE
) ENGINE=InnoDB AUTO_INCREMENT=9 DEFAULT CHARSET=utf8mb4 COLLATE=utf8mb4_unicode_ci;
/*!40101 SET character_set_client = @saved_cs_client */;

--
-- Dumping data for table `movimientos_insumos`
--

LOCK TABLES `movimientos_insumos` WRITE;
/*!40000 ALTER TABLE `movimientos_insumos` DISABLE KEYS */;
INSERT INTO `movimientos_insumos` VALUES (1,1,3,1,'Julian Rodriguez','ingreso de unidades','ingreso manual de unidades a inventario',50.00,-3.00,47.00,'ingresando nuevas unidades a inventario','2025-11-15 06:21:03'),(2,1,2,1,'Julian Rodriguez','compra','ingreso de unidades por compra',3.00,0.00,3.00,'ingreso de unidades por compra','2025-11-16 03:09:10'),(3,1,4,1,'Julian Rodriguez','compra','ingreso de unidades por compra',2.50,-199.98,-197.48,'ingreso de unidades por compra','2025-11-16 03:09:10'),(4,1,3,1,'Julian Rodriguez','salida por traslado','descuento de unidades por traslado',17.00,47.00,30.00,'descuento de unidades por traslado','2025-11-16 14:16:15'),(5,2,3,1,'Julian Rodriguez','ingreso por traslado','ingreso de unidades por traslado',17.00,-2.00,15.00,'ingreso de unidades por traslado','2025-11-16 14:17:53'),(6,1,1,1,'Julian Rodriguez','venta','descuento de unidades por venta',0.20,-0.60,-0.80,'descuento de unidades por venta','2025-12-01 05:58:15'),(7,1,3,1,'Julian Rodriguez','venta','descuento de unidades por venta',1.00,30.00,29.00,'descuento de unidades por venta','2025-12-01 05:58:15'),(8,1,4,1,'Julian Rodriguez','venta','descuento de unidades por venta',66.66,-197.48,-264.14,'descuento de unidades por venta','2025-12-01 05:58:15');
/*!40000 ALTER TABLE `movimientos_insumos` ENABLE KEYS */;
UNLOCK TABLES;

--
-- Table structure for table `movimientos_productos`
--

DROP TABLE IF EXISTS `movimientos_productos`;
/*!40101 SET @saved_cs_client     = @@character_set_client */;
/*!50503 SET character_set_client = utf8mb4 */;
CREATE TABLE `movimientos_productos` (
  `id` int NOT NULL AUTO_INCREMENT,
  `idfksucursal` int NOT NULL,
  `idproducto_id` int NOT NULL,
  `id_usuarioid` int DEFAULT NULL,
  `nombreusuario` varchar(80) CHARACTER SET utf8mb4 COLLATE utf8mb4_unicode_ci DEFAULT NULL,
  `tipo` varchar(45) CHARACTER SET utf8mb4 COLLATE utf8mb4_unicode_ci NOT NULL,
  `referencia` varchar(45) CHARACTER SET utf8mb4 COLLATE utf8mb4_unicode_ci DEFAULT NULL,
  `cantidad` decimal(12,2) NOT NULL,
  `stockanterior` decimal(12,2) NOT NULL,
  `stocknuevo` decimal(12,2) NOT NULL,
  `comentario` tinytext CHARACTER SET utf8mb4 COLLATE utf8mb4_spanish_ci,
  `created_at` timestamp NULL DEFAULT CURRENT_TIMESTAMP,
  PRIMARY KEY (`id`),
  KEY `idfksucursal_idx` (`idfksucursal`),
  KEY `idproducto_id_idx` (`idproducto_id`),
  KEY `id_usuarioid_idx` (`id_usuarioid`),
  CONSTRAINT `id_usuarioid` FOREIGN KEY (`id_usuarioid`) REFERENCES `usuarios` (`id`) ON DELETE SET NULL ON UPDATE CASCADE,
  CONSTRAINT `idfksucursal` FOREIGN KEY (`idfksucursal`) REFERENCES `sucursales` (`id`) ON DELETE CASCADE ON UPDATE CASCADE,
  CONSTRAINT `idproducto_id` FOREIGN KEY (`idproducto_id`) REFERENCES `productos` (`id`) ON DELETE CASCADE ON UPDATE CASCADE
) ENGINE=InnoDB AUTO_INCREMENT=76 DEFAULT CHARSET=utf8mb4 COLLATE=utf8mb4_unicode_ci;
/*!40101 SET character_set_client = @saved_cs_client */;

--
-- Dumping data for table `movimientos_productos`
--

LOCK TABLES `movimientos_productos` WRITE;
/*!40000 ALTER TABLE `movimientos_productos` DISABLE KEYS */;
INSERT INTO `movimientos_productos` VALUES (1,1,6,1,'Julian Rodriguez','salida por traslado','reinicio/ajuste de stock',6.00,0.00,6.00,'Stock ajustado manualmente','2025-11-14 04:00:44'),(2,1,6,1,'Julian Rodriguez','compra','reinicio/ajuste de stock',9.00,0.00,9.00,'Stock ajustado manualmente','2025-11-14 04:12:31'),(3,1,6,1,'Julian Rodriguez','compra','ingreso de unidades por compra',1.00,14.00,15.00,'ingreso de unidades por compra','2025-11-16 02:50:05'),(4,1,6,1,'Julian Rodriguez','compra','ingreso de unidades por compra',2.00,13.00,11.00,'ingreso de unidades por compra','2025-11-16 05:03:36'),(5,1,6,1,'Julian Rodriguez','compra','ingreso de unidades por compra',1.00,11.00,10.00,'ingreso de unidades por compra','2025-11-16 05:04:53'),(6,1,6,1,'Julian Rodriguez','venta','descuento de unidades por venta',1.00,10.00,9.00,'descuento de unidades por venta','2025-11-16 05:08:04'),(7,1,6,1,'Julian Rodriguez','venta','descuento de unidades por venta',3.00,9.00,6.00,'descuento de unidades por venta','2025-11-16 05:08:23'),(8,1,6,1,'Julian Rodriguez','venta','descuento de unidades por venta',1.00,6.00,5.00,'descuento de unidades por venta','2025-11-16 05:34:57'),(9,1,7,1,'Julian Rodriguez','venta','descuento de unidades por venta',1.00,-14.00,-15.00,'descuento de unidades por venta','2025-11-16 05:34:57'),(10,1,6,1,'Julian Rodriguez','devolucion','retorno de unidades por anulacion de venta',3.00,11.00,8.00,'retorno de unidades por anulacion de venta','2025-11-16 06:00:24'),(11,1,6,1,'Julian Rodriguez','venta','descuento de unidades por venta',1.00,8.00,7.00,'descuento de unidades por venta','2025-11-16 06:01:37'),(12,1,6,1,'Julian Rodriguez','venta','descuento de unidades por venta',1.00,7.00,6.00,'descuento de unidades por venta','2025-11-16 06:04:01'),(13,1,6,1,'Julian Rodriguez','venta','descuento de unidades por venta',1.00,6.00,5.00,'descuento de unidades por venta','2025-11-16 06:13:55'),(14,1,6,1,'Julian Rodriguez','venta','descuento de unidades por venta',1.00,5.00,4.00,'descuento de unidades por venta','2025-11-16 06:15:30'),(15,1,6,1,'Julian Rodriguez','venta','descuento de unidades por venta',1.00,4.00,3.00,'descuento de unidades por venta','2025-11-16 06:34:07'),(16,1,6,1,'Julian Rodriguez','venta','descuento de unidades por venta',1.00,3.00,2.00,'descuento de unidades por venta','2025-11-16 06:35:07'),(17,1,6,1,'Julian Rodriguez','devolucion','retorno de unidades por anulacion de venta',1.00,2.00,3.00,'retorno de unidades por anulacion de venta','2025-11-16 06:42:22'),(18,1,4,1,'Julian Rodriguez','venta','descuento de unidades por venta',1.00,0.00,-1.00,'descuento de unidades por venta','2025-11-16 06:47:15'),(19,1,6,1,'Julian Rodriguez','venta','descuento de unidades por venta',1.00,3.00,2.00,'descuento de unidades por venta','2025-11-16 06:48:41'),(20,1,6,1,'Julian Rodriguez','devolucion','retorno de unidades por anulacion de venta',2.00,2.00,4.00,'retorno de unidades por anulacion de venta','2025-11-16 06:49:33'),(21,1,4,1,'Julian Rodriguez','devolucion','retorno de unidades por anulacion de venta',1.00,-1.00,0.00,'retorno de unidades por anulacion de venta','2025-11-16 13:54:20'),(22,1,6,1,'Julian Rodriguez','salida por traslado','descuento de unidades por traslado',1.00,4.00,3.00,'descuento de unidades por traslado','2025-11-16 14:16:15'),(23,2,6,1,'Julian Rodriguez','ingreso por traslado','ingreso de unidades por traslado',1.00,0.00,1.00,'ingreso de unidades por traslado','2025-11-16 14:17:53'),(24,1,6,1,'Julian Rodriguez','venta','descuento de unidades por venta',1.00,3.00,2.00,'descuento de unidades por venta','2025-11-19 05:56:07'),(25,1,31,1,'Julian Rodriguez','venta','descuento de unidades por venta',4.00,-38.00,-42.00,'descuento de unidades por venta','2025-11-19 05:57:41'),(26,1,46,1,'Julian Rodriguez','venta','descuento de unidades por venta',1.00,0.00,-1.00,'descuento de unidades por venta','2025-11-23 15:01:05'),(27,1,46,1,'Julian Rodriguez','venta','descuento de unidades por venta',1.00,-1.00,-2.00,'descuento de unidades por venta','2025-11-23 15:15:10'),(28,1,46,1,'Julian Rodriguez','venta','descuento de unidades por venta',1.00,-2.00,-3.00,'descuento de unidades por venta','2025-11-23 15:21:18'),(29,1,46,1,'Julian Rodriguez','venta','descuento de unidades por venta',1.00,-3.00,-4.00,'descuento de unidades por venta','2025-11-23 15:24:12'),(30,1,46,1,'Julian Rodriguez','venta','descuento de unidades por venta',1.00,-4.00,-5.00,'descuento de unidades por venta','2025-11-23 15:45:49'),(31,1,46,1,'Julian Rodriguez','venta','descuento de unidades por venta',1.00,-5.00,-6.00,'descuento de unidades por venta','2025-11-23 17:01:01'),(32,1,46,1,'Julian Rodriguez','venta','descuento de unidades por venta',1.00,-6.00,-7.00,'descuento de unidades por venta','2025-11-25 06:02:31'),(33,1,46,1,'Julian Rodriguez','venta','descuento de unidades por venta',1.00,-7.00,-8.00,'descuento de unidades por venta','2025-11-25 06:14:12'),(34,1,46,1,'Julian Rodriguez','venta','descuento de unidades por venta',1.00,-8.00,-9.00,'descuento de unidades por venta','2025-11-25 06:18:57'),(37,1,10,1,'Julian Rodriguez','ajuste','ajuste desde excel',11.00,9.00,11.00,'ajuste desde excel','2025-11-30 18:23:09'),(38,1,46,1,'Julian Rodriguez','venta','descuento de unidades por venta',1.00,-9.00,-10.00,'descuento de unidades por venta','2025-12-01 04:55:22'),(39,1,5,1,'Julian Rodriguez','venta','descuento de unidades por venta',1.00,1.00,0.00,'descuento de unidades por venta','2025-12-01 05:58:15'),(40,1,46,1,'Julian Rodriguez','venta','descuento de unidades por venta',1.00,-10.00,-11.00,'descuento de unidades por venta','2025-12-01 06:19:50'),(41,1,46,1,'Julian Rodriguez','venta','descuento de unidades por venta',2.00,-11.00,-13.00,'descuento de unidades por venta','2025-12-01 06:23:36'),(42,1,46,1,'Julian Rodriguez','venta','descuento de unidades por venta',1.45,-13.00,-14.45,'descuento de unidades por venta','2025-12-01 06:27:36'),(43,1,46,1,'Julian Rodriguez','venta','descuento de unidades por venta',1.55,-14.45,-16.00,'descuento de unidades por venta','2025-12-01 06:28:13'),(44,1,46,1,'Julian Rodriguez','venta','descuento de unidades por venta',1.00,-16.00,-17.00,'descuento de unidades por venta','2025-12-01 23:39:07'),(45,1,46,1,'Julian Rodriguez','venta','descuento de unidades por venta',1.00,-17.00,-18.00,'descuento de unidades por venta','2025-12-01 23:41:36'),(46,1,46,1,'Julian Rodriguez','venta','descuento de unidades por venta',1.00,-18.00,-19.00,'descuento de unidades por venta','2025-12-01 23:45:41'),(47,1,46,1,'Julian Rodriguez','venta','descuento de unidades por venta',1.00,-19.00,-20.00,'descuento de unidades por venta','2025-12-01 23:53:13'),(48,1,46,1,'Julian Rodriguez','venta','descuento de unidades por venta',1.00,-20.00,-21.00,'descuento de unidades por venta','2025-12-01 23:54:50'),(49,1,46,1,'Julian Rodriguez','venta','descuento de unidades por venta',2.00,-21.00,-23.00,'descuento de unidades por venta','2025-12-01 23:57:53'),(50,1,46,1,'Julian Rodriguez','venta','descuento de unidades por venta',1.00,-23.00,-24.00,'descuento de unidades por venta','2025-12-01 23:58:09'),(51,1,46,1,'Julian Rodriguez','venta','descuento de unidades por venta',1.00,-24.00,-25.00,'descuento de unidades por venta','2025-12-02 04:15:09'),(52,1,46,1,'Julian Rodriguez','venta','descuento de unidades por venta',1.00,-25.00,-26.00,'descuento de unidades por venta','2025-12-02 04:15:34'),(53,1,46,1,'Julian Rodriguez','venta','descuento de unidades por venta',1.00,-26.00,-27.00,'descuento de unidades por venta','2025-12-02 04:15:39'),(54,1,46,1,'Julian Rodriguez','venta','descuento de unidades por venta',1.00,-27.00,-28.00,'descuento de unidades por venta','2025-12-02 04:15:41'),(55,1,46,1,'Julian Rodriguez','venta','descuento de unidades por venta',1.00,-28.00,-29.00,'descuento de unidades por venta','2025-12-02 04:56:21'),(56,1,46,1,'Julian Rodriguez','venta','descuento de unidades por venta',1.00,-29.00,-30.00,'descuento de unidades por venta','2025-12-02 05:02:24'),(57,1,46,1,'Julian Rodriguez','venta','descuento de unidades por venta',1.00,-30.00,-31.00,'descuento de unidades por venta','2025-12-02 05:04:36'),(58,1,46,1,'Julian Rodriguez','venta','descuento de unidades por venta',1.00,-31.00,-32.00,'descuento de unidades por venta','2025-12-09 15:11:25'),(59,1,46,1,'Julian Rodriguez','venta','descuento de unidades por venta',1.00,-32.00,-33.00,'descuento de unidades por venta','2025-12-09 15:21:19'),(60,1,46,1,'Julian Rodriguez','venta','descuento de unidades por venta',1.00,-33.00,-34.00,'descuento de unidades por venta','2025-12-09 15:36:08'),(61,1,46,1,'Julian Rodriguez','venta','descuento de unidades por venta',1.00,-34.00,-35.00,'descuento de unidades por venta','2025-12-09 15:44:11'),(62,1,46,1,'Julian Rodriguez','venta','descuento de unidades por venta',1.00,-35.00,-36.00,'descuento de unidades por venta','2025-12-09 16:32:23'),(63,1,46,1,'Julian Rodriguez','venta','descuento de unidades por venta',1.00,-36.00,-37.00,'descuento de unidades por venta','2025-12-09 16:37:57'),(64,1,46,1,'Julian Rodriguez','venta','descuento de unidades por venta',1.00,-37.00,-38.00,'descuento de unidades por venta','2025-12-09 17:36:49'),(65,1,46,1,'Julian Rodriguez','venta','descuento de unidades por venta',1.00,-38.00,-39.00,'descuento de unidades por venta','2025-12-09 17:54:34'),(66,1,46,1,'Julian Rodriguez','venta','descuento de unidades por venta',1.00,-39.00,-40.00,'descuento de unidades por venta','2025-12-09 18:05:41'),(67,1,46,1,'Julian Rodriguez','venta','descuento de unidades por venta',1.00,-40.00,-41.00,'descuento de unidades por venta','2025-12-09 18:15:22'),(68,1,46,1,'Julian Rodriguez','venta','descuento de unidades por venta',1.00,-41.00,-42.00,'descuento de unidades por venta','2025-12-09 18:21:20'),(69,1,46,1,'Julian Rodriguez','venta','descuento de unidades por venta',1.00,-42.00,-43.00,'descuento de unidades por venta','2025-12-09 18:25:47'),(70,1,46,1,'Julian Rodriguez','venta','descuento de unidades por venta',1.00,-43.00,-44.00,'descuento de unidades por venta','2025-12-09 20:28:02'),(71,1,46,1,'Julian Rodriguez','venta','descuento de unidades por venta',1.00,-44.00,-45.00,'descuento de unidades por venta','2025-12-09 20:33:33'),(72,1,46,1,'Julian Rodriguez','venta','descuento de unidades por venta',1.00,-45.00,-46.00,'descuento de unidades por venta','2025-12-09 20:42:04'),(73,1,46,1,'Julian Rodriguez','venta','descuento de unidades por venta',1.00,-46.00,-47.00,'descuento de unidades por venta','2025-12-09 21:00:06'),(74,1,6,1,'Julian Rodriguez','venta','descuento de unidades por venta',1.00,20.00,19.00,'descuento de unidades por venta','2025-12-10 05:41:07'),(75,1,77,1,'Julian Rodriguez','ajuste','ajuste desde excel',5.00,14.00,5.00,'ajuste desde excel','2025-12-10 06:32:02');
/*!40000 ALTER TABLE `movimientos_productos` ENABLE KEYS */;
UNLOCK TABLES;

--
-- Table structure for table `municipalities`
--

DROP TABLE IF EXISTS `municipalities`;
/*!40101 SET @saved_cs_client     = @@character_set_client */;
/*!50503 SET character_set_client = utf8mb4 */;
CREATE TABLE `municipalities` (
  `id` int NOT NULL AUTO_INCREMENT,
  `department_id` int NOT NULL,
  `name` varchar(255) CHARACTER SET utf8mb3 COLLATE utf8mb3_spanish_ci NOT NULL,
  `code` char(255) CHARACTER SET utf8mb3 COLLATE utf8mb3_spanish_ci NOT NULL,
  `created_at` timestamp NULL DEFAULT CURRENT_TIMESTAMP,
  `updated_at` timestamp NULL DEFAULT NULL,
  `codefacturador` bigint unsigned DEFAULT NULL,
  PRIMARY KEY (`id`),
  KEY `department_id` (`department_id`),
  CONSTRAINT `department_id` FOREIGN KEY (`department_id`) REFERENCES `departments` (`id`) ON DELETE CASCADE ON UPDATE CASCADE
) ENGINE=InnoDB AUTO_INCREMENT=1123 DEFAULT CHARSET=utf8mb4 COLLATE=utf8mb4_unicode_ci;
/*!40101 SET character_set_client = @saved_cs_client */;

--
-- Dumping data for table `municipalities`
--

LOCK TABLES `municipalities` WRITE;
/*!40000 ALTER TABLE `municipalities` DISABLE KEYS */;
INSERT INTO `municipalities` VALUES (1,2,'Medellín','05001','2025-05-07 23:47:23','2025-05-07 23:47:23',12601),(2,2,'Abejorral','05002','2025-05-07 23:47:23','2025-05-07 23:47:23',12533),(3,2,'Abriaquí','05004','2025-05-07 23:47:23','2025-05-07 23:47:23',12534),(4,2,'Alejandría','05021','2025-05-07 23:47:23','2025-05-07 23:47:23',12535),(5,2,'Amagá','05030','2025-05-07 23:47:23','2025-05-07 23:47:23',12536),(6,2,'Amalfi','05031','2025-05-07 23:47:23','2025-05-07 23:47:23',12537),(7,2,'Andes','05034','2025-05-07 23:47:23','2025-05-07 23:47:23',12538),(8,2,'Angelópolis','05036','2025-05-07 23:47:23','2025-05-07 23:47:23',12539),(9,2,'Angostura','05038','2025-05-07 23:47:23','2025-05-07 23:47:23',12540),(10,2,'Anorí','05040','2025-05-07 23:47:23','2025-05-07 23:47:23',12541),(11,2,'Santa Fé De Antioquia','05042','2025-05-07 23:47:23','2025-05-07 23:47:23',12723),(12,2,'Anzá','05044','2025-05-07 23:47:23','2025-05-07 23:47:23',12543),(13,2,'Apartadó','05045','2025-05-07 23:47:23','2025-05-07 23:47:23',12544),(14,2,'Arboletes','05051','2025-05-07 23:47:23','2025-05-07 23:47:23',12545),(15,2,'Argelia','05055','2025-05-07 23:47:23','2025-05-07 23:47:23',12920),(16,2,'Armenia','05059','2025-05-07 23:47:23','2025-05-07 23:47:23',13337),(17,2,'Barbosa','05079','2025-05-07 23:47:23','2025-05-07 23:47:23',13366),(18,2,'Belmira','05086','2025-05-07 23:47:23','2025-05-07 23:47:23',12550),(19,2,'Bello','05088','2025-05-07 23:47:23','2025-05-07 23:47:23',12549),(20,2,'Betania','05091','2025-05-07 23:47:23','2025-05-07 23:47:23',12551),(21,2,'Betulia','05093','2025-05-07 23:47:23','2025-05-07 23:47:23',13369),(22,2,'Ciudad Bolívar ','05101','2025-05-07 23:47:23','2025-05-07 23:47:23',12568),(23,2,'Briceño','05107','2025-05-07 23:47:23','2025-05-07 23:47:23',12742),(24,2,'Buriticá','05113','2025-05-07 23:47:23','2025-05-07 23:47:23',12555),(25,2,'Cáceres','05120','2025-05-07 23:47:23','2025-05-07 23:47:23',12556),(26,2,'Caicedo','05125','2025-05-07 23:47:23','2025-05-07 23:47:23',12557),(27,2,'Caldas','05129','2025-05-07 23:47:23','2025-05-07 23:47:23',12745),(28,2,'Campamento','05134','2025-05-07 23:47:23','2025-05-07 23:47:23',12559),(29,2,'Cañasgordas','05138','2025-05-07 23:47:23','2025-05-07 23:47:23',12992),(30,2,'Caracolí','05142','2025-05-07 23:47:23','2025-05-07 23:47:23',12561),(31,2,'Caramanta','05145','2025-05-07 23:47:23','2025-05-07 23:47:23',12562),(32,2,'Carepa','05147','2025-05-07 23:47:23','2025-05-07 23:47:23',12563),(33,2,'El Carmen De Viboral','05148','2025-05-07 23:47:23','2025-05-07 23:47:23',12564),(34,2,'Carolina','05150','2025-05-07 23:47:23','2025-05-07 23:47:23',12565),(35,2,'Caucasia','05154','2025-05-07 23:47:23','2025-05-07 23:47:23',12566),(36,2,'Chigorodó','05172','2025-05-07 23:47:23','2025-05-07 23:47:23',12567),(37,2,'Cisneros','05190','2025-05-07 23:47:23','2025-05-07 23:47:23',12568),(38,2,'Cocorná','05197','2025-05-07 23:47:23','2025-05-07 23:47:23',12569),(39,2,'Concepción','05206','2025-05-07 23:47:23','2025-05-07 23:47:23',13383),(40,2,'Concordia','05209','2025-05-07 23:47:23','2025-05-07 23:47:23',13207),(41,2,'Copacabana','05212','2025-05-07 23:47:23','2025-05-07 23:47:23',12572),(42,2,'Dabeiba','05234','2025-05-07 23:47:23','2025-05-07 23:47:23',12573),(43,2,'Donmatías','05237','2025-05-07 23:47:23','2025-05-07 23:47:23',12574),(44,2,'Ebéjico','05240','2025-05-07 23:47:23','2025-05-07 23:47:23',12575),(45,2,'El Bagre ','05250','2025-05-07 23:47:23','2025-05-07 23:47:23',12576),(46,2,'Entrerríos','05264','2025-05-07 23:47:23','2025-05-07 23:47:23',12577),(47,2,'Envigado','05266','2025-05-07 23:47:23','2025-05-07 23:47:23',12578),(48,2,'Fredonia','05282','2025-05-07 23:47:23','2025-05-07 23:47:23',12579),(49,2,'Frontino','05284','2025-05-07 23:47:23','2025-05-07 23:47:23',12580),(50,2,'Giraldo','05306','2025-05-07 23:47:23','2025-05-07 23:47:23',12581),(51,2,'Girardota','05308','2025-05-07 23:47:23','2025-05-07 23:47:23',12582),(52,2,'Gómez Plata ','05310','2025-05-07 23:47:23','2025-05-07 23:47:23',12583),(53,2,'Granada','05313','2025-05-07 23:47:23','2025-05-07 23:47:23',13241),(54,2,'Guadalupe','05315','2025-05-07 23:47:23','2025-05-07 23:47:23',13400),(55,2,'Guarne','05318','2025-05-07 23:47:23','2025-05-07 23:47:23',12586),(56,2,'Guatapé','05321','2025-05-07 23:47:23','2025-05-07 23:47:23',12587),(57,2,'Heliconia','05347','2025-05-07 23:47:23','2025-05-07 23:47:23',12588),(58,2,'Hispania','05353','2025-05-07 23:47:23','2025-05-07 23:47:23',12589),(59,2,'Itagüí','05360','2025-05-07 23:47:23','2025-05-07 23:47:23',12590),(60,2,'Ituango','05361','2025-05-07 23:47:23','2025-05-07 23:47:23',12591),(61,2,'Jardín','05364','2025-05-07 23:47:23','2025-05-07 23:47:23',12592),(62,2,'Jericó','05368','2025-05-07 23:47:23','2025-05-07 23:47:23',12778),(63,2,'La Ceja ','05376','2025-05-07 23:47:23','2025-05-07 23:47:23',12594),(64,2,'La Estrella ','05380','2025-05-07 23:47:23','2025-05-07 23:47:23',12595),(65,2,'La Pintada ','05390','2025-05-07 23:47:23','2025-05-07 23:47:23',12596),(66,2,'La Unión ','05400','2025-05-07 23:47:23','2025-05-07 23:47:23',12597),(67,2,'Liborina','05411','2025-05-07 23:47:23','2025-05-07 23:47:23',12598),(68,2,'Maceo','05425','2025-05-07 23:47:23','2025-05-07 23:47:23',12599),(69,2,'Marinilla','05440','2025-05-07 23:47:23','2025-05-07 23:47:23',12600),(70,2,'Montebello','05467','2025-05-07 23:47:23','2025-05-07 23:47:23',12602),(71,2,'Murindó','05475','2025-05-07 23:47:23','2025-05-07 23:47:23',12603),(72,2,'Mutatá','05480','2025-05-07 23:47:23','2025-05-07 23:47:23',12604),(73,2,'Nariño','05483','2025-05-07 23:47:23','2025-05-07 23:47:23',13298),(74,2,'Necoclí','05490','2025-05-07 23:47:23','2025-05-07 23:47:23',12607),(75,2,'Nechí','05495','2025-05-07 23:47:23','2025-05-07 23:47:23',12606),(76,2,'Olaya','05501','2025-05-07 23:47:23','2025-05-07 23:47:23',12608),(77,2,'Peñol','05541','2025-05-07 23:47:23','2025-05-07 23:47:23',12609),(78,2,'Peque','05543','2025-05-07 23:47:23','2025-05-07 23:47:23',12610),(79,2,'Pueblorrico','05576','2025-05-07 23:47:23','2025-05-07 23:47:23',12611),(80,2,'Puerto Berrío ','05579','2025-05-07 23:47:23','2025-05-07 23:47:23',12612),(81,2,'Puerto Nare ','05585','2025-05-07 23:47:23','2025-05-07 23:47:23',12613),(82,2,'Puerto Triunfo ','05591','2025-05-07 23:47:23','2025-05-07 23:47:23',12614),(83,2,'Remedios','05604','2025-05-07 23:47:23','2025-05-07 23:47:23',12615),(84,2,'Retiro','05607','2025-05-07 23:47:23','2025-05-07 23:47:23',12616),(85,2,'Rionegro','05615','2025-05-07 23:47:23','2025-05-07 23:47:23',12617),(86,2,'Sabanalarga','05628','2025-05-07 23:47:23','2025-05-07 23:47:23',12911),(87,2,'Sabaneta','05631','2025-05-07 23:47:23','2025-05-07 23:47:23',12619),(88,2,'Salgar','05642','2025-05-07 23:47:23','2025-05-07 23:47:23',12620),(89,2,'San Andrés De Cuerquía','05647','2025-05-07 23:47:23','2025-05-07 23:47:23',13430),(90,2,'San Carlos ','05649','2025-05-07 23:47:23','2025-05-07 23:47:23',13039),(91,2,'San Francisco ','05652','2025-05-07 23:47:23','2025-05-07 23:47:23',13331),(92,2,'San Jerónimo ','05656','2025-05-07 23:47:23','2025-05-07 23:47:23',12624),(93,2,'San José De La Montaña ','05658','2025-05-07 23:47:23','2025-05-07 23:47:23',12625),(94,2,'San Juan De Urabá','05659','2025-05-07 23:47:23','2025-05-07 23:47:23',12626),(95,2,'San Luis ','05660','2025-05-07 23:47:23','2025-05-07 23:47:23',13515),(96,2,'San Pedro De Los Milagros ','05664','2025-05-07 23:47:23','2025-05-07 23:47:23',12628),(97,2,'San Pedro De Urabá','05665','2025-05-07 23:47:23','2025-05-07 23:47:23',12629),(98,2,'San Rafael ','05667','2025-05-07 23:47:23','2025-05-07 23:47:23',12630),(99,2,'San Roque ','05670','2025-05-07 23:47:23','2025-05-07 23:47:23',12631),(100,2,'San Vicente Ferrer','05674','2025-05-07 23:47:23','2025-05-07 23:47:23',12896),(101,2,'Santa Bárbara ','05679','2025-05-07 23:47:23','2025-05-07 23:47:23',13437),(102,2,'Santa Rosa De Osos','05686','2025-05-07 23:47:23','2025-05-07 23:47:23',12634),(103,2,'Santo Domingo ','05690','2025-05-07 23:47:23','2025-05-07 23:47:23',12635),(104,2,'El Santuario ','05697','2025-05-07 23:47:23','2025-05-07 23:47:23',12636),(105,2,'Segovia','05736','2025-05-07 23:47:23','2025-05-07 23:47:23',12637),(106,2,'Sonsón','05756','2025-05-07 23:47:23','2025-05-07 23:47:23',12638),(107,2,'Sopetrán','05761','2025-05-07 23:47:23','2025-05-07 23:47:23',12639),(108,2,'Támesis','05789','2025-05-07 23:47:23','2025-05-07 23:47:23',12640),(109,2,'Tarazá','05790','2025-05-07 23:47:23','2025-05-07 23:47:23',12641),(110,2,'Tarso','05792','2025-05-07 23:47:23','2025-05-07 23:47:23',12642),(111,2,'Titiribí','05809','2025-05-07 23:47:23','2025-05-07 23:47:23',12643),(112,2,'Toledo','05819','2025-05-07 23:47:23','2025-05-07 23:47:23',12644),(113,2,'Turbo','05837','2025-05-07 23:47:23','2025-05-07 23:47:23',12645),(114,2,'Uramita','05842','2025-05-07 23:47:23','2025-05-07 23:47:23',12646),(115,2,'Urrao','05847','2025-05-07 23:47:23','2025-05-07 23:47:23',12647),(116,2,'Valdivia','05854','2025-05-07 23:47:23','2025-05-07 23:47:23',12648),(117,2,'Valparaíso','05856','2025-05-07 23:47:23','2025-05-07 23:47:23',12899),(118,2,'Vegachí','05858','2025-05-07 23:47:23','2025-05-07 23:47:23',12650),(119,2,'Venecia','05861','2025-05-07 23:47:23','2025-05-07 23:47:23',12651),(120,2,'Vigía Del Fuerte','05873','2025-05-07 23:47:23','2025-05-07 23:47:23',12652),(121,2,'Yalí','05885','2025-05-07 23:47:23','2025-05-07 23:47:23',12653),(122,2,'Yarumal','05887','2025-05-07 23:47:23','2025-05-07 23:47:23',12654),(123,2,'Yolombó','05890','2025-05-07 23:47:23','2025-05-07 23:47:23',12655),(124,2,'Yondó','05893','2025-05-07 23:47:23','2025-05-07 23:47:23',12656),(125,2,'Zaragoza','05895','2025-05-07 23:47:23','2025-05-07 23:47:23',12657),(126,4,'Barranquilla','08001','2025-05-07 23:47:23','2025-05-07 23:47:23',12666),(127,4,'Baranoa','08078','2025-05-07 23:47:23','2025-05-07 23:47:23',12665),(128,4,'Campo De La Cruz','08137','2025-05-07 23:47:23','2025-05-07 23:47:23',12667),(129,4,'Candelaria','08141','2025-05-07 23:47:23','2025-05-07 23:47:23',12668),(130,4,'Galapa','08296','2025-05-07 23:47:23','2025-05-07 23:47:23',12669),(131,4,'Juan De Acosta','08372','2025-05-07 23:47:23','2025-05-07 23:47:23',12670),(132,4,'Luruaco','08421','2025-05-07 23:47:23','2025-05-07 23:47:23',12671),(133,4,'Malambo','08433','2025-05-07 23:47:23','2025-05-07 23:47:23',12672),(134,4,'Manatí','08436','2025-05-07 23:47:23','2025-05-07 23:47:23',12673),(135,4,'Palmar De Varela','08520','2025-05-07 23:47:23','2025-05-07 23:47:23',12674),(136,4,'Piojó','08549','2025-05-07 23:47:23','2025-05-07 23:47:23',12675),(137,4,'Polonuevo','08558','2025-05-07 23:47:23','2025-05-07 23:47:23',12676),(138,4,'Ponedera','08560','2025-05-07 23:47:23','2025-05-07 23:47:23',12677),(139,4,'Puerto Colombia ','08573','2025-05-07 23:47:23','2025-05-07 23:47:23',12678),(140,4,'Repelón','08606','2025-05-07 23:47:23','2025-05-07 23:47:23',12679),(141,4,'Sabanagrande','08634','2025-05-07 23:47:23','2025-05-07 23:47:23',12680),(142,4,'Sabanalarga','08638','2025-05-07 23:47:23','2025-05-07 23:47:23',12911),(143,4,'Santa Lucía ','08675','2025-05-07 23:47:23','2025-05-07 23:47:23',12682),(144,4,'Santo Tomás ','08685','2025-05-07 23:47:23','2025-05-07 23:47:23',12683),(145,4,'Soledad','08758','2025-05-07 23:47:23','2025-05-07 23:47:23',12684),(146,4,'Suan','08770','2025-05-07 23:47:23','2025-05-07 23:47:23',12685),(147,4,'Tubará','08832','2025-05-07 23:47:23','2025-05-07 23:47:23',12686),(148,4,'Usiacurí','08849','2025-05-07 23:47:23','2025-05-07 23:47:23',12687),(149,5,'Bogotá, D.c. ','11001','2025-05-07 23:47:23','2025-05-07 23:47:23',12688),(150,6,'Cartagena De Indias','13001','2025-05-07 23:47:23','2025-05-07 23:47:23',12697),(151,6,'Achí','13006','2025-05-07 23:47:23','2025-05-07 23:47:23',12689),(152,6,'Altos Del Rosario','13030','2025-05-07 23:47:23','2025-05-07 23:47:23',12690),(153,6,'Arenal','13042','2025-05-07 23:47:23','2025-05-07 23:47:23',12691),(154,6,'Arjona','13052','2025-05-07 23:47:23','2025-05-07 23:47:23',12692),(155,6,'Arroyohondo','13062','2025-05-07 23:47:23','2025-05-07 23:47:23',12693),(156,6,'Barranco De Loba','13074','2025-05-07 23:47:23','2025-05-07 23:47:23',12694),(157,6,'Calamar','13140','2025-05-07 23:47:23','2025-05-07 23:47:23',13160),(158,6,'Cantagallo','13160','2025-05-07 23:47:23','2025-05-07 23:47:23',12696),(159,6,'Cicuco','13188','2025-05-07 23:47:23','2025-05-07 23:47:23',12698),(160,6,'Córdoba','13212','2025-05-07 23:47:23','2025-05-07 23:47:23',13341),(161,6,'Clemencia','13222','2025-05-07 23:47:23','2025-05-07 23:47:23',12699),(162,6,'El Carmen De Bolívar','13244','2025-05-07 23:47:23','2025-05-07 23:47:23',12701),(163,6,'El Guamo ','13248','2025-05-07 23:47:23','2025-05-07 23:47:23',12702),(164,6,'El Peñón ','13268','2025-05-07 23:47:23','2025-05-07 23:47:23',13390),(165,6,'Hatillo De Loba','13300','2025-05-07 23:47:23','2025-05-07 23:47:23',12704),(166,6,'Magangué','13430','2025-05-07 23:47:23','2025-05-07 23:47:23',12705),(167,6,'Mahates','13433','2025-05-07 23:47:23','2025-05-07 23:47:23',12706),(168,6,'Margarita','13440','2025-05-07 23:47:23','2025-05-07 23:47:23',12707),(169,6,'María La Baja','13442','2025-05-07 23:47:23','2025-05-07 23:47:23',12708),(170,6,'Montecristo','13458','2025-05-07 23:47:23','2025-05-07 23:47:23',12710),(171,6,'Mompós','13468','2025-05-07 23:47:23','2025-05-07 23:47:23',12709),(172,6,'Morales','13473','2025-05-07 23:47:23','2025-05-07 23:47:23',12939),(173,6,'Norosí','13490','2025-05-07 23:47:23','2025-05-07 23:47:23',12871),(174,6,'Pinillos','13549','2025-05-07 23:47:23','2025-05-07 23:47:23',12712),(175,6,'Regidor','13580','2025-05-07 23:47:23','2025-05-07 23:47:23',12713),(176,6,'Río Viejo ','13600','2025-05-07 23:47:23','2025-05-07 23:47:23',12714),(177,6,'San Cristóbal ','13620','2025-05-07 23:47:23','2025-05-07 23:47:23',12715),(178,6,'San Estanislao ','13647','2025-05-07 23:47:23','2025-05-07 23:47:23',12716),(179,6,'San Fernando ','13650','2025-05-07 23:47:23','2025-05-07 23:47:23',12717),(180,6,'San Jacinto ','13654','2025-05-07 23:47:23','2025-05-07 23:47:23',12718),(181,6,'San Jacinto Del Cauca','13655','2025-05-07 23:47:23','2025-05-07 23:47:23',12719),(182,6,'San Juan Nepomuceno','13657','2025-05-07 23:47:23','2025-05-07 23:47:23',12720),(183,6,'San Martín De Loba','13667','2025-05-07 23:47:23','2025-05-07 23:47:23',12721),(184,6,'San Pablo ','13670','2025-05-07 23:47:23','2025-05-07 23:47:23',12722),(185,6,'Santa Catalina ','13673','2025-05-07 23:47:23','2025-05-07 23:47:23',12723),(186,6,'Santa Rosa ','13683','2025-05-07 23:47:23','2025-05-07 23:47:23',12949),(187,6,'Santa Rosa Del Sur','13688','2025-05-07 23:47:23','2025-05-07 23:47:23',12725),(188,6,'Simití','13744','2025-05-07 23:47:23','2025-05-07 23:47:23',12726),(189,6,'Soplaviento','13760','2025-05-07 23:47:23','2025-05-07 23:47:23',12727),(190,6,'Talaigua Nuevo ','13780','2025-05-07 23:47:23','2025-05-07 23:47:23',12728),(191,6,'Tiquisio','13810','2025-05-07 23:47:23','2025-05-07 23:47:23',12729),(192,6,'Turbaco','13836','2025-05-07 23:47:23','2025-05-07 23:47:23',12730),(193,6,'Turbaná','13838','2025-05-07 23:47:23','2025-05-07 23:47:23',12731),(194,6,'Villanueva','13873','2025-05-07 23:47:23','2025-05-07 23:47:23',13448),(195,6,'Zambrano','13894','2025-05-07 23:47:23','2025-05-07 23:47:23',12733),(196,7,'Tunja','15001','2025-05-07 23:47:23','2025-05-07 23:47:23',12848),(197,7,'Almeida','15022','2025-05-07 23:47:23','2025-05-07 23:47:23',12734),(198,7,'Aquitania','15047','2025-05-07 23:47:23','2025-05-07 23:47:23',12735),(199,7,'Arcabuco','15051','2025-05-07 23:47:23','2025-05-07 23:47:23',12736),(200,7,'Belén','15087','2025-05-07 23:47:23','2025-05-07 23:47:23',13265),(201,7,'Berbeo','15090','2025-05-07 23:47:23','2025-05-07 23:47:23',12738),(202,7,'Betéitiva','15092','2025-05-07 23:47:23','2025-05-07 23:47:23',12739),(203,7,'Boavita','15097','2025-05-07 23:47:23','2025-05-07 23:47:23',12740),(204,7,'Boyacá','15104','2025-05-07 23:47:23','2025-05-07 23:47:23',12741),(205,7,'Briceño','15106','2025-05-07 23:47:23','2025-05-07 23:47:23',12742),(206,7,'Buenavista','15109','2025-05-07 23:47:23','2025-05-07 23:47:23',13450),(207,7,'Busbanzá','15114','2025-05-07 23:47:23','2025-05-07 23:47:23',12744),(208,7,'Caldas','15131','2025-05-07 23:47:23','2025-05-07 23:47:23',12745),(209,7,'Campohermoso','15135','2025-05-07 23:47:23','2025-05-07 23:47:23',12746),(210,7,'Cerinza','15162','2025-05-07 23:47:23','2025-05-07 23:47:23',12747),(211,7,'Chinavita','15172','2025-05-07 23:47:23','2025-05-07 23:47:23',12748),(212,7,'Chiquinquirá','15176','2025-05-07 23:47:23','2025-05-07 23:47:23',12749),(213,7,'Chiscas','15180','2025-05-07 23:47:23','2025-05-07 23:47:23',12751),(214,7,'Chita','15183','2025-05-07 23:47:23','2025-05-07 23:47:23',12752),(215,7,'Chitaraque','15185','2025-05-07 23:47:23','2025-05-07 23:47:23',12753),(216,7,'Chivatá','15187','2025-05-07 23:47:23','2025-05-07 23:47:23',12754),(217,7,'Ciénega','15189','2025-05-07 23:47:23','2025-05-07 23:47:23',12756),(218,7,'Cómbita','15204','2025-05-07 23:47:23','2025-05-07 23:47:23',12757),(219,7,'Coper','15212','2025-05-07 23:47:23','2025-05-07 23:47:23',12758),(220,7,'Corrales','15215','2025-05-07 23:47:23','2025-05-07 23:47:23',12759),(221,7,'Covarachía','15218','2025-05-07 23:47:23','2025-05-07 23:47:23',12760),(222,7,'Cubará','15223','2025-05-07 23:47:23','2025-05-07 23:47:23',12761),(223,7,'Cucaita','15224','2025-05-07 23:47:23','2025-05-07 23:47:23',12762),(224,7,'Cuítiva','15226','2025-05-07 23:47:23','2025-05-07 23:47:23',12763),(225,7,'Chíquiza','15232','2025-05-07 23:47:23','2025-05-07 23:47:23',12750),(226,7,'Chivor','15236','2025-05-07 23:47:23','2025-05-07 23:47:23',12755),(227,7,'Duitama','15238','2025-05-07 23:47:23','2025-05-07 23:47:23',12764),(228,7,'El Cocuy ','15244','2025-05-07 23:47:23','2025-05-07 23:47:23',12765),(229,7,'El Espino ','15248','2025-05-07 23:47:23','2025-05-07 23:47:23',12766),(230,7,'Firavitoba','15272','2025-05-07 23:47:23','2025-05-07 23:47:23',12767),(231,7,'Floresta','15276','2025-05-07 23:47:23','2025-05-07 23:47:23',12768),(232,7,'Gachantivá','15293','2025-05-07 23:47:23','2025-05-07 23:47:23',12769),(233,7,'Gámeza','15296','2025-05-07 23:47:23','2025-05-07 23:47:23',12770),(234,7,'Garagoa','15299','2025-05-07 23:47:23','2025-05-07 23:47:23',12771),(235,7,'Guacamayas','15317','2025-05-07 23:47:23','2025-05-07 23:47:23',12772),(236,7,'Guateque','15322','2025-05-07 23:47:23','2025-05-07 23:47:23',12773),(237,7,'Guayatá','15325','2025-05-07 23:47:23','2025-05-07 23:47:23',12774),(238,7,'Güicán De La Sierra','15332','2025-05-07 23:47:23','2025-05-07 23:47:23',12775),(239,7,'Iza','15362','2025-05-07 23:47:23','2025-05-07 23:47:23',12776),(240,7,'Jenesano','15367','2025-05-07 23:47:23','2025-05-07 23:47:23',12777),(241,7,'Jericó','15368','2025-05-07 23:47:23','2025-05-07 23:47:23',12778),(242,7,'Labranzagrande','15377','2025-05-07 23:47:23','2025-05-07 23:47:23',12782),(243,7,'La Capilla ','15380','2025-05-07 23:47:23','2025-05-07 23:47:23',12779),(244,7,'La Victoria ','15401','2025-05-07 23:47:23','2025-05-07 23:47:23',12781),(245,7,'La Uvita ','15403','2025-05-07 23:47:23','2025-05-07 23:47:23',12780),(246,7,'Villa De Leyva','15407','2025-05-07 23:47:23','2025-05-07 23:47:23',12652),(247,7,'Macanal','15425','2025-05-07 23:47:23','2025-05-07 23:47:23',12784),(248,7,'Maripí','15442','2025-05-07 23:47:23','2025-05-07 23:47:23',12785),(249,7,'Miraflores','15455','2025-05-07 23:47:23','2025-05-07 23:47:23',13162),(250,7,'Mongua','15464','2025-05-07 23:47:23','2025-05-07 23:47:23',12787),(251,7,'Monguí','15466','2025-05-07 23:47:23','2025-05-07 23:47:23',12788),(252,7,'Moniquirá','15469','2025-05-07 23:47:23','2025-05-07 23:47:23',12789),(253,7,'Motavita','15476','2025-05-07 23:47:23','2025-05-07 23:47:23',12790),(254,7,'Muzo','15480','2025-05-07 23:47:23','2025-05-07 23:47:23',12791),(255,7,'Nobsa','15491','2025-05-07 23:47:23','2025-05-07 23:47:23',12792),(256,7,'Nuevo Colón ','15494','2025-05-07 23:47:23','2025-05-07 23:47:23',12793),(257,7,'Oicatá','15500','2025-05-07 23:47:23','2025-05-07 23:47:23',12794),(258,7,'Otanche','15507','2025-05-07 23:47:23','2025-05-07 23:47:23',12795),(259,7,'Pachavita','15511','2025-05-07 23:47:23','2025-05-07 23:47:23',12796),(260,7,'Páez','15514','2025-05-07 23:47:23','2025-05-07 23:47:23',12941),(261,7,'Paipa','15516','2025-05-07 23:47:23','2025-05-07 23:47:23',12798),(262,7,'Pajarito','15518','2025-05-07 23:47:23','2025-05-07 23:47:23',12799),(263,7,'Panqueba','15522','2025-05-07 23:47:23','2025-05-07 23:47:23',12800),(264,7,'Pauna','15531','2025-05-07 23:47:23','2025-05-07 23:47:23',12801),(265,7,'Paya','15533','2025-05-07 23:47:23','2025-05-07 23:47:23',12802),(266,7,'Paz De Río','15537','2025-05-07 23:47:23','2025-05-07 23:47:23',12908),(267,7,'Pesca','15542','2025-05-07 23:47:23','2025-05-07 23:47:23',12804),(268,7,'Pisba','15550','2025-05-07 23:47:23','2025-05-07 23:47:23',12805),(269,7,'Puerto Boyacá ','15572','2025-05-07 23:47:23','2025-05-07 23:47:23',12806),(270,7,'Quípama','15580','2025-05-07 23:47:23','2025-05-07 23:47:23',12807),(271,7,'Ramiriquí','15599','2025-05-07 23:47:23','2025-05-07 23:47:23',12808),(272,7,'Ráquira','15600','2025-05-07 23:47:23','2025-05-07 23:47:23',12809),(273,7,'Rondón','15621','2025-05-07 23:47:23','2025-05-07 23:47:23',12810),(274,7,'Saboyá','15632','2025-05-07 23:47:23','2025-05-07 23:47:23',12811),(275,7,'Sáchica','15638','2025-05-07 23:47:23','2025-05-07 23:47:23',12812),(276,7,'Samacá','15646','2025-05-07 23:47:23','2025-05-07 23:47:23',12813),(277,7,'San Eduardo ','15660','2025-05-07 23:47:23','2025-05-07 23:47:23',12814),(278,7,'San José De Pare','15664','2025-05-07 23:47:23','2025-05-07 23:47:23',12815),(279,7,'San Luis De Gaceno','15667','2025-05-07 23:47:23','2025-05-07 23:47:23',12816),(280,7,'San Mateo ','15673','2025-05-07 23:47:23','2025-05-07 23:47:23',12817),(281,7,'San Miguel De Sema','15676','2025-05-07 23:47:23','2025-05-07 23:47:23',12818),(282,7,'San Pablo De Borbur','15681','2025-05-07 23:47:23','2025-05-07 23:47:23',12819),(283,7,'Santana','15686','2025-05-07 23:47:23','2025-05-07 23:47:23',12823),(284,7,'Santa María ','15690','2025-05-07 23:47:23','2025-05-07 23:47:23',13192),(285,7,'Santa Rosa De Viterbo','15693','2025-05-07 23:47:23','2025-05-07 23:47:23',12821),(286,7,'Santa Sofía ','15696','2025-05-07 23:47:23','2025-05-07 23:47:23',12822),(287,7,'Sativanorte','15720','2025-05-07 23:47:23','2025-05-07 23:47:23',12824),(288,7,'Sativasur','15723','2025-05-07 23:47:23','2025-05-07 23:47:23',12825),(289,7,'Siachoque','15740','2025-05-07 23:47:23','2025-05-07 23:47:23',12826),(290,7,'Soatá','15753','2025-05-07 23:47:23','2025-05-07 23:47:23',12827),(291,7,'Socotá','15755','2025-05-07 23:47:23','2025-05-07 23:47:23',12829),(292,7,'Socha','15757','2025-05-07 23:47:23','2025-05-07 23:47:23',12828),(293,7,'Sogamoso','15759','2025-05-07 23:47:23','2025-05-07 23:47:23',12830),(294,7,'Somondoco','15761','2025-05-07 23:47:23','2025-05-07 23:47:23',12831),(295,7,'Sora','15762','2025-05-07 23:47:23','2025-05-07 23:47:23',12832),(296,7,'Sotaquirá','15763','2025-05-07 23:47:23','2025-05-07 23:47:23',12834),(297,7,'Soracá','15764','2025-05-07 23:47:23','2025-05-07 23:47:23',12833),(298,7,'Susacón','15774','2025-05-07 23:47:23','2025-05-07 23:47:23',12835),(299,7,'Sutamarchán','15776','2025-05-07 23:47:23','2025-05-07 23:47:23',12836),(300,7,'Sutatenza','15778','2025-05-07 23:47:23','2025-05-07 23:47:23',12837),(301,7,'Tasco','15790','2025-05-07 23:47:23','2025-05-07 23:47:23',12838),(302,7,'Tenza','15798','2025-05-07 23:47:23','2025-05-07 23:47:23',12839),(303,7,'Tibaná','15804','2025-05-07 23:47:23','2025-05-07 23:47:23',12840),(304,7,'Tibasosa','15806','2025-05-07 23:47:23','2025-05-07 23:47:23',12841),(305,7,'Tinjacá','15808','2025-05-07 23:47:23','2025-05-07 23:47:23',12842),(306,7,'Tipacoque','15810','2025-05-07 23:47:23','2025-05-07 23:47:23',12843),(307,7,'Toca','15814','2025-05-07 23:47:23','2025-05-07 23:47:23',12844),(308,7,'Togüí','15816','2025-05-07 23:47:23','2025-05-07 23:47:23',12845),(309,7,'Tópaga','15820','2025-05-07 23:47:23','2025-05-07 23:47:23',12846),(310,7,'Tota','15822','2025-05-07 23:47:23','2025-05-07 23:47:23',12847),(311,7,'Tununguá','15832','2025-05-07 23:47:23','2025-05-07 23:47:23',12849),(312,7,'Turmequé','15835','2025-05-07 23:47:23','2025-05-07 23:47:23',12850),(313,7,'Tuta','15837','2025-05-07 23:47:23','2025-05-07 23:47:23',12851),(314,7,'Tutazá','15839','2025-05-07 23:47:23','2025-05-07 23:47:23',12852),(315,7,'Úmbita','15842','2025-05-07 23:47:23','2025-05-07 23:47:23',12853),(316,7,'Ventaquemada','15861','2025-05-07 23:47:23','2025-05-07 23:47:23',12854),(317,7,'Viracachá','15879','2025-05-07 23:47:23','2025-05-07 23:47:23',12855),(318,7,'Zetaquira','15897','2025-05-07 23:47:23','2025-05-07 23:47:23',12856),(319,8,'Manizales','17001','2025-05-07 23:47:23','2025-05-07 23:47:23',12865),(320,8,'Aguadas','17013','2025-05-07 23:47:23','2025-05-07 23:47:23',12857),(321,8,'Anserma','17042','2025-05-07 23:47:23','2025-05-07 23:47:23',12858),(322,8,'Aranzazu','17050','2025-05-07 23:47:23','2025-05-07 23:47:23',12859),(323,8,'Belalcázar','17088','2025-05-07 23:47:23','2025-05-07 23:47:23',12860),(324,8,'Chinchiná','17174','2025-05-07 23:47:23','2025-05-07 23:47:23',12861),(325,8,'Filadelfia','17272','2025-05-07 23:47:23','2025-05-07 23:47:23',12862),(326,8,'La Dorada ','17380','2025-05-07 23:47:23','2025-05-07 23:47:23',12863),(327,8,'La Merced ','17388','2025-05-07 23:47:23','2025-05-07 23:47:23',12864),(328,8,'Manzanares','17433','2025-05-07 23:47:23','2025-05-07 23:47:23',12866),(329,8,'Marmato','17442','2025-05-07 23:47:23','2025-05-07 23:47:23',12867),(330,8,'Marquetalia','17444','2025-05-07 23:47:23','2025-05-07 23:47:23',12868),(331,8,'Marulanda','17446','2025-05-07 23:47:23','2025-05-07 23:47:23',12869),(332,8,'Neira','17486','2025-05-07 23:47:23','2025-05-07 23:47:23',12870),(333,8,'Norcasia','17495','2025-05-07 23:47:23','2025-05-07 23:47:23',12871),(334,8,'Pácora','17513','2025-05-07 23:47:23','2025-05-07 23:47:23',12872),(335,8,'Palestina','17524','2025-05-07 23:47:23','2025-05-07 23:47:23',12873),(336,8,'Pensilvania','17541','2025-05-07 23:47:23','2025-05-07 23:47:23',12874),(337,8,'Riosucio','17614','2025-05-07 23:47:23','2025-05-07 23:47:23',13009),(338,8,'Risaralda','17616','2025-05-07 23:47:23','2025-05-07 23:47:23',12876),(339,8,'Salamina','17653','2025-05-07 23:47:23','2025-05-07 23:47:23',12877),(340,8,'Samaná','17662','2025-05-07 23:47:23','2025-05-07 23:47:23',12878),(341,8,'San José ','17665','2025-05-07 23:47:23','2025-05-07 23:47:23',12879),(342,8,'Supía','17777','2025-05-07 23:47:23','2025-05-07 23:47:23',12880),(343,8,'Victoria','17867','2025-05-07 23:47:23','2025-05-07 23:47:23',12881),(344,8,'Villamaría','17873','2025-05-07 23:47:23','2025-05-07 23:47:23',12882),(345,8,'Viterbo','17877','2025-05-07 23:47:23','2025-05-07 23:47:23',12883),(346,9,'Florencia','18001','2025-05-07 23:47:23','2025-05-07 23:47:23',12890),(347,9,'Albania','18029','2025-05-07 23:47:23','2025-05-07 23:47:23',13364),(348,9,'Belén De Los Andaquíes','18094','2025-05-07 23:47:23','2025-05-07 23:47:23',12885),(349,9,'Cartagena Del Chairá','18150','2025-05-07 23:47:23','2025-05-07 23:47:23',12886),(350,9,'Curillo','18205','2025-05-07 23:47:23','2025-05-07 23:47:23',12887),(351,9,'El Doncello ','18247','2025-05-07 23:47:23','2025-05-07 23:47:23',12888),(352,9,'El Paujíl ','18256','2025-05-07 23:47:23','2025-05-07 23:47:23',12889),(353,9,'La Montañita ','18410','2025-05-07 23:47:23','2025-05-07 23:47:23',12891),(354,9,'Milán','18460','2025-05-07 23:47:23','2025-05-07 23:47:23',12892),(355,9,'Morelia','18479','2025-05-07 23:47:23','2025-05-07 23:47:23',12893),(356,9,'Puerto Rico ','18592','2025-05-07 23:47:23','2025-05-07 23:47:23',13252),(357,9,'San José Del Fragua','18610','2025-05-07 23:47:23','2025-05-07 23:47:23',12815),(358,9,'San Vicente Del Caguán','18753','2025-05-07 23:47:23','2025-05-07 23:47:23',12896),(359,9,'Solano','18756','2025-05-07 23:47:23','2025-05-07 23:47:23',12897),(360,9,'Solita','18785','2025-05-07 23:47:23','2025-05-07 23:47:23',12898),(361,9,'Valparaíso','18860','2025-05-07 23:47:23','2025-05-07 23:47:23',12899),(362,11,'Popayán','19001','2025-05-07 23:47:23','2025-05-07 23:47:23',12944),(363,11,'Almaguer','19022','2025-05-07 23:47:23','2025-05-07 23:47:23',12919),(364,11,'Argelia','19050','2025-05-07 23:47:23','2025-05-07 23:47:23',12920),(365,11,'Balboa','19075','2025-05-07 23:47:23','2025-05-07 23:47:23',13350),(366,11,'Bolívar','19100','2025-05-07 23:47:23','2025-05-07 23:47:23',13370),(367,11,'Buenos Aires ','19110','2025-05-07 23:47:23','2025-05-07 23:47:23',12923),(368,11,'Cajibío','19130','2025-05-07 23:47:23','2025-05-07 23:47:23',12924),(369,11,'Caldono','19137','2025-05-07 23:47:23','2025-05-07 23:47:23',12925),(370,11,'Caloto','19142','2025-05-07 23:47:23','2025-05-07 23:47:23',12926),(371,11,'Corinto','19212','2025-05-07 23:47:23','2025-05-07 23:47:23',12927),(372,11,'El Tambo ','19256','2025-05-07 23:47:23','2025-05-07 23:47:23',13279),(373,11,'Florencia','19290','2025-05-07 23:47:23','2025-05-07 23:47:23',12930),(374,11,'Guachené','19300','2025-05-07 23:47:23','2025-05-07 23:47:23',12772),(375,11,'Guapí','19318','2025-05-07 23:47:23','2025-05-07 23:47:23',12931),(376,11,'Inzá','19355','2025-05-07 23:47:23','2025-05-07 23:47:23',12932),(377,11,'Jambaló','19364','2025-05-07 23:47:23','2025-05-07 23:47:23',12933),(378,11,'La Sierra ','19392','2025-05-07 23:47:23','2025-05-07 23:47:23',12934),(379,11,'La Vega ','19397','2025-05-07 23:47:23','2025-05-07 23:47:23',13094),(380,11,'López De Micay','19418','2025-05-07 23:47:23','2025-05-07 23:47:23',12936),(381,11,'Mercaderes','19450','2025-05-07 23:47:23','2025-05-07 23:47:23',12937),(382,11,'Miranda','19455','2025-05-07 23:47:23','2025-05-07 23:47:23',12938),(383,11,'Morales','19473','2025-05-07 23:47:23','2025-05-07 23:47:23',12939),(384,11,'Padilla','19513','2025-05-07 23:47:23','2025-05-07 23:47:23',12940),(385,11,'Páez','19517','2025-05-07 23:47:23','2025-05-07 23:47:23',12941),(386,11,'Patía','19532','2025-05-07 23:47:23','2025-05-07 23:47:23',13301),(387,11,'Piamonte','19533','2025-05-07 23:47:23','2025-05-07 23:47:23',12942),(388,11,'Piendamó - Tunía','19548','2025-05-07 23:47:23','2025-05-07 23:47:23',12943),(389,11,'Puerto Tejada ','19573','2025-05-07 23:47:23','2025-05-07 23:47:23',12945),(390,11,'Puracé','19585','2025-05-07 23:47:23','2025-05-07 23:47:23',12946),(391,11,'Rosas','19622','2025-05-07 23:47:23','2025-05-07 23:47:23',12947),(392,11,'San Sebastián ','19693','2025-05-07 23:47:23','2025-05-07 23:47:23',13222),(393,11,'Santander De Quilichao','19698','2025-05-07 23:47:23','2025-05-07 23:47:23',12950),(394,11,'Santa Rosa ','19701','2025-05-07 23:47:23','2025-05-07 23:47:23',12949),(395,11,'Silvia','19743','2025-05-07 23:47:23','2025-05-07 23:47:23',12951),(396,11,'Sotara','19760','2025-05-07 23:47:23','2025-05-07 23:47:23',12952),(397,11,'Suárez','19780','2025-05-07 23:47:23','2025-05-07 23:47:23',13517),(398,11,'Sucre','19785','2025-05-07 23:47:23','2025-05-07 23:47:23',13472),(399,11,'Timbío','19807','2025-05-07 23:47:23','2025-05-07 23:47:23',12955),(400,11,'Timbiquí','19809','2025-05-07 23:47:23','2025-05-07 23:47:23',12956),(401,11,'Toribío','19821','2025-05-07 23:47:23','2025-05-07 23:47:23',12957),(402,11,'Totoró','19824','2025-05-07 23:47:23','2025-05-07 23:47:23',12958),(403,11,'Villa Rica ','19845','2025-05-07 23:47:23','2025-05-07 23:47:23',12959),(404,12,'Valledupar','20001','2025-05-07 23:47:23','2025-05-07 23:47:23',12984),(405,12,'Aguachica','20011','2025-05-07 23:47:23','2025-05-07 23:47:23',12960),(406,12,'Agustín Codazzi ','20013','2025-05-07 23:47:23','2025-05-07 23:47:23',12961),(407,12,'Astrea','20032','2025-05-07 23:47:23','2025-05-07 23:47:23',12962),(408,12,'Becerril','20045','2025-05-07 23:47:23','2025-05-07 23:47:23',12963),(409,12,'Bosconia','20060','2025-05-07 23:47:23','2025-05-07 23:47:23',12964),(410,12,'Chimichagua','20175','2025-05-07 23:47:23','2025-05-07 23:47:23',12965),(411,12,'Chiriguaná','20178','2025-05-07 23:47:23','2025-05-07 23:47:23',12966),(412,12,'Curumaní','20228','2025-05-07 23:47:23','2025-05-07 23:47:23',12967),(413,12,'El Copey ','20238','2025-05-07 23:47:23','2025-05-07 23:47:23',12968),(414,12,'El Paso ','20250','2025-05-07 23:47:23','2025-05-07 23:47:23',12969),(415,12,'Gamarra','20295','2025-05-07 23:47:23','2025-05-07 23:47:23',12970),(416,12,'González','20310','2025-05-07 23:47:23','2025-05-07 23:47:23',12971),(417,12,'La Gloria ','20383','2025-05-07 23:47:23','2025-05-07 23:47:23',12972),(418,12,'La Jagua De Ibirico','20400','2025-05-07 23:47:23','2025-05-07 23:47:23',12972),(419,12,'Manaure Balcón Del Cesar','20443','2025-05-07 23:47:23','2025-05-07 23:47:23',12974),(420,12,'Pailitas','20517','2025-05-07 23:47:23','2025-05-07 23:47:23',12975),(421,12,'Pelaya','20550','2025-05-07 23:47:23','2025-05-07 23:47:23',12976),(422,12,'Pueblo Bello ','20570','2025-05-07 23:47:23','2025-05-07 23:47:23',12977),(423,12,'Río De Oro','20614','2025-05-07 23:47:23','2025-05-07 23:47:23',12978),(424,12,'La Paz ','20621','2025-05-07 23:47:23','2025-05-07 23:47:23',13408),(425,12,'San Alberto ','20710','2025-05-07 23:47:23','2025-05-07 23:47:23',12980),(426,12,'San Diego ','20750','2025-05-07 23:47:23','2025-05-07 23:47:23',12981),(427,12,'San Martín ','20770','2025-05-07 23:47:23','2025-05-07 23:47:23',12982),(428,12,'Tamalameque','20787','2025-05-07 23:47:23','2025-05-07 23:47:23',12983),(429,14,'Montería','23001','2025-05-07 23:47:23','2025-05-07 23:47:23',13029),(430,14,'Ayapel','23068','2025-05-07 23:47:23','2025-05-07 23:47:23',13015),(431,14,'Buenavista','23079','2025-05-07 23:47:23','2025-05-07 23:47:23',13016),(432,14,'Canalete','23090','2025-05-07 23:47:23','2025-05-07 23:47:23',13017),(433,14,'Cereté','23162','2025-05-07 23:47:23','2025-05-07 23:47:23',13018),(434,14,'Chimá','23168','2025-05-07 23:47:23','2025-05-07 23:47:23',13380),(435,14,'Chinú','23182','2025-05-07 23:47:23','2025-05-07 23:47:23',13020),(436,14,'Ciénaga De Oro','23189','2025-05-07 23:47:23','2025-05-07 23:47:23',13021),(437,14,'Cotorra','23300','2025-05-07 23:47:23','2025-05-07 23:47:23',13022),(438,14,'La Apartada ','23350','2025-05-07 23:47:23','2025-05-07 23:47:23',13023),(439,14,'Lorica','23417','2025-05-07 23:47:23','2025-05-07 23:47:23',13024),(440,14,'Los Córdobas ','23419','2025-05-07 23:47:23','2025-05-07 23:47:23',13025),(441,14,'Momil','23464','2025-05-07 23:47:23','2025-05-07 23:47:23',13026),(442,14,'Montelíbano','23466','2025-05-07 23:47:23','2025-05-07 23:47:23',13028),(443,14,'Moñitos','23500','2025-05-07 23:47:23','2025-05-07 23:47:23',13027),(444,14,'Planeta Rica ','23555','2025-05-07 23:47:23','2025-05-07 23:47:23',13030),(445,14,'Pueblo Nuevo ','23570','2025-05-07 23:47:23','2025-05-07 23:47:23',13031),(446,14,'Puerto Escondido ','23574','2025-05-07 23:47:23','2025-05-07 23:47:23',13032),(447,14,'Puerto Libertador ','23580','2025-05-07 23:47:23','2025-05-07 23:47:23',13033),(448,14,'Purísima De La Concepción','23586','2025-05-07 23:47:23','2025-05-07 23:47:23',13034),(449,14,'Sahagún','23660','2025-05-07 23:47:23','2025-05-07 23:47:23',13035),(450,14,'San Andrés De Sotavento','23670','2025-05-07 23:47:23','2025-05-07 23:47:23',13430),(451,14,'San Antero ','23672','2025-05-07 23:47:23','2025-05-07 23:47:23',13037),(452,14,'San Bernardo Del Viento','23675','2025-05-07 23:47:23','2025-05-07 23:47:23',13311),(453,14,'San Carlos ','23678','2025-05-07 23:47:23','2025-05-07 23:47:23',13039),(454,14,'San José De Uré','23682','2025-05-07 23:47:23','2025-05-07 23:47:23',12815),(455,14,'San Pelayo ','23686','2025-05-07 23:47:23','2025-05-07 23:47:23',13040),(456,14,'Tierralta','23807','2025-05-07 23:47:23','2025-05-07 23:47:23',13041),(457,14,'Tuchín','23815','2025-05-07 23:47:23','2025-05-07 23:47:23',12686),(458,14,'Valencia','23855','2025-05-07 23:47:23','2025-05-07 23:47:23',13042),(459,15,'Agua De Dios','25001','2025-05-07 23:47:23','2025-05-07 23:47:23',13043),(460,15,'Albán','25019','2025-05-07 23:47:23','2025-05-07 23:47:23',13260),(461,15,'Anapoima','25035','2025-05-07 23:47:23','2025-05-07 23:47:23',13045),(462,15,'Anolaima','25040','2025-05-07 23:47:23','2025-05-07 23:47:23',13046),(463,15,'Arbeláez','25053','2025-05-07 23:47:23','2025-05-07 23:47:23',13047),(464,15,'Beltrán','25086','2025-05-07 23:47:23','2025-05-07 23:47:23',13048),(465,15,'Bituima','25095','2025-05-07 23:47:23','2025-05-07 23:47:23',13049),(466,15,'Bojacá','25099','2025-05-07 23:47:23','2025-05-07 23:47:23',13050),(467,15,'Cabrera','25120','2025-05-07 23:47:23','2025-05-07 23:47:23',13372),(468,15,'Cachipay','25123','2025-05-07 23:47:23','2025-05-07 23:47:23',13052),(469,15,'Cajicá','25126','2025-05-07 23:47:23','2025-05-07 23:47:23',13053),(470,15,'Caparrapí','25148','2025-05-07 23:47:23','2025-05-07 23:47:23',13054),(471,15,'Cáqueza','25151','2025-05-07 23:47:23','2025-05-07 23:47:23',13055),(472,15,'Carmen De Carupa','25154','2025-05-07 23:47:23','2025-05-07 23:47:23',13056),(473,15,'Chaguaní','25168','2025-05-07 23:47:23','2025-05-07 23:47:23',13057),(474,15,'Chía','25175','2025-05-07 23:47:23','2025-05-07 23:47:23',13058),(475,15,'Chipaque','25178','2025-05-07 23:47:23','2025-05-07 23:47:23',13059),(476,15,'Choachí','25181','2025-05-07 23:47:23','2025-05-07 23:47:23',13060),(477,15,'Chocontá','25183','2025-05-07 23:47:23','2025-05-07 23:47:23',13061),(478,15,'Cogua','25200','2025-05-07 23:47:23','2025-05-07 23:47:23',13062),(479,15,'Cota','25214','2025-05-07 23:47:23','2025-05-07 23:47:23',13063),(480,15,'Cucunubá','25224','2025-05-07 23:47:23','2025-05-07 23:47:23',13064),(481,15,'El Colegio ','25245','2025-05-07 23:47:23','2025-05-07 23:47:23',13065),(482,15,'El Peñón ','25258','2025-05-07 23:47:23','2025-05-07 23:47:23',13390),(483,15,'El Rosal ','25260','2025-05-07 23:47:23','2025-05-07 23:47:23',13067),(484,15,'Facatativá','25269','2025-05-07 23:47:23','2025-05-07 23:47:23',13068),(485,15,'Fómeque','25279','2025-05-07 23:47:23','2025-05-07 23:47:23',13069),(486,15,'Fosca','25281','2025-05-07 23:47:23','2025-05-07 23:47:23',13070),(487,15,'Funza','25286','2025-05-07 23:47:23','2025-05-07 23:47:23',13071),(488,15,'Fúquene','25288','2025-05-07 23:47:23','2025-05-07 23:47:23',13072),(489,15,'Fusagasugá','25290','2025-05-07 23:47:23','2025-05-07 23:47:23',13073),(490,15,'Gachalá','25293','2025-05-07 23:47:23','2025-05-07 23:47:23',13074),(491,15,'Gachancipá','25295','2025-05-07 23:47:23','2025-05-07 23:47:23',13075),(492,15,'Gachetá','25297','2025-05-07 23:47:23','2025-05-07 23:47:23',13076),(493,15,'Gama','25299','2025-05-07 23:47:23','2025-05-07 23:47:23',13077),(494,15,'Girardot','25307','2025-05-07 23:47:23','2025-05-07 23:47:23',13078),(495,15,'Granada','25312','2025-05-07 23:47:23','2025-05-07 23:47:23',13241),(496,15,'Guachetá','25317','2025-05-07 23:47:23','2025-05-07 23:47:23',13080),(497,15,'Guaduas','25320','2025-05-07 23:47:23','2025-05-07 23:47:23',13081),(498,15,'Guasca','25322','2025-05-07 23:47:23','2025-05-07 23:47:23',13082),(499,15,'Guataquí','25324','2025-05-07 23:47:23','2025-05-07 23:47:23',13083),(500,15,'Guatavita','25326','2025-05-07 23:47:23','2025-05-07 23:47:23',13084),(501,15,'Guayabal De Síquima','25328','2025-05-07 23:47:23','2025-05-07 23:47:23',13085),(502,15,'Guayabetal','25335','2025-05-07 23:47:23','2025-05-07 23:47:23',13086),(503,15,'Gutiérrez','25339','2025-05-07 23:47:23','2025-05-07 23:47:23',13087),(504,15,'Jerusalén','25368','2025-05-07 23:47:23','2025-05-07 23:47:23',13088),(505,15,'Junín','25372','2025-05-07 23:47:23','2025-05-07 23:47:23',13089),(506,15,'La Calera ','25377','2025-05-07 23:47:23','2025-05-07 23:47:23',13090),(507,15,'La Mesa ','25386','2025-05-07 23:47:23','2025-05-07 23:47:23',13091),(508,15,'La Palma ','25394','2025-05-07 23:47:23','2025-05-07 23:47:23',13092),(509,15,'La Peña ','25398','2025-05-07 23:47:23','2025-05-07 23:47:23',13093),(510,15,'La Vega ','25402','2025-05-07 23:47:23','2025-05-07 23:47:23',13094),(511,15,'Lenguazaque','25407','2025-05-07 23:47:23','2025-05-07 23:47:23',13095),(512,15,'Machetá','25426','2025-05-07 23:47:23','2025-05-07 23:47:23',13096),(513,15,'Madrid','25430','2025-05-07 23:47:23','2025-05-07 23:47:23',13097),(514,15,'Manta','25436','2025-05-07 23:47:23','2025-05-07 23:47:23',13098),(515,15,'Medina','25438','2025-05-07 23:47:23','2025-05-07 23:47:23',13099),(516,15,'Mosquera','25473','2025-05-07 23:47:23','2025-05-07 23:47:23',13100),(517,15,'Nariño','25483','2025-05-07 23:47:23','2025-05-07 23:47:23',13298),(518,15,'Nemocón','25486','2025-05-07 23:47:23','2025-05-07 23:47:23',13102),(519,15,'Nilo','25488','2025-05-07 23:47:23','2025-05-07 23:47:23',13103),(520,15,'Nimaima','25489','2025-05-07 23:47:23','2025-05-07 23:47:23',13104),(521,15,'Nocaima','25491','2025-05-07 23:47:23','2025-05-07 23:47:23',13105),(522,15,'Venecia','25506','2025-05-07 23:47:23','2025-05-07 23:47:23',12651),(523,15,'Pacho','25513','2025-05-07 23:47:23','2025-05-07 23:47:23',13107),(524,15,'Paime','25518','2025-05-07 23:47:23','2025-05-07 23:47:23',13108),(525,15,'Pandi','25524','2025-05-07 23:47:23','2025-05-07 23:47:23',13109),(526,15,'Paratebueno','25530','2025-05-07 23:47:23','2025-05-07 23:47:23',13110),(527,15,'Pasca','25535','2025-05-07 23:47:23','2025-05-07 23:47:23',13111),(528,15,'Puerto Salgar ','25572','2025-05-07 23:47:23','2025-05-07 23:47:23',13112),(529,15,'Pulí','25580','2025-05-07 23:47:23','2025-05-07 23:47:23',13113),(530,15,'Quebradanegra','25592','2025-05-07 23:47:23','2025-05-07 23:47:23',13114),(531,15,'Quetame','25594','2025-05-07 23:47:23','2025-05-07 23:47:23',13115),(532,15,'Quipile','25596','2025-05-07 23:47:23','2025-05-07 23:47:23',13116),(533,15,'Apulo','25599','2025-05-07 23:47:23','2025-05-07 23:47:23',13349),(534,15,'Ricaurte','25612','2025-05-07 23:47:23','2025-05-07 23:47:23',13308),(535,15,'San Antonio Del Tequendama','25645','2025-05-07 23:47:23','2025-05-07 23:47:23',13119),(536,15,'San Bernardo ','25649','2025-05-07 23:47:23','2025-05-07 23:47:23',13311),(537,15,'San Cayetano ','25653','2025-05-07 23:47:23','2025-05-07 23:47:23',13121),(538,15,'San Francisco ','25658','2025-05-07 23:47:23','2025-05-07 23:47:23',13331),(539,15,'San Juan De Rioseco','25662','2025-05-07 23:47:23','2025-05-07 23:47:23',13123),(540,15,'Sasaima','25718','2025-05-07 23:47:23','2025-05-07 23:47:23',13124),(541,15,'Sesquilé','25736','2025-05-07 23:47:23','2025-05-07 23:47:23',13125),(542,15,'Sibaté','25740','2025-05-07 23:47:23','2025-05-07 23:47:23',13126),(543,15,'Silvania','25743','2025-05-07 23:47:23','2025-05-07 23:47:23',13127),(544,15,'Simijaca','25745','2025-05-07 23:47:23','2025-05-07 23:47:23',13128),(545,15,'Soacha','25754','2025-05-07 23:47:23','2025-05-07 23:47:23',13129),(546,15,'Sopó','25758','2025-05-07 23:47:23','2025-05-07 23:47:23',13130),(547,15,'Subachoque','25769','2025-05-07 23:47:23','2025-05-07 23:47:23',13131),(548,15,'Suesca','25772','2025-05-07 23:47:23','2025-05-07 23:47:23',13132),(549,15,'Supatá','25777','2025-05-07 23:47:23','2025-05-07 23:47:23',13133),(550,15,'Susa','25779','2025-05-07 23:47:23','2025-05-07 23:47:23',13134),(551,15,'Sutatausa','25781','2025-05-07 23:47:23','2025-05-07 23:47:23',13135),(552,15,'Tabio','25785','2025-05-07 23:47:23','2025-05-07 23:47:23',13136),(553,15,'Tausa','25793','2025-05-07 23:47:23','2025-05-07 23:47:23',13137),(554,15,'Tena','25797','2025-05-07 23:47:23','2025-05-07 23:47:23',13138),(555,15,'Tenjo','25799','2025-05-07 23:47:23','2025-05-07 23:47:23',13139),(556,15,'Tibacuy','25805','2025-05-07 23:47:23','2025-05-07 23:47:23',13140),(557,15,'Tibirita','25807','2025-05-07 23:47:23','2025-05-07 23:47:23',13141),(558,15,'Tocaima','25815','2025-05-07 23:47:23','2025-05-07 23:47:23',13142),(559,15,'Tocancipá','25817','2025-05-07 23:47:23','2025-05-07 23:47:23',13143),(560,15,'Topaipí','25823','2025-05-07 23:47:23','2025-05-07 23:47:23',13144),(561,15,'Ubalá','25839','2025-05-07 23:47:23','2025-05-07 23:47:23',13145),(562,15,'Ubaque','25841','2025-05-07 23:47:23','2025-05-07 23:47:23',13146),(563,15,'Villa De San Diego De Ubaté','25843','2025-05-07 23:47:23','2025-05-07 23:47:23',12652),(564,15,'Une','25845','2025-05-07 23:47:23','2025-05-07 23:47:23',13148),(565,15,'Útica','25851','2025-05-07 23:47:23','2025-05-07 23:47:23',13149),(566,15,'Vergara','25862','2025-05-07 23:47:23','2025-05-07 23:47:23',13150),(567,15,'Vianí','25867','2025-05-07 23:47:23','2025-05-07 23:47:23',13151),(568,15,'Villagómez','25871','2025-05-07 23:47:23','2025-05-07 23:47:23',13152),(569,15,'Villapinzón','25873','2025-05-07 23:47:23','2025-05-07 23:47:23',13153),(570,15,'Villeta','25875','2025-05-07 23:47:23','2025-05-07 23:47:23',13154),(571,15,'Viotá','25878','2025-05-07 23:47:23','2025-05-07 23:47:23',13155),(572,15,'Yacopí','25885','2025-05-07 23:47:23','2025-05-07 23:47:23',13156),(573,15,'Zipacón','25898','2025-05-07 23:47:23','2025-05-07 23:47:23',13157),(574,15,'Zipaquirá','25899','2025-05-07 23:47:23','2025-05-07 23:47:23',13158),(575,13,'Quibdó','27001','2025-05-07 23:47:23','2025-05-07 23:47:23',13006),(576,13,'Acandí','27006','2025-05-07 23:47:23','2025-05-07 23:47:23',12985),(577,13,'Alto Baudó ','27025','2025-05-07 23:47:23','2025-05-07 23:47:23',12986),(578,13,'Atrato','27050','2025-05-07 23:47:23','2025-05-07 23:47:23',12987),(579,13,'Bagadó','27073','2025-05-07 23:47:23','2025-05-07 23:47:23',12988),(580,13,'Bahía Solano ','27075','2025-05-07 23:47:23','2025-05-07 23:47:23',12989),(581,13,'Bajo Baudó ','27077','2025-05-07 23:47:23','2025-05-07 23:47:23',12990),(582,13,'Bojayá','27099','2025-05-07 23:47:23','2025-05-07 23:47:23',12991),(583,13,'El Cantón Del San Pablo ','27135','2025-05-07 23:47:23','2025-05-07 23:47:23',13237),(584,13,'Carmen Del Darién','27150','2025-05-07 23:47:23','2025-05-07 23:47:23',12993),(585,13,'Cértegui','27160','2025-05-07 23:47:23','2025-05-07 23:47:23',12994),(586,13,'Condoto','27205','2025-05-07 23:47:23','2025-05-07 23:47:23',12995),(587,13,'El Carmen De Atrato','27245','2025-05-07 23:47:23','2025-05-07 23:47:23',13388),(588,13,'El Litoral Del San Juan ','27250','2025-05-07 23:47:23','2025-05-07 23:47:23',12702),(589,13,'Istmina','27361','2025-05-07 23:47:23','2025-05-07 23:47:23',12997),(590,13,'Juradó','27372','2025-05-07 23:47:23','2025-05-07 23:47:23',12998),(591,13,'Lloró','27413','2025-05-07 23:47:23','2025-05-07 23:47:23',13000),(592,13,'Medio Atrato ','27425','2025-05-07 23:47:23','2025-05-07 23:47:23',13001),(593,13,'Medio Baudó ','27430','2025-05-07 23:47:23','2025-05-07 23:47:23',13002),(594,13,'Medio San Juan','27450','2025-05-07 23:47:23','2025-05-07 23:47:23',13003),(595,13,'Nóvita','27491','2025-05-07 23:47:23','2025-05-07 23:47:23',13004),(596,13,'Nuquí','27495','2025-05-07 23:47:23','2025-05-07 23:47:23',13005),(597,13,'Río Iró ','27580','2025-05-07 23:47:23','2025-05-07 23:47:23',13007),(598,13,'Río Quito ','27600','2025-05-07 23:47:23','2025-05-07 23:47:23',13008),(599,13,'Riosucio','27615','2025-05-07 23:47:23','2025-05-07 23:47:23',13009),(600,13,'San José Del Palmar','27660','2025-05-07 23:47:23','2025-05-07 23:47:23',13010),(601,13,'Sipí','27745','2025-05-07 23:47:23','2025-05-07 23:47:23',13011),(602,13,'Tadó','27787','2025-05-07 23:47:23','2025-05-07 23:47:23',13012),(603,13,'Unguía','27800','2025-05-07 23:47:23','2025-05-07 23:47:23',13013),(604,13,'Unión Panamericana ','27810','2025-05-07 23:47:23','2025-05-07 23:47:23',13014),(605,18,'Neiva','41001','2025-05-07 23:47:23','2025-05-07 23:47:23',13182),(606,18,'Acevedo','41006','2025-05-07 23:47:23','2025-05-07 23:47:23',13164),(607,18,'Agrado','41013','2025-05-07 23:47:23','2025-05-07 23:47:23',13165),(608,18,'Aipe','41016','2025-05-07 23:47:23','2025-05-07 23:47:23',13166),(609,18,'Algeciras','41020','2025-05-07 23:47:23','2025-05-07 23:47:23',13167),(610,18,'Altamira','41026','2025-05-07 23:47:23','2025-05-07 23:47:23',13168),(611,18,'Baraya','41078','2025-05-07 23:47:23','2025-05-07 23:47:23',13169),(612,18,'Campoalegre','41132','2025-05-07 23:47:23','2025-05-07 23:47:23',13170),(613,18,'Colombia','41206','2025-05-07 23:47:23','2025-05-07 23:47:23',13171),(614,18,'Elías','41244','2025-05-07 23:47:23','2025-05-07 23:47:23',13172),(615,18,'Garzón','41298','2025-05-07 23:47:23','2025-05-07 23:47:23',13173),(616,18,'Gigante','41306','2025-05-07 23:47:23','2025-05-07 23:47:23',13174),(617,18,'Guadalupe','41319','2025-05-07 23:47:23','2025-05-07 23:47:23',13400),(618,18,'Hobo','41349','2025-05-07 23:47:23','2025-05-07 23:47:23',13176),(619,18,'Íquira','41357','2025-05-07 23:47:23','2025-05-07 23:47:23',13177),(620,18,'Isnos','41359','2025-05-07 23:47:23','2025-05-07 23:47:23',13178),(621,18,'La Argentina ','41378','2025-05-07 23:47:23','2025-05-07 23:47:23',13179),(622,18,'La Plata ','41396','2025-05-07 23:47:23','2025-05-07 23:47:23',13180),(623,18,'Nátaga','41483','2025-05-07 23:47:23','2025-05-07 23:47:23',13181),(624,18,'Oporapa','41503','2025-05-07 23:47:23','2025-05-07 23:47:23',13183),(625,18,'Paicol','41518','2025-05-07 23:47:23','2025-05-07 23:47:23',13184),(626,18,'Palermo','41524','2025-05-07 23:47:23','2025-05-07 23:47:23',13185),(627,18,'Palestina','41530','2025-05-07 23:47:23','2025-05-07 23:47:23',13186),(628,18,'Pital','41548','2025-05-07 23:47:23','2025-05-07 23:47:23',13187),(629,18,'Pitalito','41551','2025-05-07 23:47:23','2025-05-07 23:47:23',13188),(630,18,'Rivera','41615','2025-05-07 23:47:23','2025-05-07 23:47:23',13189),(631,18,'Saladoblanco','41660','2025-05-07 23:47:23','2025-05-07 23:47:23',13190),(632,18,'San Agustín ','41668','2025-05-07 23:47:23','2025-05-07 23:47:23',13191),(633,18,'Santa María ','41676','2025-05-07 23:47:23','2025-05-07 23:47:23',13192),(634,18,'Suaza','41770','2025-05-07 23:47:23','2025-05-07 23:47:23',13193),(635,18,'Tarqui','41791','2025-05-07 23:47:23','2025-05-07 23:47:23',13194),(636,18,'Tesalia','41797','2025-05-07 23:47:23','2025-05-07 23:47:23',13197),(637,18,'Tello','41799','2025-05-07 23:47:23','2025-05-07 23:47:23',13195),(638,18,'Teruel','41801','2025-05-07 23:47:23','2025-05-07 23:47:23',13196),(639,18,'Timaná','41807','2025-05-07 23:47:23','2025-05-07 23:47:23',13198),(640,18,'Villavieja','41872','2025-05-07 23:47:23','2025-05-07 23:47:23',13199),(641,18,'Yaguará','41885','2025-05-07 23:47:23','2025-05-07 23:47:23',13200),(642,19,'Riohacha','44001','2025-05-07 23:47:23','2025-05-07 23:47:23',48428),(643,19,'Albania','44035','2025-05-07 23:47:23','2025-05-07 23:47:23',13364),(644,19,'Barrancas','44078','2025-05-07 23:47:23','2025-05-07 23:47:23',48419),(645,19,'Dibulla','44090','2025-05-07 23:47:23','2025-05-07 23:47:23',12573),(646,19,'Distracción','44098','2025-05-07 23:47:23','2025-05-07 23:47:23',12573),(647,19,'El Molino ','44110','2025-05-07 23:47:23','2025-05-07 23:47:23',12702),(648,19,'Fonseca','44279','2025-05-07 23:47:23','2025-05-07 23:47:23',13069),(649,19,'Hatonuevo','44378','2025-05-07 23:47:23','2025-05-07 23:47:23',12902),(650,19,'La Jagua Del Pilar','44420','2025-05-07 23:47:23','2025-05-07 23:47:23',12972),(651,19,'Maicao','44430','2025-05-07 23:47:23','2025-05-07 23:47:23',48426),(652,19,'Manaure','44560','2025-05-07 23:47:23','2025-05-07 23:47:23',12974),(653,19,'San Juan Del Cesar','44650','2025-05-07 23:47:23','2025-05-07 23:47:23',12626),(654,19,'Uribia','44847','2025-05-07 23:47:23','2025-05-07 23:47:23',48430),(655,19,'Urumita','44855','2025-05-07 23:47:23','2025-05-07 23:47:23',12647),(656,19,'Villanueva','44874','2025-05-07 23:47:23','2025-05-07 23:47:23',13448),(657,20,'Santa Marta ','47001','2025-05-07 23:47:23','2025-05-07 23:47:23',13226),(658,20,'Algarrobo','47030','2025-05-07 23:47:23','2025-05-07 23:47:23',13201),(659,20,'Aracataca','47053','2025-05-07 23:47:23','2025-05-07 23:47:23',13202),(660,20,'Ariguaní','47058','2025-05-07 23:47:23','2025-05-07 23:47:23',13203),(661,20,'Cerro De San Antonio','47161','2025-05-07 23:47:23','2025-05-07 23:47:23',13377),(662,20,'Chivolo','47170','2025-05-07 23:47:23','2025-05-07 23:47:23',13205),(663,20,'Ciénaga','47189','2025-05-07 23:47:23','2025-05-07 23:47:23',13206),(664,20,'Concordia','47205','2025-05-07 23:47:23','2025-05-07 23:47:23',13207),(665,20,'El Banco ','47245','2025-05-07 23:47:23','2025-05-07 23:47:23',13208),(666,20,'El Piñón ','47258','2025-05-07 23:47:23','2025-05-07 23:47:23',13209),(667,20,'El Retén ','47268','2025-05-07 23:47:23','2025-05-07 23:47:23',13210),(668,20,'Fundación','47288','2025-05-07 23:47:23','2025-05-07 23:47:23',13211),(669,20,'Guamal','47318','2025-05-07 23:47:23','2025-05-07 23:47:23',13242),(670,20,'Nueva Granada ','47460','2025-05-07 23:47:23','2025-05-07 23:47:23',13213),(671,20,'Pedraza','47541','2025-05-07 23:47:23','2025-05-07 23:47:23',13214),(672,20,'Pijiño Del Carmen','47545','2025-05-07 23:47:23','2025-05-07 23:47:23',13215),(673,20,'Pivijay','47551','2025-05-07 23:47:23','2025-05-07 23:47:23',13216),(674,20,'Plato','47555','2025-05-07 23:47:23','2025-05-07 23:47:23',13217),(675,20,'Puebloviejo','47570','2025-05-07 23:47:23','2025-05-07 23:47:23',13218),(676,20,'Remolino','47605','2025-05-07 23:47:23','2025-05-07 23:47:23',13219),(677,20,'Sabanas De San Ángel','47660','2025-05-07 23:47:23','2025-05-07 23:47:23',13220),(678,20,'Salamina','47675','2025-05-07 23:47:23','2025-05-07 23:47:23',13221),(679,20,'San Sebastián De Buenavista','47692','2025-05-07 23:47:23','2025-05-07 23:47:23',13222),(680,20,'San Zenón ','47703','2025-05-07 23:47:23','2025-05-07 23:47:23',13223),(681,20,'Santa Ana ','47707','2025-05-07 23:47:23','2025-05-07 23:47:23',13224),(682,20,'Santa Bárbara De Pinto','47720','2025-05-07 23:47:23','2025-05-07 23:47:23',13225),(683,20,'Sitionuevo','47745','2025-05-07 23:47:23','2025-05-07 23:47:23',13227),(684,20,'Tenerife','47798','2025-05-07 23:47:23','2025-05-07 23:47:23',13228),(685,20,'Zapayán','47960','2025-05-07 23:47:23','2025-05-07 23:47:23',13229),(686,20,'Zona Bananera ','47980','2025-05-07 23:47:23','2025-05-07 23:47:23',13230),(687,21,'Villavicencio','50001','2025-05-07 23:47:23','2025-05-07 23:47:23',13258),(688,21,'Acacías','50006','2025-05-07 23:47:23','2025-05-07 23:47:23',13231),(689,21,'Barranca De Upía','50110','2025-05-07 23:47:23','2025-05-07 23:47:23',13232),(690,21,'Cabuyaro','50124','2025-05-07 23:47:23','2025-05-07 23:47:23',13233),(691,21,'Castilla La Nueva','50150','2025-05-07 23:47:23','2025-05-07 23:47:23',13234),(692,21,'Cubarral','50223','2025-05-07 23:47:23','2025-05-07 23:47:23',13235),(693,21,'Cumaral','50226','2025-05-07 23:47:23','2025-05-07 23:47:23',13236),(694,21,'El Calvario ','50245','2025-05-07 23:47:23','2025-05-07 23:47:23',13237),(695,21,'El Castillo ','50251','2025-05-07 23:47:23','2025-05-07 23:47:23',13238),(696,21,'El Dorado ','50270','2025-05-07 23:47:23','2025-05-07 23:47:23',13239),(697,21,'Fuente De Oro','50287','2025-05-07 23:47:23','2025-05-07 23:47:23',13240),(698,21,'Granada','50313','2025-05-07 23:47:23','2025-05-07 23:47:23',13241),(699,21,'Guamal','50318','2025-05-07 23:47:23','2025-05-07 23:47:23',13242),(700,21,'Mapiripán','50325','2025-05-07 23:47:23','2025-05-07 23:47:23',13246),(701,21,'Mesetas','50330','2025-05-07 23:47:23','2025-05-07 23:47:23',13247),(702,21,'La Macarena ','50350','2025-05-07 23:47:23','2025-05-07 23:47:23',13243),(703,21,'Uribe','50370','2025-05-07 23:47:23','2025-05-07 23:47:23',12646),(704,21,'Lejanías','50400','2025-05-07 23:47:23','2025-05-07 23:47:23',13245),(705,21,'Puerto Concordia ','50450','2025-05-07 23:47:23','2025-05-07 23:47:23',13248),(706,21,'Puerto Gaitán ','50568','2025-05-07 23:47:23','2025-05-07 23:47:23',13249),(707,21,'Puerto López ','50573','2025-05-07 23:47:23','2025-05-07 23:47:23',13251),(708,21,'Puerto Lleras ','50577','2025-05-07 23:47:23','2025-05-07 23:47:23',13250),(709,21,'Puerto Rico ','50590','2025-05-07 23:47:23','2025-05-07 23:47:23',13252),(710,21,'Restrepo','50606','2025-05-07 23:47:23','2025-05-07 23:47:23',13253),(711,21,'San Carlos De Guaroa','50680','2025-05-07 23:47:23','2025-05-07 23:47:23',13254),(712,21,'San Juan De Arama','50683','2025-05-07 23:47:23','2025-05-07 23:47:23',13255),(713,21,'San Juanito ','50686','2025-05-07 23:47:23','2025-05-07 23:47:23',13256),(714,21,'San Martín ','50689','2025-05-07 23:47:23','2025-05-07 23:47:23',13257),(715,21,'Vistahermosa','50711','2025-05-07 23:47:23','2025-05-07 23:47:23',13259),(716,22,'Pasto','52001','2025-05-07 23:47:23','2025-05-07 23:47:23',13301),(717,22,'Albán','52019','2025-05-07 23:47:23','2025-05-07 23:47:23',13260),(718,22,'Aldana','52022','2025-05-07 23:47:23','2025-05-07 23:47:23',13261),(719,22,'Ancuyá','52036','2025-05-07 23:47:23','2025-05-07 23:47:23',13262),(720,22,'Arboleda','52051','2025-05-07 23:47:23','2025-05-07 23:47:23',13263),(721,22,'Barbacoas','52079','2025-05-07 23:47:23','2025-05-07 23:47:23',13264),(722,22,'Belén','52083','2025-05-07 23:47:23','2025-05-07 23:47:23',13265),(723,22,'Buesaco','52110','2025-05-07 23:47:23','2025-05-07 23:47:23',13266),(724,22,'Colón','52203','2025-05-07 23:47:23','2025-05-07 23:47:23',13324),(725,22,'Consacá','52207','2025-05-07 23:47:23','2025-05-07 23:47:23',13269),(726,22,'Contadero','52210','2025-05-07 23:47:23','2025-05-07 23:47:23',13270),(727,22,'Córdoba','52215','2025-05-07 23:47:23','2025-05-07 23:47:23',13341),(728,22,'Cuaspúd','52224','2025-05-07 23:47:23','2025-05-07 23:47:23',13272),(729,22,'Cumbal','52227','2025-05-07 23:47:23','2025-05-07 23:47:23',13273),(730,22,'Cumbitara','52233','2025-05-07 23:47:23','2025-05-07 23:47:23',13274),(731,22,'Chachagüí','52240','2025-05-07 23:47:23','2025-05-07 23:47:23',13267),(732,22,'El Charco ','52250','2025-05-07 23:47:23','2025-05-07 23:47:23',13275),(733,22,'El Peñol ','52254','2025-05-07 23:47:23','2025-05-07 23:47:23',13390),(734,22,'El Rosario ','52256','2025-05-07 23:47:23','2025-05-07 23:47:23',13277),(735,22,'El Tablón De Gómez','52258','2025-05-07 23:47:23','2025-05-07 23:47:23',13278),(736,22,'El Tambo ','52260','2025-05-07 23:47:23','2025-05-07 23:47:23',13279),(737,22,'Funes','52287','2025-05-07 23:47:23','2025-05-07 23:47:23',13280),(738,22,'Guachucal','52317','2025-05-07 23:47:23','2025-05-07 23:47:23',13281),(739,22,'Guaitarilla','52320','2025-05-07 23:47:23','2025-05-07 23:47:23',13282),(740,22,'Gualmatán','52323','2025-05-07 23:47:23','2025-05-07 23:47:23',13283),(741,22,'Iles','52352','2025-05-07 23:47:23','2025-05-07 23:47:23',13284),(742,22,'Imués','52354','2025-05-07 23:47:23','2025-05-07 23:47:23',13285),(743,22,'Ipiales','52356','2025-05-07 23:47:23','2025-05-07 23:47:23',13286),(744,22,'La Cruz ','52378','2025-05-07 23:47:23','2025-05-07 23:47:23',13287),(745,22,'La Florida ','52381','2025-05-07 23:47:23','2025-05-07 23:47:23',13288),(746,22,'La Llanada ','52385','2025-05-07 23:47:23','2025-05-07 23:47:23',13289),(747,22,'La Tola ','52390','2025-05-07 23:47:23','2025-05-07 23:47:23',13290),(748,22,'La Unión ','52399','2025-05-07 23:47:23','2025-05-07 23:47:23',13458),(749,22,'Leiva','52405','2025-05-07 23:47:23','2025-05-07 23:47:23',13292),(750,22,'Linares','52411','2025-05-07 23:47:23','2025-05-07 23:47:23',13293),(751,22,'Los Andes ','52418','2025-05-07 23:47:23','2025-05-07 23:47:23',13294),(752,22,'Magüí','52427','2025-05-07 23:47:23','2025-05-07 23:47:23',13295),(753,22,'Mallama','52435','2025-05-07 23:47:23','2025-05-07 23:47:23',13296),(754,22,'Mosquera','52473','2025-05-07 23:47:23','2025-05-07 23:47:23',13297),(755,22,'Nariño','52480','2025-05-07 23:47:23','2025-05-07 23:47:23',13298),(756,22,'Olaya Herrera ','52490','2025-05-07 23:47:23','2025-05-07 23:47:23',13299),(757,22,'Ospina','52506','2025-05-07 23:47:23','2025-05-07 23:47:23',13300),(758,22,'Francisco Pizarro ','52520','2025-05-07 23:47:23','2025-05-07 23:47:23',13070),(759,22,'Policarpa','52540','2025-05-07 23:47:23','2025-05-07 23:47:23',13303),(760,22,'Potosí','52560','2025-05-07 23:47:23','2025-05-07 23:47:23',13304),(761,22,'Providencia','52565','2025-05-07 23:47:23','2025-05-07 23:47:23',13305),(762,22,'Puerres','52573','2025-05-07 23:47:23','2025-05-07 23:47:23',13306),(763,22,'Pupiales','52585','2025-05-07 23:47:23','2025-05-07 23:47:23',13307),(764,22,'Ricaurte','52612','2025-05-07 23:47:23','2025-05-07 23:47:23',13308),(765,22,'Roberto Payán ','52621','2025-05-07 23:47:23','2025-05-07 23:47:23',13309),(766,22,'Samaniego','52678','2025-05-07 23:47:23','2025-05-07 23:47:23',13310),(767,22,'Sandoná','52683','2025-05-07 23:47:23','2025-05-07 23:47:23',13315),(768,22,'San Bernardo ','52685','2025-05-07 23:47:23','2025-05-07 23:47:23',13311),(769,22,'San Lorenzo ','52687','2025-05-07 23:47:23','2025-05-07 23:47:23',13312),(770,22,'San Pablo ','52693','2025-05-07 23:47:23','2025-05-07 23:47:23',13313),(771,22,'San Pedro De Cartago','52694','2025-05-07 23:47:23','2025-05-07 23:47:23',13314),(772,22,'Santa Bárbara ','52696','2025-05-07 23:47:23','2025-05-07 23:47:23',13437),(773,22,'Santacruz','52699','2025-05-07 23:47:23','2025-05-07 23:47:23',13317),(774,22,'Sapuyes','52720','2025-05-07 23:47:23','2025-05-07 23:47:23',13318),(775,22,'Taminango','52786','2025-05-07 23:47:23','2025-05-07 23:47:23',13319),(776,22,'Tangua','52788','2025-05-07 23:47:23','2025-05-07 23:47:23',13320),(777,22,'San Andrés De Tumaco','52835','2025-05-07 23:47:23','2025-05-07 23:47:23',13430),(778,22,'Túquerres','52838','2025-05-07 23:47:23','2025-05-07 23:47:23',13322),(779,22,'Yacuanquer','52885','2025-05-07 23:47:23','2025-05-07 23:47:23',13323),(780,23,'San José De Cúcuta','54001','2025-05-07 23:47:23','2025-05-07 23:47:23',48390),(781,23,'Ábrego','54003','2025-05-07 23:47:23','2025-05-07 23:47:23',48359),(782,23,'Arboledas','54051','2025-05-07 23:47:23','2025-05-07 23:47:23',13263),(783,23,'Bochalema','54099','2025-05-07 23:47:23','2025-05-07 23:47:23',12740),(784,23,'Bucarasica','54109','2025-05-07 23:47:23','2025-05-07 23:47:23',13371),(785,23,'Cácota','54125','2025-05-07 23:47:23','2025-05-07 23:47:23',13052),(786,23,'Cáchira','54128','2025-05-07 23:47:23','2025-05-07 23:47:23',13052),(787,23,'Chinácota','54172','2025-05-07 23:47:23','2025-05-07 23:47:23',12965),(788,23,'Chitagá','54174','2025-05-07 23:47:23','2025-05-07 23:47:23',12752),(789,23,'Convención','54206','2025-05-07 23:47:23','2025-05-07 23:47:23',13385),(790,23,'Cucutilla','54223','2025-05-07 23:47:23','2025-05-07 23:47:23',48368),(791,23,'Durania','54239','2025-05-07 23:47:23','2025-05-07 23:47:23',12764),(792,23,'El Carmen ','54245','2025-05-07 23:47:23','2025-05-07 23:47:23',13388),(793,23,'El Tarra ','54250','2025-05-07 23:47:23','2025-05-07 23:47:23',13279),(794,23,'El Zulia ','54261','2025-05-07 23:47:23','2025-05-07 23:47:23',13279),(795,23,'Gramalote','54313','2025-05-07 23:47:23','2025-05-07 23:47:23',12971),(796,23,'Hacarí','54344','2025-05-07 23:47:23','2025-05-07 23:47:23',13087),(797,23,'Herrán','54347','2025-05-07 23:47:23','2025-05-07 23:47:23',12588),(798,23,'Labateca','54377','2025-05-07 23:47:23','2025-05-07 23:47:23',13355),(799,23,'La Esperanza ','54385','2025-05-07 23:47:23','2025-05-07 23:47:23',12863),(800,23,'La Playa ','54398','2025-05-07 23:47:23','2025-05-07 23:47:23',13180),(801,23,'Los Patios ','54405','2025-05-07 23:47:23','2025-05-07 23:47:23',13459),(802,23,'Lourdes','54418','2025-05-07 23:47:23','2025-05-07 23:47:23',13411),(803,23,'Mutiscua','54480','2025-05-07 23:47:23','2025-05-07 23:47:23',12604),(804,23,'Ocaña','54498','2025-05-07 23:47:23','2025-05-07 23:47:23',48382),(805,23,'Pamplona','54518','2025-05-07 23:47:23','2025-05-07 23:47:23',13505),(806,23,'Pamplonita','54520','2025-05-07 23:47:23','2025-05-07 23:47:23',13505),(807,23,'Puerto Santander ','54553','2025-05-07 23:47:23','2025-05-07 23:47:23',13112),(808,23,'Ragonvalia','54599','2025-05-07 23:47:23','2025-05-07 23:47:23',13117),(809,23,'Salazar','54660','2025-05-07 23:47:23','2025-05-07 23:47:23',13221),(810,23,'San Calixto ','54670','2025-05-07 23:47:23','2025-05-07 23:47:23',13038),(811,23,'San Cayetano ','54673','2025-05-07 23:47:23','2025-05-07 23:47:23',13121),(812,23,'Santiago','54680','2025-05-07 23:47:23','2025-05-07 23:47:23',13333),(813,23,'Sardinata','54720','2025-05-07 23:47:23','2025-05-07 23:47:23',12663),(814,23,'Silos','54743','2025-05-07 23:47:23','2025-05-07 23:47:23',13334),(815,23,'Teorama','54800','2025-05-07 23:47:23','2025-05-07 23:47:23',12839),(816,23,'Tibú','54810','2025-05-07 23:47:23','2025-05-07 23:47:23',13141),(817,23,'Toledo','54820','2025-05-07 23:47:23','2025-05-07 23:47:23',12644),(818,23,'Villa Caro ','54871','2025-05-07 23:47:23','2025-05-07 23:47:23',12652),(819,23,'Villa Del Rosario','54874','2025-05-07 23:47:23','2025-05-07 23:47:23',12652),(820,25,'Armenia','63001','2025-05-07 23:47:23','2025-05-07 23:47:23',13337),(821,25,'Buenavista','63111','2025-05-07 23:47:23','2025-05-07 23:47:23',13450),(822,25,'Calarcá','63130','2025-05-07 23:47:23','2025-05-07 23:47:23',13339),(823,25,'Circasia','63190','2025-05-07 23:47:23','2025-05-07 23:47:23',13340),(824,25,'Córdoba','63212','2025-05-07 23:47:23','2025-05-07 23:47:23',13341),(825,25,'Filandia','63272','2025-05-07 23:47:23','2025-05-07 23:47:23',13342),(826,25,'Génova','63302','2025-05-07 23:47:23','2025-05-07 23:47:23',13343),(827,25,'La Tebaida ','63401','2025-05-07 23:47:23','2025-05-07 23:47:23',13344),(828,25,'Montenegro','63470','2025-05-07 23:47:23','2025-05-07 23:47:23',13345),(829,25,'Pijao','63548','2025-05-07 23:47:23','2025-05-07 23:47:23',13346),(830,25,'Quimbaya','63594','2025-05-07 23:47:23','2025-05-07 23:47:23',13347),(831,25,'Salento','63690','2025-05-07 23:47:23','2025-05-07 23:47:23',13348),(832,26,'Pereira','66001','2025-05-07 23:47:23','2025-05-07 23:47:23',13358),(833,26,'Apía','66045','2025-05-07 23:47:23','2025-05-07 23:47:23',13349),(834,26,'Balboa','66075','2025-05-07 23:47:23','2025-05-07 23:47:23',13350),(835,26,'Belén De Umbría','66088','2025-05-07 23:47:23','2025-05-07 23:47:23',13351),(836,26,'Dosquebradas','66170','2025-05-07 23:47:23','2025-05-07 23:47:23',13352),(837,26,'Guática','66318','2025-05-07 23:47:23','2025-05-07 23:47:23',13353),(838,26,'La Celia ','66383','2025-05-07 23:47:23','2025-05-07 23:47:23',13354),(839,26,'La Virginia ','66400','2025-05-07 23:47:23','2025-05-07 23:47:23',13355),(840,26,'Marsella','66440','2025-05-07 23:47:23','2025-05-07 23:47:23',13356),(841,26,'Mistrató','66456','2025-05-07 23:47:23','2025-05-07 23:47:23',13357),(842,26,'Pueblo Rico ','66572','2025-05-07 23:47:23','2025-05-07 23:47:23',13359),(843,26,'Quinchía','66594','2025-05-07 23:47:23','2025-05-07 23:47:23',13360),(844,26,'Santa Rosa De Cabal','66682','2025-05-07 23:47:23','2025-05-07 23:47:23',13361),(845,26,'Santuario','66687','2025-05-07 23:47:23','2025-05-07 23:47:23',13362),(846,28,'Bucaramanga','68001','2025-05-07 23:47:23','2025-05-07 23:47:23',13371),(847,28,'Aguada','68013','2025-05-07 23:47:23','2025-05-07 23:47:23',13363),(848,28,'Albania','68020','2025-05-07 23:47:23','2025-05-07 23:47:23',13364),(849,28,'Aratoca','68051','2025-05-07 23:47:23','2025-05-07 23:47:23',13365),(850,28,'Barbosa','68077','2025-05-07 23:47:23','2025-05-07 23:47:23',13366),(851,28,'Barichara','68079','2025-05-07 23:47:23','2025-05-07 23:47:23',13367),(852,28,'Barrancabermeja','68081','2025-05-07 23:47:23','2025-05-07 23:47:23',13368),(853,28,'Betulia','68092','2025-05-07 23:47:23','2025-05-07 23:47:23',13369),(854,28,'Bolívar','68101','2025-05-07 23:47:23','2025-05-07 23:47:23',13370),(855,28,'Cabrera','68121','2025-05-07 23:47:23','2025-05-07 23:47:23',13372),(856,28,'California','68132','2025-05-07 23:47:23','2025-05-07 23:47:23',13373),(857,28,'Capitanejo','68147','2025-05-07 23:47:23','2025-05-07 23:47:23',13374),(858,28,'Carcasí','68152','2025-05-07 23:47:23','2025-05-07 23:47:23',13375),(859,28,'Cepitá','68160','2025-05-07 23:47:23','2025-05-07 23:47:23',13376),(860,28,'Cerrito','68162','2025-05-07 23:47:23','2025-05-07 23:47:23',13377),(861,28,'Charalá','68167','2025-05-07 23:47:23','2025-05-07 23:47:23',13378),(862,28,'Charta','68169','2025-05-07 23:47:23','2025-05-07 23:47:23',13379),(863,28,'Chima','68176','2025-05-07 23:47:23','2025-05-07 23:47:23',13380),(864,28,'Chipatá','68179','2025-05-07 23:47:23','2025-05-07 23:47:23',13381),(865,28,'Cimitarra','68190','2025-05-07 23:47:23','2025-05-07 23:47:23',13382),(866,28,'Concepción','68207','2025-05-07 23:47:23','2025-05-07 23:47:23',13383),(867,28,'Confines','68209','2025-05-07 23:47:23','2025-05-07 23:47:23',13384),(868,28,'Contratación','68211','2025-05-07 23:47:23','2025-05-07 23:47:23',13385),(869,28,'Coromoro','68217','2025-05-07 23:47:23','2025-05-07 23:47:23',13386),(870,28,'Curití','68229','2025-05-07 23:47:23','2025-05-07 23:47:23',13387),(871,28,'El Carmen De Chucurí','68235','2025-05-07 23:47:23','2025-05-07 23:47:23',12701),(872,28,'El Guacamayo ','68245','2025-05-07 23:47:23','2025-05-07 23:47:23',13389),(873,28,'El Peñón ','68250','2025-05-07 23:47:23','2025-05-07 23:47:23',13390),(874,28,'El Playón ','68255','2025-05-07 23:47:23','2025-05-07 23:47:23',13391),(875,28,'Encino','68264','2025-05-07 23:47:23','2025-05-07 23:47:23',13392),(876,28,'Enciso','68266','2025-05-07 23:47:23','2025-05-07 23:47:23',13393),(877,28,'Florián','68271','2025-05-07 23:47:23','2025-05-07 23:47:23',13394),(878,28,'Floridablanca','68276','2025-05-07 23:47:23','2025-05-07 23:47:23',13395),(879,28,'Galán','68296','2025-05-07 23:47:23','2025-05-07 23:47:23',13396),(880,28,'Gámbita','68298','2025-05-07 23:47:23','2025-05-07 23:47:23',13397),(881,28,'Girón','68307','2025-05-07 23:47:23','2025-05-07 23:47:23',13398),(882,28,'Guaca','68318','2025-05-07 23:47:23','2025-05-07 23:47:23',13399),(883,28,'Guadalupe','68320','2025-05-07 23:47:23','2025-05-07 23:47:23',13400),(884,28,'Guapotá','68322','2025-05-07 23:47:23','2025-05-07 23:47:23',13401),(885,28,'Guavatá','68324','2025-05-07 23:47:23','2025-05-07 23:47:23',13402),(886,28,'Güepsa','68327','2025-05-07 23:47:23','2025-05-07 23:47:23',13403),(887,28,'Hato','68344','2025-05-07 23:47:23','2025-05-07 23:47:23',13404),(888,28,'Jesús María ','68368','2025-05-07 23:47:23','2025-05-07 23:47:23',13405),(889,28,'Jordán','68370','2025-05-07 23:47:23','2025-05-07 23:47:23',13406),(890,28,'La Belleza ','68377','2025-05-07 23:47:23','2025-05-07 23:47:23',13407),(891,28,'Landázuri','68385','2025-05-07 23:47:23','2025-05-07 23:47:23',13409),(892,28,'La Paz ','68397','2025-05-07 23:47:23','2025-05-07 23:47:23',13408),(893,28,'Lebrija','68406','2025-05-07 23:47:23','2025-05-07 23:47:23',13410),(894,28,'Los Santos ','68418','2025-05-07 23:47:23','2025-05-07 23:47:23',13411),(895,28,'Macaravita','68425','2025-05-07 23:47:23','2025-05-07 23:47:23',13412),(896,28,'Málaga','68432','2025-05-07 23:47:23','2025-05-07 23:47:23',13413),(897,28,'Matanza','68444','2025-05-07 23:47:23','2025-05-07 23:47:23',13414),(898,28,'Mogotes','68464','2025-05-07 23:47:23','2025-05-07 23:47:23',13415),(899,28,'Molagavita','68468','2025-05-07 23:47:23','2025-05-07 23:47:23',13416),(900,28,'Ocamonte','68498','2025-05-07 23:47:23','2025-05-07 23:47:23',13417),(901,28,'Oiba','68500','2025-05-07 23:47:23','2025-05-07 23:47:23',13418),(902,28,'Onzaga','68502','2025-05-07 23:47:23','2025-05-07 23:47:23',13419),(903,28,'Palmar','68522','2025-05-07 23:47:23','2025-05-07 23:47:23',13420),(904,28,'Palmas Del Socorro','68524','2025-05-07 23:47:23','2025-05-07 23:47:23',13421),(905,28,'Páramo','68533','2025-05-07 23:47:23','2025-05-07 23:47:23',13422),(906,28,'Piedecuesta','68547','2025-05-07 23:47:23','2025-05-07 23:47:23',13423),(907,28,'Pinchote','68549','2025-05-07 23:47:23','2025-05-07 23:47:23',13424),(908,28,'Puente Nacional ','68572','2025-05-07 23:47:23','2025-05-07 23:47:23',13425),(909,28,'Puerto Parra ','68573','2025-05-07 23:47:23','2025-05-07 23:47:23',13426),(910,28,'Puerto Wilches ','68575','2025-05-07 23:47:23','2025-05-07 23:47:23',13427),(911,28,'Rionegro','68615','2025-05-07 23:47:23','2025-05-07 23:47:23',13428),(912,28,'Sabana De Torres','68655','2025-05-07 23:47:23','2025-05-07 23:47:23',13429),(913,28,'San Andrés ','68669','2025-05-07 23:47:23','2025-05-07 23:47:23',13430),(914,28,'San Benito ','68673','2025-05-07 23:47:23','2025-05-07 23:47:23',13431),(915,28,'San Gil ','68679','2025-05-07 23:47:23','2025-05-07 23:47:23',13432),(916,28,'San Joaquín ','68682','2025-05-07 23:47:23','2025-05-07 23:47:23',13433),(917,28,'San José De Miranda','68684','2025-05-07 23:47:23','2025-05-07 23:47:23',13434),(918,28,'San Miguel ','68686','2025-05-07 23:47:23','2025-05-07 23:47:23',13435),(919,28,'San Vicente De Chucurí','68689','2025-05-07 23:47:23','2025-05-07 23:47:23',13436),(920,28,'Santa Bárbara ','68705','2025-05-07 23:47:23','2025-05-07 23:47:23',13437),(921,28,'Santa Helena Del Opón','68720','2025-05-07 23:47:23','2025-05-07 23:47:23',13438),(922,28,'Simacota','68745','2025-05-07 23:47:23','2025-05-07 23:47:23',13439),(923,28,'Socorro','68755','2025-05-07 23:47:23','2025-05-07 23:47:23',13440),(924,28,'Suaita','68770','2025-05-07 23:47:23','2025-05-07 23:47:23',13441),(925,28,'Sucre','68773','2025-05-07 23:47:23','2025-05-07 23:47:23',13472),(926,28,'Suratá','68780','2025-05-07 23:47:23','2025-05-07 23:47:23',13443),(927,28,'Tona','68820','2025-05-07 23:47:23','2025-05-07 23:47:23',13444),(928,28,'Valle De San José','68855','2025-05-07 23:47:23','2025-05-07 23:47:23',13042),(929,28,'Vélez','68861','2025-05-07 23:47:23','2025-05-07 23:47:23',13446),(930,28,'Vetas','68867','2025-05-07 23:47:23','2025-05-07 23:47:23',13447),(931,28,'Villanueva','68872','2025-05-07 23:47:23','2025-05-07 23:47:23',13448),(932,28,'Zapatoca','68895','2025-05-07 23:47:23','2025-05-07 23:47:23',13449),(933,29,'Sincelejo','70001','2025-05-07 23:47:23','2025-05-07 23:47:23',13471),(934,29,'Buenavista','70110','2025-05-07 23:47:23','2025-05-07 23:47:23',13450),(935,29,'Caimito','70124','2025-05-07 23:47:23','2025-05-07 23:47:23',13451),(936,29,'Colosó','70204','2025-05-07 23:47:23','2025-05-07 23:47:23',13453),(937,29,'Corozal','70215','2025-05-07 23:47:23','2025-05-07 23:47:23',13454),(938,29,'Coveñas','70221','2025-05-07 23:47:23','2025-05-07 23:47:23',48435),(939,29,'Chalán','70230','2025-05-07 23:47:23','2025-05-07 23:47:23',13452),(940,29,'El Roble ','70233','2025-05-07 23:47:23','2025-05-07 23:47:23',13455),(941,29,'Galeras','70235','2025-05-07 23:47:23','2025-05-07 23:47:23',13456),(942,29,'Guaranda','70265','2025-05-07 23:47:23','2025-05-07 23:47:23',13457),(943,29,'La Unión ','70400','2025-05-07 23:47:23','2025-05-07 23:47:23',13458),(944,29,'Los Palmitos ','70418','2025-05-07 23:47:23','2025-05-07 23:47:23',13459),(945,29,'Majagual','70429','2025-05-07 23:47:23','2025-05-07 23:47:23',13460),(946,29,'Morroa','70473','2025-05-07 23:47:23','2025-05-07 23:47:23',13461),(947,29,'Ovejas','70508','2025-05-07 23:47:23','2025-05-07 23:47:23',13462),(948,29,'Palmito','70523','2025-05-07 23:47:23','2025-05-07 23:47:23',13463),(949,29,'Sampués','70670','2025-05-07 23:47:23','2025-05-07 23:47:23',13464),(950,29,'San Benito Abad','70678','2025-05-07 23:47:23','2025-05-07 23:47:23',13465),(951,29,'San Juan De Betulia','70702','2025-05-07 23:47:23','2025-05-07 23:47:23',13466),(952,29,'San Marcos ','70708','2025-05-07 23:47:23','2025-05-07 23:47:23',13467),(953,29,'San Onofre ','70713','2025-05-07 23:47:23','2025-05-07 23:47:23',13468),(954,29,'San Pedro ','70717','2025-05-07 23:47:23','2025-05-07 23:47:23',13469),(955,29,'San Luis De Sincé','70742','2025-05-07 23:47:23','2025-05-07 23:47:23',48442),(956,29,'Sucre','70771','2025-05-07 23:47:23','2025-05-07 23:47:23',13472),(957,29,'Santiago De Tolú','70820','2025-05-07 23:47:23','2025-05-07 23:47:23',13333),(958,29,'Tolú Viejo ','70823','2025-05-07 23:47:23','2025-05-07 23:47:23',13473),(959,30,'Ibagué','73001','2025-05-07 23:47:23','2025-05-07 23:47:23',13496),(960,30,'Alpujarra','73024','2025-05-07 23:47:23','2025-05-07 23:47:23',13475),(961,30,'Alvarado','73026','2025-05-07 23:47:23','2025-05-07 23:47:23',13476),(962,30,'Ambalema','73030','2025-05-07 23:47:23','2025-05-07 23:47:23',13477),(963,30,'Anzoátegui','73043','2025-05-07 23:47:23','2025-05-07 23:47:23',13478),(964,30,'Armero','73055','2025-05-07 23:47:23','2025-05-07 23:47:23',13337),(965,30,'Ataco','73067','2025-05-07 23:47:23','2025-05-07 23:47:23',13479),(966,30,'Cajamarca','73124','2025-05-07 23:47:23','2025-05-07 23:47:23',13480),(967,30,'Carmen De Apicalá','73148','2025-05-07 23:47:23','2025-05-07 23:47:23',13481),(968,30,'Casabianca','73152','2025-05-07 23:47:23','2025-05-07 23:47:23',13482),(969,30,'Chaparral','73168','2025-05-07 23:47:23','2025-05-07 23:47:23',13483),(970,30,'Coello','73200','2025-05-07 23:47:23','2025-05-07 23:47:23',13484),(971,30,'Coyaima','73217','2025-05-07 23:47:23','2025-05-07 23:47:23',13485),(972,30,'Cunday','73226','2025-05-07 23:47:23','2025-05-07 23:47:23',13486),(973,30,'Dolores','73236','2025-05-07 23:47:23','2025-05-07 23:47:23',13487),(974,30,'Espinal','73268','2025-05-07 23:47:23','2025-05-07 23:47:23',13488),(975,30,'Falan','73270','2025-05-07 23:47:23','2025-05-07 23:47:23',13489),(976,30,'Flandes','73275','2025-05-07 23:47:23','2025-05-07 23:47:23',13490),(977,30,'Fresno','73283','2025-05-07 23:47:23','2025-05-07 23:47:23',13491),(978,30,'Guamo','73319','2025-05-07 23:47:23','2025-05-07 23:47:23',13492),(979,30,'Herveo','73347','2025-05-07 23:47:23','2025-05-07 23:47:23',13494),(980,30,'Honda','73349','2025-05-07 23:47:23','2025-05-07 23:47:23',13495),(981,30,'Icononzo','73352','2025-05-07 23:47:23','2025-05-07 23:47:23',13497),(982,30,'Lérida','73408','2025-05-07 23:47:23','2025-05-07 23:47:23',13498),(983,30,'Líbano','73411','2025-05-07 23:47:23','2025-05-07 23:47:23',13499),(984,30,'San Sebastián De Mariquita','73443','2025-05-07 23:47:23','2025-05-07 23:47:23',13222),(985,30,'Melgar','73449','2025-05-07 23:47:23','2025-05-07 23:47:23',13501),(986,30,'Murillo','73461','2025-05-07 23:47:23','2025-05-07 23:47:23',13502),(987,30,'Natagaima','73483','2025-05-07 23:47:23','2025-05-07 23:47:23',13503),(988,30,'Ortega','73504','2025-05-07 23:47:23','2025-05-07 23:47:23',13504),(989,30,'Palocabildo','73520','2025-05-07 23:47:23','2025-05-07 23:47:23',13505),(990,30,'Piedras','73547','2025-05-07 23:47:23','2025-05-07 23:47:23',13506),(991,30,'Planadas','73555','2025-05-07 23:47:23','2025-05-07 23:47:23',13507),(992,30,'Prado','73563','2025-05-07 23:47:23','2025-05-07 23:47:23',13508),(993,30,'Purificación','73585','2025-05-07 23:47:23','2025-05-07 23:47:23',13509),(994,30,'Rioblanco','73616','2025-05-07 23:47:23','2025-05-07 23:47:23',13510),(995,30,'Roncesvalles','73622','2025-05-07 23:47:23','2025-05-07 23:47:23',13511),(996,30,'Rovira','73624','2025-05-07 23:47:23','2025-05-07 23:47:23',13512),(997,30,'Saldaña','73671','2025-05-07 23:47:23','2025-05-07 23:47:23',13513),(998,30,'San Antonio ','73675','2025-05-07 23:47:23','2025-05-07 23:47:23',13514),(999,30,'San Luis ','73678','2025-05-07 23:47:23','2025-05-07 23:47:23',13515),(1000,30,'Santa Isabel ','73686','2025-05-07 23:47:23','2025-05-07 23:47:23',13516),(1001,30,'Suárez','73770','2025-05-07 23:47:23','2025-05-07 23:47:23',13517),(1002,30,'Valle De San Juan','73854','2025-05-07 23:47:23','2025-05-07 23:47:23',13518),(1003,30,'Venadillo','73861','2025-05-07 23:47:23','2025-05-07 23:47:23',13519),(1004,30,'Villahermosa','73870','2025-05-07 23:47:23','2025-05-07 23:47:23',13520),(1005,30,'Villarrica','73873','2025-05-07 23:47:23','2025-05-07 23:47:23',13521),(1006,31,'Cali','76001','2025-05-07 23:47:23','2025-05-07 23:47:23',48324),(1007,31,'Alcalá','76020','2025-05-07 23:47:23','2025-05-07 23:47:23',13364),(1008,31,'Andalucía','76036','2025-05-07 23:47:23','2025-05-07 23:47:23',13262),(1009,31,'Ansermanuevo','76041','2025-05-07 23:47:23','2025-05-07 23:47:23',12858),(1010,31,'Argelia','76054','2025-05-07 23:47:23','2025-05-07 23:47:23',12920),(1011,31,'Bolívar','76100','2025-05-07 23:47:23','2025-05-07 23:47:23',13370),(1012,31,'Buenaventura','76109','2025-05-07 23:47:23','2025-05-07 23:47:23',13371),(1013,31,'Guadalajara De Buga','76111','2025-05-07 23:47:23','2025-05-07 23:47:23',48321),(1014,31,'Bugalagrande','76113','2025-05-07 23:47:23','2025-05-07 23:47:23',48322),(1015,31,'Caicedonia','76122','2025-05-07 23:47:23','2025-05-07 23:47:23',48323),(1016,31,'Calima','76126','2025-05-07 23:47:23','2025-05-07 23:47:23',48325),(1017,31,'Candelaria','76130','2025-05-07 23:47:23','2025-05-07 23:47:23',12668),(1018,31,'Cartago','76147','2025-05-07 23:47:23','2025-05-07 23:47:23',12886),(1019,31,'Dagua','76233','2025-05-07 23:47:23','2025-05-07 23:47:23',12573),(1020,31,'El Águila ','76243','2025-05-07 23:47:23','2025-05-07 23:47:23',12575),(1021,31,'El Cairo ','76246','2025-05-07 23:47:23','2025-05-07 23:47:23',12928),(1022,31,'El Cerrito ','76248','2025-05-07 23:47:23','2025-05-07 23:47:23',48331),(1023,31,'El Dovio ','76250','2025-05-07 23:47:23','2025-05-07 23:47:23',13239),(1024,31,'Florida','76275','2025-05-07 23:47:23','2025-05-07 23:47:23',13394),(1025,31,'Ginebra','76306','2025-05-07 23:47:23','2025-05-07 23:47:23',13174),(1026,31,'Guacarí','76318','2025-05-07 23:47:23','2025-05-07 23:47:23',12772),(1027,31,'Jamundí','76364','2025-05-07 23:47:23','2025-05-07 23:47:23',12933),(1028,31,'La Cumbre ','76377','2025-05-07 23:47:23','2025-05-07 23:47:23',13287),(1029,31,'La Unión ','76400','2025-05-07 23:47:23','2025-05-07 23:47:23',13458),(1030,31,'La Victoria ','76403','2025-05-07 23:47:23','2025-05-07 23:47:23',12781),(1031,31,'Obando','76497','2025-05-07 23:47:23','2025-05-07 23:47:23',13005),(1032,31,'Palmira','76520','2025-05-07 23:47:23','2025-05-07 23:47:23',13421),(1033,31,'Pradera','76563','2025-05-07 23:47:23','2025-05-07 23:47:23',13304),(1034,31,'Restrepo','76606','2025-05-07 23:47:23','2025-05-07 23:47:23',13253),(1035,31,'Riofrío','76616','2025-05-07 23:47:23','2025-05-07 23:47:23',13510),(1036,31,'Roldanillo','76622','2025-05-07 23:47:23','2025-05-07 23:47:23',12979),(1037,31,'San Pedro ','76670','2025-05-07 23:47:23','2025-05-07 23:47:23',13469),(1038,31,'Sevilla','76736','2025-05-07 23:47:23','2025-05-07 23:47:23',13125),(1039,31,'Toro','76823','2025-05-07 23:47:23','2025-05-07 23:47:23',12957),(1040,31,'Trujillo','76828','2025-05-07 23:47:23','2025-05-07 23:47:23',12916),(1041,31,'Tuluá','76834','2025-05-07 23:47:23','2025-05-07 23:47:23',12686),(1042,31,'Ulloa','76845','2025-05-07 23:47:23','2025-05-07 23:47:23',13147),(1043,31,'Versalles','76863','2025-05-07 23:47:23','2025-05-07 23:47:23',13150),(1044,31,'Vijes','76869','2025-05-07 23:47:23','2025-05-07 23:47:23',12652),(1045,31,'Yotoco','76890','2025-05-07 23:47:23','2025-05-07 23:47:23',12918),(1046,31,'Yumbo','76892','2025-05-07 23:47:23','2025-05-07 23:47:23',48355),(1047,31,'Zarzal','76895','2025-05-07 23:47:23','2025-05-07 23:47:23',48356),(1048,3,'Arauca','81001','2025-05-07 23:47:23','2025-05-07 23:47:23',12658),(1049,3,'Arauquita','81065','2025-05-07 23:47:23','2025-05-07 23:47:23',12659),(1050,3,'Cravo Norte ','81220','2025-05-07 23:47:23','2025-05-07 23:47:23',12660),(1051,3,'Fortul','81300','2025-05-07 23:47:23','2025-05-07 23:47:23',12661),(1052,3,'Puerto Rondón ','81591','2025-05-07 23:47:23','2025-05-07 23:47:23',12662),(1053,3,'Saravena','81736','2025-05-07 23:47:23','2025-05-07 23:47:23',12663),(1054,3,'Tame','81794','2025-05-07 23:47:23','2025-05-07 23:47:23',12664),(1055,10,'Yopal','85001','2025-05-07 23:47:23','2025-05-07 23:47:23',12918),(1056,10,'Aguazul','85010','2025-05-07 23:47:23','2025-05-07 23:47:23',12900),(1057,10,'Chámeza','85015','2025-05-07 23:47:23','2025-05-07 23:47:23',12901),(1058,10,'Hato Corozal ','85125','2025-05-07 23:47:23','2025-05-07 23:47:23',12902),(1059,10,'La Salina ','85136','2025-05-07 23:47:23','2025-05-07 23:47:23',12903),(1060,10,'Maní','85139','2025-05-07 23:47:23','2025-05-07 23:47:23',12904),(1061,10,'Monterrey','85162','2025-05-07 23:47:23','2025-05-07 23:47:23',12905),(1062,10,'Nunchía','85225','2025-05-07 23:47:23','2025-05-07 23:47:23',12906),(1063,10,'Orocué','85230','2025-05-07 23:47:23','2025-05-07 23:47:23',12907),(1064,10,'Paz De Ariporo','85250','2025-05-07 23:47:23','2025-05-07 23:47:23',12908),(1065,10,'Pore','85263','2025-05-07 23:47:23','2025-05-07 23:47:23',12909),(1066,10,'Recetor','85279','2025-05-07 23:47:23','2025-05-07 23:47:23',12910),(1067,10,'Sabanalarga','85300','2025-05-07 23:47:23','2025-05-07 23:47:23',12911),(1068,10,'Sácama','85315','2025-05-07 23:47:23','2025-05-07 23:47:23',12912),(1069,10,'San Luis De Palenque','85325','2025-05-07 23:47:23','2025-05-07 23:47:23',12913),(1070,10,'Támara','85400','2025-05-07 23:47:23','2025-05-07 23:47:23',12914),(1071,10,'Tauramena','85410','2025-05-07 23:47:23','2025-05-07 23:47:23',12915),(1072,10,'Trinidad','85430','2025-05-07 23:47:23','2025-05-07 23:47:23',12916),(1073,10,'Villanueva','85440','2025-05-07 23:47:23','2025-05-07 23:47:23',13448),(1074,24,'Mocoa','86001','2025-05-07 23:47:23','2025-05-07 23:47:23',13325),(1075,24,'Colón','86219','2025-05-07 23:47:23','2025-05-07 23:47:23',13324),(1076,24,'Orito','86320','2025-05-07 23:47:23','2025-05-07 23:47:23',13326),(1077,24,'Puerto Asís ','86568','2025-05-07 23:47:23','2025-05-07 23:47:23',13327),(1078,24,'Puerto Caicedo ','86569','2025-05-07 23:47:23','2025-05-07 23:47:23',12806),(1079,24,'Puerto Guzmán ','86571','2025-05-07 23:47:23','2025-05-07 23:47:23',13329),(1080,24,'Puerto Leguízamo ','86573','2025-05-07 23:47:23','2025-05-07 23:47:23',13330),(1081,24,'Sibundoy','86749','2025-05-07 23:47:23','2025-05-07 23:47:23',13334),(1082,24,'San Francisco ','86755','2025-05-07 23:47:23','2025-05-07 23:47:23',13331),(1083,24,'San Miguel ','86757','2025-05-07 23:47:23','2025-05-07 23:47:23',13435),(1084,24,'Santiago','86760','2025-05-07 23:47:23','2025-05-07 23:47:23',13333),(1085,24,'Valle Del Guamuez','86865','2025-05-07 23:47:23','2025-05-07 23:47:23',13335),(1086,24,'Villagarzón','86885','2025-05-07 23:47:23','2025-05-07 23:47:23',13336),(1087,27,'San Andrés ','88001','2025-05-07 23:47:23','2025-05-07 23:47:23',48357),(1088,27,'Providencia','88564','2025-05-07 23:47:23','2025-05-07 23:47:23',48358),(1089,1,'Leticia','91001','2025-05-07 23:47:23','2025-05-07 23:47:23',12531),(1090,1,'El Encanto ','91263','2025-05-07 23:47:23','2025-05-07 23:47:23',13239),(1091,1,'La Chorrera ','91405','2025-05-07 23:47:23','2025-05-07 23:47:23',13354),(1092,1,'La Pedrera ','91407','2025-05-07 23:47:23','2025-05-07 23:47:23',13408),(1093,1,'La Victoria ','91430','2025-05-07 23:47:23','2025-05-07 23:47:23',12781),(1094,1,'Mirití - Paraná','91460','2025-05-07 23:47:23','2025-05-07 23:47:23',12938),(1095,1,'Puerto Alegría ','91530','2025-05-07 23:47:23','2025-05-07 23:47:23',13306),(1096,1,'Puerto Arica ','91536','2025-05-07 23:47:23','2025-05-07 23:47:23',13306),(1097,1,'Puerto Nariño ','91540','2025-05-07 23:47:23','2025-05-07 23:47:23',12532),(1098,1,'Puerto Santander ','91669','2025-05-07 23:47:23','2025-05-07 23:47:23',13112),(1099,1,'Tarapacá','91798','2025-05-07 23:47:23','2025-05-07 23:47:23',13525),(1100,16,'Inírida','94001','2025-05-07 23:47:23','2025-05-07 23:47:23',13159),(1101,16,'Barranco Minas ','94343','2025-05-07 23:47:23','2025-05-07 23:47:23',12694),(1102,16,'Mapiripana','94663','2025-05-07 23:47:23','2025-05-07 23:47:23',13246),(1103,16,'San Felipe ','94883','2025-05-07 23:47:23','2025-05-07 23:47:23',12716),(1104,16,'Puerto Colombia ','94884','2025-05-07 23:47:23','2025-05-07 23:47:23',12678),(1105,16,'La Guadalupe ','94885','2025-05-07 23:47:23','2025-05-07 23:47:23',12972),(1106,16,'Cacahual','94886','2025-05-07 23:47:23','2025-05-07 23:47:23',13233),(1107,16,'Pana Pana ','94887','2025-05-07 23:47:23','2025-05-07 23:47:23',13505),(1108,16,'Morichal','94888','2025-05-07 23:47:23','2025-05-07 23:47:23',12893),(1109,17,'San José Del Guaviare','95001','2025-05-07 23:47:23','2025-05-07 23:47:23',13163),(1110,17,'Calamar','95015','2025-05-07 23:47:23','2025-05-07 23:47:23',13160),(1111,17,'El Retorno ','95025','2025-05-07 23:47:23','2025-05-07 23:47:23',13161),(1112,17,'Miraflores','95200','2025-05-07 23:47:23','2025-05-07 23:47:23',13162),(1113,32,'Mitú','97001','2025-05-07 23:47:23','2025-05-07 23:47:23',13523),(1114,32,'Carurú','97161','2025-05-07 23:47:23','2025-05-07 23:47:23',12886),(1115,32,'Pacoa','97511','2025-05-07 23:47:23','2025-05-07 23:47:23',13107),(1116,32,'Taraira','97666','2025-05-07 23:47:23','2025-05-07 23:47:23',13525),(1117,32,'Papunahua','97777','2025-05-07 23:47:23','2025-05-07 23:47:23',12800),(1118,32,'Yavaraté','97889','2025-05-07 23:47:23','2025-05-07 23:47:23',13527),(1119,33,'Puerto Carreño ','99001','2025-05-07 23:47:23','2025-05-07 23:47:23',13530),(1120,33,'La Primavera ','99524','2025-05-07 23:47:23','2025-05-07 23:47:23',13529),(1121,33,'Santa Rosalía ','99624','2025-05-07 23:47:23','2025-05-07 23:47:23',13531),(1122,33,'Cumaribo','99773','2025-05-07 23:47:23','2025-05-07 23:47:23',13528);
/*!40000 ALTER TABLE `municipalities` ENABLE KEYS */;
UNLOCK TABLES;

--
-- Table structure for table `negocio`
--

DROP TABLE IF EXISTS `negocio`;
/*!40101 SET @saved_cs_client     = @@character_set_client */;
/*!50503 SET character_set_client = utf8mb4 */;
CREATE TABLE `negocio` (
  `id` int NOT NULL AUTO_INCREMENT,
  `nombre` varchar(45) CHARACTER SET utf8mb3 COLLATE utf8mb3_general_ci NOT NULL,
  `ciudad` varchar(44) CHARACTER SET utf8mb3 COLLATE utf8mb3_general_ci NOT NULL,
  `direccion` varchar(60) CHARACTER SET utf8mb3 COLLATE utf8mb3_general_ci NOT NULL,
  `telefono` varchar(14) CHARACTER SET utf8mb3 COLLATE utf8mb3_general_ci DEFAULT NULL,
  `movil` varchar(14) CHARACTER SET utf8mb3 COLLATE utf8mb3_general_ci NOT NULL,
  `email` varchar(52) CHARACTER SET utf8mb3 COLLATE utf8mb3_general_ci NOT NULL,
  `nit` varchar(13) CHARACTER SET utf8mb3 COLLATE utf8mb3_general_ci DEFAULT NULL,
  `datosencabezados` varchar(512) CHARACTER SET utf8mb3 COLLATE utf8mb3_spanish_ci DEFAULT NULL,
  `ws` varchar(16) CHARACTER SET utf8mb3 COLLATE utf8mb3_general_ci NOT NULL,
  `facebook` varchar(80) CHARACTER SET utf8mb3 COLLATE utf8mb3_general_ci DEFAULT NULL,
  `instagram` varchar(80) CHARACTER SET utf8mb3 COLLATE utf8mb3_general_ci DEFAULT NULL,
  `tiktok` varchar(80) CHARACTER SET utf8mb3 COLLATE utf8mb3_general_ci DEFAULT NULL,
  `youtube` varchar(80) CHARACTER SET utf8mb3 COLLATE utf8mb3_general_ci DEFAULT NULL,
  `twitter` varchar(80) CHARACTER SET utf8mb3 COLLATE utf8mb3_general_ci DEFAULT NULL,
  `logo` varchar(99) CHARACTER SET utf8mb3 COLLATE utf8mb3_general_ci NOT NULL,
  `colorprincipal` varchar(7) CHARACTER SET utf8mb3 COLLATE utf8mb3_general_ci DEFAULT NULL,
  `colorsecundario` varchar(7) CHARACTER SET utf8mb3 COLLATE utf8mb3_general_ci DEFAULT NULL,
  `timeservice` int DEFAULT NULL,
  PRIMARY KEY (`id`)
) ENGINE=InnoDB AUTO_INCREMENT=2 DEFAULT CHARSET=utf8mb3 COLLATE=utf8mb3_unicode_ci;
/*!40101 SET character_set_client = @saved_cs_client */;

--
-- Dumping data for table `negocio`
--

LOCK TABLES `negocio` WRITE;
/*!40000 ALTER TABLE `negocio` DISABLE KEYS */;
INSERT INTO `negocio` VALUES (1,'Negocios pos sa','Armenia','Cra 12#9-03 esquina','7358452','3183920532','sasha.spa@gmail.com','41936042-6','MALORI ELIENNE CEPEDA MATEUS\r\nNo responsable de IVA\r\nRegimen Simpl','3183920532','https://www.facebook.com/profile.php?id=100007164136068',NULL,NULL,NULL,NULL,'cliente/68e2cd8eb12c8','#051453','#ffffff',60);
/*!40000 ALTER TABLE `negocio` ENABLE KEYS */;
UNLOCK TABLES;

--
-- Table structure for table `notacreditoinvoice`
--

DROP TABLE IF EXISTS `notacreditoinvoice`;
/*!40101 SET @saved_cs_client     = @@character_set_client */;
/*!50503 SET character_set_client = utf8mb4 */;
CREATE TABLE `notacreditoinvoice` (
  `id` int NOT NULL AUTO_INCREMENT,
  `idsucursal_id_fk` int DEFAULT NULL,
  `id_compania` int DEFAULT NULL,
  `type_document_id` int DEFAULT NULL,
  `prefix` varchar(45) CHARACTER SET utf8mb4 COLLATE utf8mb4_0900_ai_ci DEFAULT NULL,
  `resolution` varchar(45) CHARACTER SET utf8mb4 COLLATE utf8mb4_spanish_ci DEFAULT NULL,
  `nextnumber` int DEFAULT NULL,
  `resolution_date` date DEFAULT NULL,
  `technical_key` varchar(99) CHARACTER SET utf8mb4 COLLATE utf8mb4_spanish_ci DEFAULT NULL,
  `fromNC` int DEFAULT NULL,
  `toNC` int DEFAULT NULL,
  `date_from` date DEFAULT NULL,
  `date_to` date DEFAULT NULL,
  `estado` tinyint(1) NOT NULL,
  `created_at` timestamp NULL DEFAULT CURRENT_TIMESTAMP,
  PRIMARY KEY (`id`),
  KEY `idsucursal_idfk_idx` (`idsucursal_id_fk`),
  KEY `id_compania_idx` (`id_compania`),
  CONSTRAINT `id_compania` FOREIGN KEY (`id_compania`) REFERENCES `diancompanias` (`id`) ON DELETE SET NULL ON UPDATE CASCADE,
  CONSTRAINT `idsucursal_id_fk` FOREIGN KEY (`idsucursal_id_fk`) REFERENCES `sucursales` (`id`) ON DELETE CASCADE ON UPDATE CASCADE
) ENGINE=InnoDB AUTO_INCREMENT=2 DEFAULT CHARSET=utf8mb4 COLLATE=utf8mb4_unicode_ci;
/*!40101 SET character_set_client = @saved_cs_client */;

--
-- Dumping data for table `notacreditoinvoice`
--

LOCK TABLES `notacreditoinvoice` WRITE;
/*!40000 ALTER TABLE `notacreditoinvoice` DISABLE KEYS */;
INSERT INTO `notacreditoinvoice` VALUES (1,1,9,4,'NCQO',NULL,25,NULL,'1094917508',1,99999999,NULL,NULL,1,'2025-11-23 03:21:43');
/*!40000 ALTER TABLE `notacreditoinvoice` ENABLE KEYS */;
UNLOCK TABLES;

--
-- Table structure for table `ordenes_produccion`
--

DROP TABLE IF EXISTS `ordenes_produccion`;
/*!40101 SET @saved_cs_client     = @@character_set_client */;
/*!50503 SET character_set_client = utf8mb4 */;
CREATE TABLE `ordenes_produccion` (
  `id` int NOT NULL AUTO_INCREMENT,
  `idsucursal_fk` int NOT NULL,
  `id_productoid` int DEFAULT NULL,
  `nombreproducto` varchar(55) CHARACTER SET utf8mb3 COLLATE utf8mb3_spanish_ci NOT NULL,
  `cantidadsolicitada` decimal(12,2) NOT NULL,
  `estado` varchar(45) CHARACTER SET utf8mb3 COLLATE utf8mb3_spanish_ci NOT NULL,
  `created_at` timestamp NULL DEFAULT CURRENT_TIMESTAMP,
  PRIMARY KEY (`id`),
  KEY `id_productoid_idx` (`id_productoid`),
  KEY `idsucursal_fk_idx` (`idsucursal_fk`),
  CONSTRAINT `id_productoid` FOREIGN KEY (`id_productoid`) REFERENCES `productos` (`id`) ON DELETE SET NULL ON UPDATE CASCADE,
  CONSTRAINT `idsucursal_fk` FOREIGN KEY (`idsucursal_fk`) REFERENCES `sucursales` (`id`) ON DELETE CASCADE ON UPDATE CASCADE
) ENGINE=InnoDB DEFAULT CHARSET=utf8mb3 COLLATE=utf8mb3_unicode_ci;
/*!40101 SET character_set_client = @saved_cs_client */;

--
-- Dumping data for table `ordenes_produccion`
--

LOCK TABLES `ordenes_produccion` WRITE;
/*!40000 ALTER TABLE `ordenes_produccion` DISABLE KEYS */;
/*!40000 ALTER TABLE `ordenes_produccion` ENABLE KEYS */;
UNLOCK TABLES;

--
-- Table structure for table `permisos`
--

DROP TABLE IF EXISTS `permisos`;
/*!40101 SET @saved_cs_client     = @@character_set_client */;
/*!50503 SET character_set_client = utf8mb4 */;
CREATE TABLE `permisos` (
  `id` int NOT NULL AUTO_INCREMENT,
  `nombre` varchar(55) CHARACTER SET utf8mb3 COLLATE utf8mb3_spanish_ci NOT NULL,
  `modulo` varchar(45) CHARACTER SET utf8mb3 COLLATE utf8mb3_spanish_ci DEFAULT NULL,
  `descripcion` varchar(255) CHARACTER SET utf8mb3 COLLATE utf8mb3_spanish_ci DEFAULT NULL,
  `created_at` timestamp NULL DEFAULT CURRENT_TIMESTAMP,
  PRIMARY KEY (`id`)
) ENGINE=InnoDB AUTO_INCREMENT=21 DEFAULT CHARSET=utf8mb3 COLLATE=utf8mb3_unicode_ci;
/*!40101 SET character_set_client = @saved_cs_client */;

--
-- Dumping data for table `permisos`
--

LOCK TABLES `permisos` WRITE;
/*!40000 ALTER TABLE `permisos` DISABLE KEYS */;
INSERT INTO `permisos` VALUES (1,'Habilitar modulo de venta','Modulo de venta\r\n\r\nModulo venta',NULL,'2025-09-11 06:15:04'),(2,'Registrar nueva venta','Modulo de venta',NULL,'2025-09-11 06:15:04'),(3,'Anular una venta','Modulo de venta',NULL,'2025-09-11 06:15:04'),(4,'Aplicar descuentos','Modulo de venta',NULL,'2025-09-11 06:15:04'),(5,'Habilitar modulo de inventario','Modulo de Inventario',NULL,'2025-09-11 06:15:04'),(6,'Consultar stock','Modulo de Inventario',NULL,'2025-09-11 06:15:04'),(7,'Hacer ajustes de inventario','Modulo de Inventario',NULL,'2025-09-11 06:15:04'),(8,'Actualizar precios o datos','Modulo de Inventario',NULL,'2025-09-11 06:15:04'),(9,'Habilitar modulo de facturacion','Modulo de Facturación','','2025-09-12 03:32:43'),(10,'Emitir facturas electrónicas','Modulo de Facturación',NULL,'2025-09-12 03:32:43'),(11,'Anular facturas y notas creditos','Modulo de Facturación',NULL,'2025-09-12 03:32:43'),(12,'Habilitar modulo de caja','Modulo de Caja',NULL,'2025-09-22 00:57:04'),(13,'Abrir caja','Modulo de Caja',NULL,'2025-09-22 00:57:04'),(14,'Cerrar caja y generar arqueo','Modulo de Caja',NULL,'2025-09-22 00:57:04'),(15,'Ver reportes de caja','Modulo de Caja',NULL,'2025-09-22 00:57:04'),(16,'Habilitar modulo de reportes','Modulos Administrativos ',NULL,'2025-09-22 01:00:57'),(17,'Habilitar modulo de configuracion','Modulos Administrativos ',NULL,'2025-09-22 01:00:57'),(18,'Mostrar dashboard','Modulo dashboard',NULL,'2025-10-20 06:53:03');
/*!40000 ALTER TABLE `permisos` ENABLE KEYS */;
UNLOCK TABLES;

--
-- Table structure for table `precios_personalizados`
--

DROP TABLE IF EXISTS `precios_personalizados`;
/*!40101 SET @saved_cs_client     = @@character_set_client */;
/*!50503 SET character_set_client = utf8mb4 */;
CREATE TABLE `precios_personalizados` (
  `id` int NOT NULL AUTO_INCREMENT,
  `idproductoid` int NOT NULL,
  `precio` decimal(12,2) NOT NULL,
  `estado` tinyint(1) DEFAULT '1',
  `created_at` timestamp NULL DEFAULT CURRENT_TIMESTAMP,
  PRIMARY KEY (`id`),
  KEY `idproductoid_idx` (`idproductoid`),
  CONSTRAINT `idproductoid` FOREIGN KEY (`idproductoid`) REFERENCES `productos` (`id`) ON DELETE CASCADE ON UPDATE CASCADE
) ENGINE=InnoDB AUTO_INCREMENT=5 DEFAULT CHARSET=utf8mb3 COLLATE=utf8mb3_unicode_ci;
/*!40101 SET character_set_client = @saved_cs_client */;

--
-- Dumping data for table `precios_personalizados`
--

LOCK TABLES `precios_personalizados` WRITE;
/*!40000 ALTER TABLE `precios_personalizados` DISABLE KEYS */;
INSERT INTO `precios_personalizados` VALUES (1,31,20900.00,1,'2025-10-05 05:51:55'),(2,31,22000.00,1,'2025-10-05 05:51:55'),(3,8,250000.00,1,'2025-10-24 00:29:10'),(4,12,226000.00,1,'2025-10-24 05:11:28');
/*!40000 ALTER TABLE `precios_personalizados` ENABLE KEYS */;
UNLOCK TABLES;

--
-- Table structure for table `productos`
--

DROP TABLE IF EXISTS `productos`;
/*!40101 SET @saved_cs_client     = @@character_set_client */;
/*!50503 SET character_set_client = utf8mb4 */;
CREATE TABLE `productos` (
  `id` int NOT NULL AUTO_INCREMENT,
  `idcategoria` int DEFAULT NULL,
  `idunidadmedida` int NOT NULL,
  `nombre` varchar(55) CHARACTER SET utf8mb3 COLLATE utf8mb3_spanish_ci NOT NULL,
  `foto` varchar(99) CHARACTER SET utf8mb3 COLLATE utf8mb3_spanish_ci DEFAULT NULL,
  `impuesto` int DEFAULT NULL,
  `marca` varchar(25) CHARACTER SET utf8mb3 COLLATE utf8mb3_spanish_ci DEFAULT NULL,
  `tipoproducto` tinyint(1) DEFAULT '0',
  `tipoproduccion` tinyint(1) DEFAULT '0',
  `sku` varchar(15) CHARACTER SET utf8mb3 COLLATE utf8mb3_spanish_ci DEFAULT NULL,
  `unidadmedida` varchar(22) CHARACTER SET utf8mb3 COLLATE utf8mb3_spanish_ci DEFAULT NULL,
  `preciopersonalizado` tinyint(1) DEFAULT NULL,
  `descripcion` varchar(255) CHARACTER SET utf8mb3 COLLATE utf8mb3_spanish_ci DEFAULT NULL,
  `peso` varchar(15) CHARACTER SET utf8mb3 COLLATE utf8mb3_spanish_ci DEFAULT NULL,
  `medidas` varchar(25) CHARACTER SET utf8mb3 COLLATE utf8mb3_spanish_ci DEFAULT NULL,
  `color` varchar(25) CHARACTER SET utf8mb3 COLLATE utf8mb3_spanish_ci DEFAULT NULL,
  `funcion` varchar(75) CHARACTER SET utf8mb3 COLLATE utf8mb3_spanish_ci DEFAULT NULL,
  `uso` varchar(25) CHARACTER SET utf8mb3 COLLATE utf8mb3_spanish_ci DEFAULT NULL,
  `fabricante` varchar(25) CHARACTER SET utf8mb3 COLLATE utf8mb3_spanish_ci DEFAULT NULL,
  `garantia` varchar(15) CHARACTER SET utf8mb3 COLLATE utf8mb3_spanish_ci DEFAULT NULL,
  `stock` decimal(10,2) DEFAULT NULL,
  `stockminimo` decimal(8,2) DEFAULT NULL,
  `categoria` varchar(45) CHARACTER SET utf8mb3 COLLATE utf8mb3_spanish_ci DEFAULT NULL,
  `rendimientoestandar` decimal(11,2) DEFAULT '1.00',
  `precio_compra` decimal(13,2) DEFAULT NULL,
  `precio_venta` decimal(13,2) NOT NULL,
  `fecha_ingreso` datetime DEFAULT NULL,
  `estado` tinyint(1) DEFAULT NULL,
  `visible` tinyint(1) DEFAULT NULL,
  PRIMARY KEY (`id`),
  UNIQUE KEY `nombre_UNIQUE` (`nombre`),
  UNIQUE KEY `codigo_UNIQUE` (`sku`),
  KEY `idcategoria_idx` (`idcategoria`),
  KEY `idunidadmedida_idx` (`idunidadmedida`),
  CONSTRAINT `idcategoria` FOREIGN KEY (`idcategoria`) REFERENCES `categorias` (`id`) ON DELETE CASCADE ON UPDATE CASCADE,
  CONSTRAINT `idunidadmedida` FOREIGN KEY (`idunidadmedida`) REFERENCES `unidadesmedida` (`id`) ON UPDATE CASCADE
) ENGINE=InnoDB AUTO_INCREMENT=126 DEFAULT CHARSET=utf8mb3 COLLATE=utf8mb3_unicode_ci;
/*!40101 SET character_set_client = @saved_cs_client */;

--
-- Dumping data for table `productos`
--

LOCK TABLES `productos` WRITE;
/*!40000 ALTER TABLE `productos` DISABLE KEYS */;
INSERT INTO `productos` VALUES (1,1,1,'Otros',NULL,0,NULL,0,0,NULL,'Unidades',0,NULL,NULL,NULL,NULL,NULL,NULL,NULL,NULL,0.00,0.00,'Categoria_Otros',1.00,0.50,0.00,NULL,1,0),(2,5,1,'Pulidora DeWALT 8200rpm 1/2','cliente1/productos/671f1676979c8pulidora.jpg',19,NULL,1,0,'100200','Unidad',0,NULL,NULL,NULL,NULL,NULL,NULL,NULL,NULL,11.00,0.00,'Equipos Eletricos',3.00,13965.33,598000.00,'2024-01-08 13:36:58',1,1),(3,5,1,'Taladro percutor BLACK AND DECKER 550W 1/2','undefined',0,NULL,1,1,'100300','Unidad',0,NULL,NULL,NULL,NULL,NULL,NULL,NULL,NULL,6.00,0.00,'Equipos Eletricos',1.00,3100.00,213900.00,'2024-01-08 13:36:58',1,1),(4,5,1,'Atornillador Inalambrico Dewalt 12W de 1/2','undefined',NULL,NULL,0,0,'100400','Unidad',0,NULL,NULL,NULL,NULL,NULL,NULL,NULL,NULL,1.00,0.00,'Equipos Eletricos',1.00,105000.00,211000.00,'2024-01-08 13:36:58',1,1),(5,6,1,'Pistola de impacto ingersoll rand','null',16,NULL,0,0,'21245','Unidad',0,NULL,NULL,NULL,NULL,NULL,NULL,NULL,NULL,4.00,0.00,'Equipos Neumaticos',1.00,90000.00,922000.00,'2024-01-08 13:36:58',1,1),(6,9,1,'Vitamina women Blend','cliente/productos/690006fe87753burger-king-logo-default.jpg',NULL,NULL,0,0,'1010089','Unidad',0,NULL,NULL,NULL,NULL,NULL,NULL,NULL,NULL,6.00,0.00,'Herramientas Manuales',1.00,45500.00,180000.00,'2024-01-08 13:36:58',1,1),(7,7,1,'Remachadora','null',19,NULL,0,0,NULL,'Unidad',0,NULL,NULL,NULL,NULL,NULL,NULL,NULL,NULL,-5.00,0.00,'Herramientas Manuales',1.00,10000.00,18500.00,'2024-01-08 13:36:58',1,1),(8,5,1,'Taladro Rotomartillo dewalt 1/2 650w','null',19,NULL,0,0,NULL,'Unidad',0,NULL,NULL,NULL,NULL,NULL,NULL,NULL,NULL,0.00,0.00,'Equipos Eletricos',1.00,40000.00,284600.00,NULL,1,1),(10,7,1,'Llave 1/2','null',19,NULL,0,0,'14','Unidad',0,NULL,NULL,NULL,NULL,NULL,NULL,NULL,NULL,11.00,0.00,'Herramientas Manuales',1.00,8000.00,16500.00,NULL,1,1),(11,5,1,'Aspiradorax','cliente1/productos/6724625f84d00aspiradora2.jpg',19,NULL,0,0,NULL,'Unidad',0,NULL,NULL,NULL,NULL,NULL,NULL,NULL,NULL,-1.00,0.00,'Equipos Eletricos',1.00,60000.00,120500.00,NULL,1,1),(12,9,1,'Proteina 10kg','cliente/productos/68e5dbd21a81320250821_200245.jpg',0,NULL,0,0,'280298251913','Unidad',0,NULL,NULL,NULL,NULL,NULL,NULL,NULL,NULL,-8.00,0.00,'Proteinas ',1.00,315000.00,250000.00,NULL,1,1),(13,9,3,'proteina 5kg','cliente1/productos/68854e852bf53proteina4.jpg',NULL,NULL,0,0,NULL,'Libras',0,NULL,NULL,NULL,NULL,NULL,NULL,NULL,NULL,0.00,0.00,'Proteinas ',1.00,0.00,140000.00,NULL,1,1),(14,8,1,'Soldador sm h143','null',NULL,NULL,0,0,NULL,'Unidad',0,NULL,NULL,NULL,NULL,NULL,NULL,NULL,NULL,0.00,0.00,'Herramientas Electricas',1.00,150000.00,487000.00,'2025-01-29 04:43:51',1,1),(15,10,3,'Arena','null',19,NULL,1,0,NULL,'Libras',0,NULL,NULL,NULL,NULL,NULL,NULL,NULL,NULL,7.00,1.50,'Obra Negra',1.00,0.00,3000.00,'2025-02-02 05:20:25',1,1),(16,9,1,'Bi-Pro Vainilla 5kg','null',NULL,NULL,0,0,'8770','Unidad',0,NULL,NULL,NULL,NULL,NULL,NULL,NULL,NULL,0.00,0.00,'Proteinas ',1.00,201000.00,225000.00,'2025-02-09 23:43:05',1,1),(17,7,1,'Mezcladorax','null',19,NULL,1,0,'78881','Unidad',0,NULL,NULL,NULL,NULL,NULL,NULL,NULL,NULL,0.00,100.00,'Herramientas Manuales',1.00,10000.00,380000.00,'2025-04-01 05:59:11',1,1),(18,5,1,'Esmeril','null',19,NULL,0,0,'1515','Unidad',0,NULL,NULL,NULL,NULL,NULL,NULL,NULL,NULL,5.00,100.00,'Equipos Electricos',1.00,100000.00,285000.00,'2025-04-03 03:28:50',1,1),(19,7,1,'Corta frio','null',19,NULL,0,0,NULL,'Unidad',0,NULL,NULL,NULL,NULL,NULL,NULL,NULL,NULL,0.00,100.00,'Herramientas Manuales',1.00,5000.00,11500.00,'2025-04-03 04:10:40',1,1),(20,9,1,'proteína 13kg masa ganador',NULL,0,NULL,0,0,NULL,'Unidades',0,NULL,NULL,NULL,NULL,NULL,NULL,NULL,NULL,-1.00,100.00,'Proteinas ',1.00,105000.00,200000.00,'2025-04-03 04:13:33',1,1),(21,11,1,'multimetro','null',0,NULL,0,0,NULL,'Unidad',0,NULL,NULL,NULL,NULL,NULL,NULL,NULL,NULL,10.00,100.00,'Equipos Electronicos',1.00,50000.00,100000.00,'2025-06-22 19:31:40',1,1),(22,12,1,'Puerta','null',0,NULL,1,1,NULL,'Unidad',0,NULL,NULL,NULL,NULL,NULL,NULL,NULL,NULL,39.00,100.00,'Acabados',1.00,390000.00,150000.00,'2025-06-22 19:54:36',1,1),(23,12,1,'Gafas de sol','cliente1/productos/687b289ec0779sunglasses2.jpg',19,NULL,0,0,NULL,'Unidad',0,NULL,NULL,NULL,NULL,NULL,NULL,NULL,NULL,1.00,100.00,'Acabados',1.00,20000.00,60000.00,'2025-07-19 05:09:50',1,1),(24,11,1,'Osciloscopio','null',0,NULL,0,0,NULL,'Unidad',0,NULL,NULL,NULL,NULL,NULL,NULL,NULL,NULL,5.00,100.00,'Equipos Electronicos',1.00,420000.00,700000.00,'2025-07-19 05:17:46',1,1),(25,5,1,'Planta electrica','null',0,NULL,0,0,NULL,'Unidad',0,NULL,NULL,NULL,NULL,NULL,NULL,NULL,NULL,7.00,100.00,'Equipos Electricos',1.00,200000.00,500000.00,'2025-07-19 05:24:31',1,1),(26,8,5,'Conector de transformador','cliente1/productos/687b2e526e732control4.jpeg',0,NULL,0,0,NULL,'Milimetros',0,NULL,NULL,NULL,NULL,NULL,NULL,NULL,NULL,122.00,100.00,'Herramientas Electricas',1.00,56000.00,145000.00,'2025-07-19 05:32:56',1,1),(27,11,1,'Mando playstation 5',NULL,0,NULL,0,0,NULL,'Unidades',0,NULL,NULL,NULL,NULL,NULL,NULL,NULL,NULL,15.00,1.00,'Equipos Electronicos',1.00,0.00,25.60,'2025-09-29 03:19:09',1,1),(28,11,1,'Mando play5 black edition','null',19,NULL,0,0,NULL,'Unidad',0,NULL,NULL,NULL,NULL,NULL,NULL,NULL,NULL,3.00,1.00,'Equipos Electronicos',1.00,0.00,29.40,'2025-09-29 03:21:02',1,1),(31,12,1,'Ceramica 40*40 m2','cliente/productos/68e5f698d8c49pexels-ahmetyuksek-34123162.jpg',19,NULL,0,0,NULL,'Unidad',0,NULL,NULL,NULL,NULL,NULL,NULL,NULL,NULL,0.00,1.00,'Acabados',1.00,0.00,23000.00,'2025-10-05 05:51:55',1,1),(37,12,10,'Escudo','cliente/productos/68e5ee77a7297escudo-de-capitan-america.jpg',19,NULL,0,0,NULL,'Caja',0,NULL,NULL,NULL,NULL,NULL,NULL,NULL,NULL,0.00,1.00,'Acabados',1.00,0.00,26000.00,'2025-10-08 04:54:15',1,1),(38,9,1,'Comida para gatos','cliente/productos/68e5f8339c9e1cat-8364830.jpg',0,NULL,0,0,NULL,'Unidades',0,NULL,NULL,NULL,NULL,NULL,NULL,NULL,NULL,0.00,1.00,'Proteinas ',1.00,0.00,89000.00,'2025-10-08 05:35:47',1,1),(45,10,1,'Ladrillo tolete','cliente/productos/6900071aad251logo1.png',0,NULL,0,0,NULL,'Unidades',0,NULL,NULL,NULL,NULL,NULL,NULL,NULL,NULL,0.00,1.00,'Obra Negra',1.00,0.00,1230.00,'2025-10-27 23:58:18',1,1),(46,13,1,'servicio1',NULL,0,NULL,0,0,NULL,'Unidades',0,NULL,NULL,NULL,NULL,NULL,NULL,NULL,NULL,0.00,1.00,'Servicios',1.00,0.00,800.00,'2025-11-22 22:03:38',1,1),(47,5,4,'servicio2','null',0,NULL,0,0,NULL,'Kilogramos',0,NULL,NULL,NULL,NULL,NULL,NULL,NULL,NULL,0.00,1.00,'Equipos Electricos',1.00,0.00,15000.00,'2025-11-29 22:53:16',1,1),(76,5,1,'Servicios contables','',0,'',0,0,'11','',0,'','','','','','','','',20.00,1.00,'',1.00,10000.00,20000.00,'2025-11-30 18:23:09',1,1),(77,6,1,'Servicios medicosxx','',0,'',0,0,'12','',0,'','','','','','','','',5.00,1.00,'',1.00,36000.00,55000.00,'2025-11-30 18:23:09',1,1),(123,11,1,'Oppo reno 14','',0,'',0,0,'1215','',0,'','','','','','','','',10.00,1.00,'',1.00,2000000.00,3000000.00,'2025-12-10 06:32:02',1,1),(124,9,1,'Multivitamínico Ginseng 50 capsulas','',19,'',0,0,'1216','',0,'','','','','','','','',6.00,1.00,'',1.00,56000.00,120000.00,'2025-12-10 06:32:02',1,1),(125,9,1,'Multivitamínico Ginseng 100 capsulas','',19,'',0,0,'1217','',0,'','','','','','','','',9.00,1.00,'',1.00,86000.00,170000.00,'2025-12-10 06:32:02',1,1);
/*!40000 ALTER TABLE `productos` ENABLE KEYS */;
UNLOCK TABLES;

--
-- Table structure for table `productos_sub`
--

DROP TABLE IF EXISTS `productos_sub`;
/*!40101 SET @saved_cs_client     = @@character_set_client */;
/*!50503 SET character_set_client = utf8mb4 */;
CREATE TABLE `productos_sub` (
  `id` int NOT NULL AUTO_INCREMENT,
  `id_producto` int NOT NULL,
  `id_subproducto` int NOT NULL,
  `cantidadsubproducto` decimal(11,2) NOT NULL,
  `costo` decimal(12,2) DEFAULT NULL,
  PRIMARY KEY (`id`),
  KEY `id_producto_idx` (`id_producto`),
  KEY `id_subproducto_idx` (`id_subproducto`),
  CONSTRAINT `id_producto` FOREIGN KEY (`id_producto`) REFERENCES `productos` (`id`) ON DELETE CASCADE ON UPDATE CASCADE,
  CONSTRAINT `id_subproducto` FOREIGN KEY (`id_subproducto`) REFERENCES `subproductos` (`id`) ON DELETE CASCADE ON UPDATE CASCADE
) ENGINE=InnoDB AUTO_INCREMENT=17 DEFAULT CHARSET=utf8mb3 COLLATE=utf8mb3_unicode_ci;
/*!40101 SET character_set_client = @saved_cs_client */;

--
-- Dumping data for table `productos_sub`
--

LOCK TABLES `productos_sub` WRITE;
/*!40000 ALTER TABLE `productos_sub` DISABLE KEYS */;
INSERT INTO `productos_sub` VALUES (2,2,1,0.60,96.00),(3,2,3,3.00,1800.00),(8,3,2,3.00,2500.00),(12,2,4,200.00,40000.00),(13,3,3,1.00,600.00),(14,17,2,12.00,10000.00),(15,22,7,3.00,270000.00),(16,22,8,1.00,120000.00);
/*!40000 ALTER TABLE `productos_sub` ENABLE KEYS */;
UNLOCK TABLES;

--
-- Table structure for table `proveedores`
--

DROP TABLE IF EXISTS `proveedores`;
/*!40101 SET @saved_cs_client     = @@character_set_client */;
/*!50503 SET character_set_client = utf8mb4 */;
CREATE TABLE `proveedores` (
  `id` int NOT NULL AUTO_INCREMENT,
  `nit` varchar(45) CHARACTER SET utf8mb3 COLLATE utf8mb3_spanish_ci DEFAULT NULL,
  `nombre` varchar(45) CHARACTER SET utf8mb3 COLLATE utf8mb3_spanish_ci NOT NULL,
  `telefono` varchar(15) CHARACTER SET utf8mb3 COLLATE utf8mb3_unicode_ci DEFAULT NULL,
  `email` varchar(55) CHARACTER SET utf8mb3 COLLATE utf8mb3_general_ci DEFAULT NULL,
  `direccion` varchar(77) CHARACTER SET utf8mb3 COLLATE utf8mb3_general_ci DEFAULT NULL,
  `pais` varchar(30) CHARACTER SET utf8mb3 COLLATE utf8mb3_general_ci DEFAULT NULL,
  `ciudad` varchar(30) CHARACTER SET utf8mb3 COLLATE utf8mb3_general_ci DEFAULT NULL,
  `created_at` timestamp NULL DEFAULT CURRENT_TIMESTAMP,
  PRIMARY KEY (`id`)
) ENGINE=InnoDB AUTO_INCREMENT=8 DEFAULT CHARSET=utf8mb3 COLLATE=utf8mb3_unicode_ci;
/*!40101 SET character_set_client = @saved_cs_client */;

--
-- Dumping data for table `proveedores`
--

LOCK TABLES `proveedores` WRITE;
/*!40000 ALTER TABLE `proveedores` DISABLE KEYS */;
INSERT INTO `proveedores` VALUES (2,'901557836','Material instruments',NULL,NULL,NULL,NULL,NULL,'2025-09-16 05:13:30'),(3,'901533620','semiconductores LTA',NULL,NULL,NULL,NULL,NULL,'2025-09-16 05:15:13'),(4,'901326572','Plasticos colombia SAS',NULL,NULL,NULL,NULL,NULL,'2025-09-16 05:16:54'),(5,'901554320','Makro tech',NULL,NULL,NULL,NULL,NULL,'2025-09-16 05:22:38'),(6,NULL,'Celmax',NULL,NULL,NULL,NULL,NULL,'2025-09-16 05:22:45'),(7,NULL,'Argos',NULL,NULL,NULL,NULL,NULL,'2025-09-16 05:23:05');
/*!40000 ALTER TABLE `proveedores` ENABLE KEYS */;
UNLOCK TABLES;

--
-- Table structure for table `registromarketingcampania`
--

DROP TABLE IF EXISTS `registromarketingcampania`;
/*!40101 SET @saved_cs_client     = @@character_set_client */;
/*!50503 SET character_set_client = utf8mb4 */;
CREATE TABLE `registromarketingcampania` (
  `id` int NOT NULL AUTO_INCREMENT,
  `marketingcampaignid` int DEFAULT NULL,
  `id_clienteid` int DEFAULT NULL,
  `canal` enum('email','sms','whatsapp','app') COLLATE utf8mb3_unicode_ci NOT NULL,
  `enviado` tinyint(1) DEFAULT '0',
  `fechaenvio` datetime DEFAULT NULL,
  `created_at` timestamp NULL DEFAULT CURRENT_TIMESTAMP,
  PRIMARY KEY (`id`),
  KEY `id_clienteid_idx` (`id_clienteid`),
  KEY `marketingcampaignid_idx` (`marketingcampaignid`),
  CONSTRAINT `id_clienteid` FOREIGN KEY (`id_clienteid`) REFERENCES `clientes` (`id`) ON DELETE SET NULL ON UPDATE CASCADE,
  CONSTRAINT `marketingcampaignid` FOREIGN KEY (`marketingcampaignid`) REFERENCES `marketing_campaigns` (`id`) ON DELETE SET NULL ON UPDATE CASCADE
) ENGINE=InnoDB DEFAULT CHARSET=utf8mb3 COLLATE=utf8mb3_unicode_ci;
/*!40101 SET character_set_client = @saved_cs_client */;

--
-- Dumping data for table `registromarketingcampania`
--

LOCK TABLES `registromarketingcampania` WRITE;
/*!40000 ALTER TABLE `registromarketingcampania` DISABLE KEYS */;
/*!40000 ALTER TABLE `registromarketingcampania` ENABLE KEYS */;
UNLOCK TABLES;

--
-- Table structure for table `stockinsumossucursal`
--

DROP TABLE IF EXISTS `stockinsumossucursal`;
/*!40101 SET @saved_cs_client     = @@character_set_client */;
/*!50503 SET character_set_client = utf8mb4 */;
CREATE TABLE `stockinsumossucursal` (
  `id` int NOT NULL AUTO_INCREMENT,
  `subproductoid` int NOT NULL,
  `sucursalid` int NOT NULL,
  `stock` decimal(10,2) DEFAULT '0.00',
  `stockminimo` decimal(8,2) DEFAULT '0.00',
  `created_at` timestamp NULL DEFAULT CURRENT_TIMESTAMP,
  PRIMARY KEY (`id`),
  KEY `subproductoid_idx` (`subproductoid`),
  KEY `sucursal_id_idx` (`sucursalid`),
  CONSTRAINT `subproductoid` FOREIGN KEY (`subproductoid`) REFERENCES `subproductos` (`id`) ON DELETE CASCADE ON UPDATE CASCADE,
  CONSTRAINT `sucursal_id` FOREIGN KEY (`sucursalid`) REFERENCES `sucursales` (`id`) ON UPDATE CASCADE
) ENGINE=InnoDB AUTO_INCREMENT=17 DEFAULT CHARSET=utf8mb3 COLLATE=utf8mb3_unicode_ci;
/*!40101 SET character_set_client = @saved_cs_client */;

--
-- Dumping data for table `stockinsumossucursal`
--

LOCK TABLES `stockinsumossucursal` WRITE;
/*!40000 ALTER TABLE `stockinsumossucursal` DISABLE KEYS */;
INSERT INTO `stockinsumossucursal` VALUES (1,2,2,0.00,0.00,'2025-09-09 03:21:19'),(2,2,1,3.00,0.00,'2025-09-09 03:21:19'),(3,8,2,0.00,0.00,'2025-09-09 03:21:19'),(4,8,1,0.00,0.00,'2025-09-09 03:21:19'),(5,1,2,-0.40,0.00,'2025-09-09 03:21:19'),(6,1,1,-0.80,0.00,'2025-09-09 03:21:19'),(7,3,2,15.00,0.00,'2025-09-09 03:21:19'),(8,3,1,29.00,0.00,'2025-09-09 03:21:19'),(9,4,2,-133.32,0.00,'2025-09-09 03:21:19'),(10,4,1,-264.14,0.00,'2025-09-09 03:21:19'),(11,7,2,0.00,0.00,'2025-09-09 03:21:19'),(12,7,1,0.00,0.00,'2025-09-09 03:21:19'),(13,5,2,0.00,0.00,'2025-09-09 03:21:19'),(14,5,1,0.00,0.00,'2025-09-09 03:21:19'),(15,9,2,0.00,0.00,'2025-09-09 03:21:19'),(16,9,1,0.00,0.00,'2025-09-09 03:21:19');
/*!40000 ALTER TABLE `stockinsumossucursal` ENABLE KEYS */;
UNLOCK TABLES;

--
-- Table structure for table `stockproductossucursal`
--

DROP TABLE IF EXISTS `stockproductossucursal`;
/*!40101 SET @saved_cs_client     = @@character_set_client */;
/*!50503 SET character_set_client = utf8mb4 */;
CREATE TABLE `stockproductossucursal` (
  `id` int NOT NULL AUTO_INCREMENT,
  `productoid` int NOT NULL,
  `sucursalid` int NOT NULL,
  `stock` decimal(10,2) DEFAULT '0.00',
  `stockminimo` decimal(8,2) DEFAULT '0.00',
  `habilitarventa` tinyint(1) DEFAULT '1',
  `created_at` timestamp NULL DEFAULT CURRENT_TIMESTAMP,
  PRIMARY KEY (`id`),
  UNIQUE KEY `unique_produt_sede` (`productoid`,`sucursalid`),
  KEY `productoid_idx` (`productoid`),
  KEY `sucursalid_idx` (`sucursalid`),
  CONSTRAINT `productoid` FOREIGN KEY (`productoid`) REFERENCES `productos` (`id`) ON DELETE CASCADE ON UPDATE CASCADE,
  CONSTRAINT `sucursalid` FOREIGN KEY (`sucursalid`) REFERENCES `sucursales` (`id`) ON UPDATE CASCADE
) ENGINE=InnoDB AUTO_INCREMENT=148 DEFAULT CHARSET=utf8mb4 COLLATE=utf8mb4_unicode_ci;
/*!40101 SET character_set_client = @saved_cs_client */;

--
-- Dumping data for table `stockproductossucursal`
--

LOCK TABLES `stockproductossucursal` WRITE;
/*!40000 ALTER TABLE `stockproductossucursal` DISABLE KEYS */;
INSERT INTO `stockproductossucursal` VALUES (1,1,2,0.00,0.00,1,'2025-09-08 05:14:55'),(2,1,1,0.00,0.00,1,'2025-09-08 05:14:55'),(3,2,2,3.00,0.00,1,'2025-09-08 05:14:55'),(4,2,1,0.00,0.00,1,'2025-09-08 05:14:55'),(5,3,2,2.00,0.00,1,'2025-09-08 05:14:55'),(6,3,1,-6.00,0.00,1,'2025-09-08 05:14:55'),(7,4,2,5.00,0.00,1,'2025-09-08 05:14:55'),(8,4,1,0.00,0.00,1,'2025-09-08 05:14:55'),(9,5,2,9.00,0.00,1,'2025-09-08 05:14:55'),(10,5,1,0.00,0.00,1,'2025-09-08 05:14:55'),(11,6,2,1.00,2.00,1,'2025-09-08 05:14:55'),(12,6,1,19.00,0.00,1,'2025-09-08 05:14:55'),(13,7,2,6.00,0.00,1,'2025-09-08 05:14:55'),(14,7,1,-15.00,0.00,1,'2025-09-08 05:14:55'),(15,8,2,7.00,0.00,1,'2025-09-08 05:14:55'),(16,8,1,0.00,0.00,1,'2025-09-08 05:14:55'),(19,10,2,1.00,0.00,1,'2025-09-08 05:14:55'),(20,10,1,11.00,0.00,1,'2025-09-08 05:14:55'),(21,11,2,4.00,0.00,1,'2025-09-08 05:14:55'),(22,11,1,-2.00,0.00,1,'2025-09-08 05:14:55'),(23,12,2,3.00,0.00,1,'2025-09-08 05:14:55'),(24,12,1,-8.00,0.00,1,'2025-09-08 05:14:55'),(25,14,2,7.00,0.00,1,'2025-09-08 05:14:55'),(26,14,1,0.00,0.00,1,'2025-09-08 05:14:55'),(27,16,2,10.00,0.00,1,'2025-09-08 05:14:55'),(28,16,1,-5.00,0.00,1,'2025-09-08 05:14:55'),(29,17,2,0.00,0.00,1,'2025-09-08 05:14:55'),(30,17,1,0.00,0.00,1,'2025-09-08 05:14:55'),(31,18,2,4.00,0.00,1,'2025-09-08 05:14:55'),(32,18,1,0.00,0.00,1,'2025-09-08 05:14:55'),(33,19,2,0.00,0.00,1,'2025-09-08 05:14:55'),(34,19,1,-1.00,0.00,1,'2025-09-08 05:14:55'),(35,20,2,6.00,0.00,1,'2025-09-08 05:14:55'),(36,20,1,0.00,0.00,1,'2025-09-08 05:14:55'),(37,21,2,9.00,0.00,1,'2025-09-08 05:14:55'),(38,21,1,0.00,0.00,1,'2025-09-08 05:14:55'),(39,22,2,0.00,0.00,1,'2025-09-08 05:14:55'),(40,22,1,0.00,0.00,1,'2025-09-08 05:14:55'),(41,23,2,0.00,0.00,1,'2025-09-08 05:14:55'),(42,23,1,0.00,0.00,1,'2025-09-08 05:14:55'),(43,24,2,0.00,0.00,1,'2025-09-08 05:14:55'),(44,24,1,0.00,0.00,1,'2025-09-08 05:14:55'),(45,25,2,0.00,0.00,1,'2025-09-08 05:14:55'),(46,25,1,0.00,0.00,1,'2025-09-08 05:14:55'),(47,13,2,1.00,0.00,1,'2025-09-08 05:14:55'),(48,13,1,0.00,0.00,1,'2025-09-08 05:14:55'),(49,15,2,0.00,0.00,1,'2025-09-08 05:14:55'),(50,15,1,0.00,0.00,1,'2025-09-08 05:14:55'),(51,26,2,0.00,0.00,1,'2025-09-08 05:14:55'),(52,26,1,0.00,0.00,1,'2025-09-08 05:14:55'),(53,27,1,-2.00,1.00,1,'2025-09-29 03:19:09'),(54,27,2,0.00,1.00,1,'2025-09-29 03:19:09'),(55,28,1,0.00,1.00,1,'2025-09-29 03:21:02'),(56,28,2,0.00,1.00,1,'2025-09-29 03:21:02'),(61,31,1,-42.00,1.00,1,'2025-10-05 05:51:55'),(62,31,2,1.00,0.00,1,'2025-10-05 05:51:55'),(63,37,1,0.00,1.00,1,'2025-10-08 04:54:15'),(64,37,2,0.00,0.00,1,'2025-10-08 04:54:15'),(65,38,1,0.00,1.00,1,'2025-10-08 05:35:47'),(66,38,2,9.00,0.00,1,'2025-10-08 05:35:47'),(67,45,1,0.00,1.00,1,'2025-10-27 23:58:18'),(68,45,2,0.00,0.00,1,'2025-10-27 23:58:18'),(69,46,1,-47.00,1.00,1,'2025-11-22 22:03:38'),(70,46,2,0.00,0.00,1,'2025-11-22 22:03:38'),(71,47,1,0.00,1.00,1,'2025-11-29 22:53:16'),(72,47,2,0.00,0.00,1,'2025-11-29 22:53:16'),(95,76,1,20.00,0.00,1,'2025-11-30 18:23:09'),(96,76,2,0.00,0.00,1,'2025-11-30 18:23:09'),(97,77,1,5.00,0.00,1,'2025-11-30 18:23:09'),(98,77,2,0.00,0.00,1,'2025-11-30 18:23:09'),(141,123,1,10.00,0.00,1,'2025-12-10 06:32:02'),(142,123,2,0.00,0.00,1,'2025-12-10 06:32:02'),(143,124,1,6.00,0.00,1,'2025-12-10 06:32:02'),(144,124,2,0.00,0.00,1,'2025-12-10 06:32:02'),(145,125,1,9.00,0.00,1,'2025-12-10 06:32:02'),(146,125,2,0.00,0.00,1,'2025-12-10 06:32:02');
/*!40000 ALTER TABLE `stockproductossucursal` ENABLE KEYS */;
UNLOCK TABLES;

--
-- Table structure for table `subproductos`
--

DROP TABLE IF EXISTS `subproductos`;
/*!40101 SET @saved_cs_client     = @@character_set_client */;
/*!50503 SET character_set_client = utf8mb4 */;
CREATE TABLE `subproductos` (
  `id` int NOT NULL AUTO_INCREMENT,
  `id_unidadmedida` int NOT NULL,
  `insumoprocesado` tinyint(1) NOT NULL,
  `unidadmedida` varchar(33) CHARACTER SET utf8mb3 COLLATE utf8mb3_spanish_ci NOT NULL,
  `nombre` varchar(55) CHARACTER SET utf8mb3 COLLATE utf8mb3_spanish_ci NOT NULL,
  `sku` varchar(15) CHARACTER SET utf8mb3 COLLATE utf8mb3_spanish_ci DEFAULT NULL,
  `proveedor` varchar(45) CHARACTER SET utf8mb3 COLLATE utf8mb3_spanish_ci DEFAULT NULL,
  `descripcion` varchar(255) CHARACTER SET utf8mb3 COLLATE utf8mb3_spanish_ci DEFAULT NULL,
  `medidas` varchar(25) CHARACTER SET utf8mb3 COLLATE utf8mb3_spanish_ci DEFAULT NULL,
  `color` varchar(25) CHARACTER SET utf8mb3 COLLATE utf8mb3_spanish_ci DEFAULT NULL,
  `uso` varchar(25) CHARACTER SET utf8mb3 COLLATE utf8mb3_spanish_ci DEFAULT NULL,
  `stock` decimal(10,2) DEFAULT NULL,
  `stockminimo` decimal(8,2) DEFAULT NULL,
  `precio_compra` decimal(13,2) DEFAULT NULL,
  `fecha_ingreso` datetime DEFAULT NULL,
  PRIMARY KEY (`id`),
  KEY `idunidadmedida_idx` (`id_unidadmedida`),
  CONSTRAINT `id_unidadmedida` FOREIGN KEY (`id_unidadmedida`) REFERENCES `unidadesmedida` (`id`) ON UPDATE CASCADE
) ENGINE=InnoDB AUTO_INCREMENT=10 DEFAULT CHARSET=utf8mb3 COLLATE=utf8mb3_unicode_ci;
/*!40101 SET character_set_client = @saved_cs_client */;

--
-- Dumping data for table `subproductos`
--

LOCK TABLES `subproductos` WRITE;
/*!40000 ALTER TABLE `subproductos` DISABLE KEYS */;
INSERT INTO `subproductos` VALUES (1,4,0,'Kilogramos','Arena Media','12255445',NULL,NULL,NULL,NULL,NULL,13.60,11.00,160.00,'2025-02-10 00:03:13'),(2,1,0,'Unidad','Naranjas','55878523',NULL,NULL,NULL,NULL,NULL,23.00,5.00,833.33,'2025-02-10 05:27:35'),(3,4,0,'Kilogramos','Cemento','4500212036',NULL,NULL,NULL,NULL,NULL,12.00,15.00,600.00,'2025-02-15 00:58:02'),(4,7,0,'Metros','Tubo de aluminio',NULL,NULL,NULL,NULL,NULL,NULL,-13.16,11.00,200.00,'2025-02-15 00:59:17'),(5,8,0,'Mililitros','Estuco blanco','0788000125',NULL,NULL,NULL,NULL,NULL,15013.00,10.00,0.00,'2025-02-17 05:07:49'),(7,7,0,'Metros','Lamina de madera calibre 12mm',NULL,NULL,NULL,NULL,NULL,NULL,7.00,0.00,90000.00,'2025-06-22 20:18:36'),(8,1,0,'Unidad','Cerraduras',NULL,NULL,NULL,NULL,NULL,NULL,5.00,0.00,120000.00,'2025-06-22 20:20:01'),(9,8,1,'Mililitros','Aceite Motul',NULL,NULL,NULL,NULL,NULL,NULL,0.00,0.00,0.00,'2025-07-20 05:16:39');
/*!40000 ALTER TABLE `subproductos` ENABLE KEYS */;
UNLOCK TABLES;

--
-- Table structure for table `sucursales`
--

DROP TABLE IF EXISTS `sucursales`;
/*!40101 SET @saved_cs_client     = @@character_set_client */;
/*!50503 SET character_set_client = utf8mb4 */;
CREATE TABLE `sucursales` (
  `id` int NOT NULL AUTO_INCREMENT,
  `negocio` varchar(45) CHARACTER SET utf8mb3 COLLATE utf8mb3_spanish_ci NOT NULL,
  `nombre` varchar(99) CHARACTER SET utf8mb3 COLLATE utf8mb3_spanish_ci NOT NULL,
  `nit` varchar(15) COLLATE utf8mb3_unicode_ci DEFAULT NULL,
  `departamento` varchar(45) CHARACTER SET utf8mb3 COLLATE utf8mb3_spanish_ci DEFAULT NULL,
  `ciudad` varchar(45) CHARACTER SET utf8mb3 COLLATE utf8mb3_spanish_ci DEFAULT NULL,
  `direccion` varchar(145) CHARACTER SET utf8mb3 COLLATE utf8mb3_spanish_ci DEFAULT NULL,
  `telefono` varchar(45) CHARACTER SET utf8mb3 COLLATE utf8mb3_spanish_ci DEFAULT NULL,
  `movil` varchar(45) CHARACTER SET utf8mb3 COLLATE utf8mb3_spanish_ci DEFAULT NULL,
  `email` varchar(55) CHARACTER SET utf8mb3 COLLATE utf8mb3_spanish_ci DEFAULT NULL,
  `datosencabezados` varchar(512) CHARACTER SET utf8mb3 COLLATE utf8mb3_spanish_ci DEFAULT NULL,
  `www` varchar(55) COLLATE utf8mb3_unicode_ci DEFAULT NULL,
  `ws` varchar(16) CHARACTER SET utf8mb3 COLLATE utf8mb3_spanish_ci DEFAULT NULL,
  `facebook` varchar(80) CHARACTER SET utf8mb3 COLLATE utf8mb3_spanish_ci DEFAULT NULL,
  `instagram` varchar(80) CHARACTER SET utf8mb3 COLLATE utf8mb3_spanish_ci DEFAULT NULL,
  `tiktok` varchar(80) CHARACTER SET utf8mb3 COLLATE utf8mb3_spanish_ci DEFAULT NULL,
  `youtube` varchar(80) CHARACTER SET utf8mb3 COLLATE utf8mb3_spanish_ci DEFAULT NULL,
  `logo` varchar(99) CHARACTER SET utf8mb3 COLLATE utf8mb3_spanish_ci DEFAULT NULL,
  `estado` tinyint(1) DEFAULT '1',
  `timezone` varchar(45) CHARACTER SET utf8mb3 COLLATE utf8mb3_spanish_ci DEFAULT 'America/Bogota',
  `created_at` timestamp NULL DEFAULT CURRENT_TIMESTAMP,
  PRIMARY KEY (`id`)
) ENGINE=InnoDB AUTO_INCREMENT=3 DEFAULT CHARSET=utf8mb3 COLLATE=utf8mb3_unicode_ci;
/*!40101 SET character_set_client = @saved_cs_client */;

--
-- Dumping data for table `sucursales`
--

LOCK TABLES `sucursales` WRITE;
/*!40000 ALTER TABLE `sucursales` DISABLE KEYS */;
INSERT INTO `sucursales` VALUES (1,'Negocio SAS','Sede centro','901155054','Quindio','Armenia','centro cr 19','3158863520','3158863520','contabilidad@innovatech.com.co','MALORI ELIENNE CEPEDA MATEUS\r\nNo responsable de IVA\r\nRegimen Simple','www.innovatech.com','3158863520',NULL,NULL,NULL,NULL,'cliente/690010e46fa7dLogoj2indigo1.png',1,'America/Bogota','2025-09-08 00:26:46'),(2,'Negocio SAS','Sede Av centenario',NULL,'Quindio','Armenia','Av centenario N 18','3169856621',NULL,'contabilidad@innovatech.com.co',NULL,NULL,NULL,NULL,NULL,NULL,NULL,NULL,1,'America/Bogota','2025-09-08 00:26:46');
/*!40000 ALTER TABLE `sucursales` ENABLE KEYS */;
UNLOCK TABLES;

--
-- Table structure for table `suscripcion_formas_pago`
--

DROP TABLE IF EXISTS `suscripcion_formas_pago`;
/*!40101 SET @saved_cs_client     = @@character_set_client */;
/*!50503 SET character_set_client = utf8mb4 */;
CREATE TABLE `suscripcion_formas_pago` (
  `id` int NOT NULL AUTO_INCREMENT,
  `descripcion` varchar(200) CHARACTER SET utf8mb3 COLLATE utf8mb3_spanish_ci NOT NULL,
  `telefono` varchar(50) CHARACTER SET utf8mb3 COLLATE utf8mb3_spanish_ci DEFAULT NULL,
  `token` varchar(600) CHARACTER SET utf8mb3 COLLATE utf8mb3_spanish_ci DEFAULT NULL,
  `payment_token` varchar(500) CHARACTER SET utf8mb3 COLLATE utf8mb3_spanish_ci DEFAULT NULL,
  `fuente_pago` int NOT NULL,
  `url` varchar(200) CHARACTER SET utf8mb3 COLLATE utf8mb3_spanish_ci DEFAULT NULL,
  `fecha` datetime NOT NULL,
  `fecha_expira` datetime DEFAULT NULL,
  `is_default` int NOT NULL DEFAULT '0',
  `tipo` varchar(50) CHARACTER SET utf8mb3 COLLATE utf8mb3_spanish_ci NOT NULL,
  `estado` varchar(50) CHARACTER SET utf8mb3 COLLATE utf8mb3_spanish_ci DEFAULT NULL,
  `cuenta` varchar(50) CHARACTER SET utf8mb3 COLLATE utf8mb3_spanish_ci NOT NULL,
  `is_available` int NOT NULL DEFAULT '1',
  `created_at` timestamp NULL DEFAULT CURRENT_TIMESTAMP,
  PRIMARY KEY (`id`)
) ENGINE=InnoDB DEFAULT CHARSET=utf8mb3 COLLATE=utf8mb3_unicode_ci;
/*!40101 SET character_set_client = @saved_cs_client */;

--
-- Dumping data for table `suscripcion_formas_pago`
--

LOCK TABLES `suscripcion_formas_pago` WRITE;
/*!40000 ALTER TABLE `suscripcion_formas_pago` DISABLE KEYS */;
/*!40000 ALTER TABLE `suscripcion_formas_pago` ENABLE KEYS */;
UNLOCK TABLES;

--
-- Table structure for table `suscripcion_pagos`
--

DROP TABLE IF EXISTS `suscripcion_pagos`;
/*!40101 SET @saved_cs_client     = @@character_set_client */;
/*!50503 SET character_set_client = utf8mb4 */;
CREATE TABLE `suscripcion_pagos` (
  `id` int NOT NULL AUTO_INCREMENT,
  `idsucursalid_fk` int NOT NULL,
  `fk_transaccion` int DEFAULT NULL,
  `descripcion` varchar(500) CHARACTER SET utf8mb3 COLLATE utf8mb3_spanish_ci DEFAULT NULL,
  `valor` int NOT NULL,
  `cantidad_meses` int NOT NULL DEFAULT '1',
  `medio_pago` varchar(50) CHARACTER SET utf8mb3 COLLATE utf8mb3_spanish_ci NOT NULL,
  `fecha` datetime NOT NULL,
  `precio_suscripcion` int NOT NULL DEFAULT '0',
  `total_descuentos` int DEFAULT '0',
  `detalle_descuentos` varchar(200) CHARACTER SET utf8mb3 COLLATE utf8mb3_spanish_ci DEFAULT '',
  `total_cargos` int DEFAULT '0',
  `detalle_cargos` varchar(200) CHARACTER SET utf8mb3 COLLATE utf8mb3_spanish_ci DEFAULT '',
  `is_available` int NOT NULL DEFAULT '1',
  `created_at` timestamp NULL DEFAULT CURRENT_TIMESTAMP,
  PRIMARY KEY (`id`),
  KEY `fk_transaccion` (`fk_transaccion`),
  KEY `idsucursalid_fk_idx` (`idsucursalid_fk`),
  CONSTRAINT `idsucursalid_fk` FOREIGN KEY (`idsucursalid_fk`) REFERENCES `sucursales` (`id`) ON DELETE CASCADE ON UPDATE CASCADE
) ENGINE=InnoDB DEFAULT CHARSET=utf8mb3 COLLATE=utf8mb3_unicode_ci;
/*!40101 SET character_set_client = @saved_cs_client */;

--
-- Dumping data for table `suscripcion_pagos`
--

LOCK TABLES `suscripcion_pagos` WRITE;
/*!40000 ALTER TABLE `suscripcion_pagos` DISABLE KEYS */;
/*!40000 ALTER TABLE `suscripcion_pagos` ENABLE KEYS */;
UNLOCK TABLES;

--
-- Table structure for table `tarifas`
--

DROP TABLE IF EXISTS `tarifas`;
/*!40101 SET @saved_cs_client     = @@character_set_client */;
/*!50503 SET character_set_client = utf8mb4 */;
CREATE TABLE `tarifas` (
  `id` int NOT NULL AUTO_INCREMENT,
  `nombre` varchar(24) CHARACTER SET utf32 COLLATE utf32_spanish_ci NOT NULL,
  `valor` varchar(11) CHARACTER SET utf8mb3 COLLATE utf8mb3_spanish_ci NOT NULL,
  PRIMARY KEY (`id`)
) ENGINE=InnoDB AUTO_INCREMENT=5 DEFAULT CHARSET=utf8mb3 COLLATE=utf8mb3_unicode_ci;
/*!40101 SET character_set_client = @saved_cs_client */;

--
-- Dumping data for table `tarifas`
--

LOCK TABLES `tarifas` WRITE;
/*!40000 ALTER TABLE `tarifas` DISABLE KEYS */;
INSERT INTO `tarifas` VALUES (1,'Presencial','0'),(2,'Tarifa A','20000'),(3,'Tarifa B','25000');
/*!40000 ALTER TABLE `tarifas` ENABLE KEYS */;
UNLOCK TABLES;

--
-- Table structure for table `tipofacturador`
--

DROP TABLE IF EXISTS `tipofacturador`;
/*!40101 SET @saved_cs_client     = @@character_set_client */;
/*!50503 SET character_set_client = utf8mb4 */;
CREATE TABLE `tipofacturador` (
  `id` int NOT NULL AUTO_INCREMENT,
  `nombre` varchar(22) CHARACTER SET utf8mb3 COLLATE utf8mb3_spanish_ci NOT NULL,
  PRIMARY KEY (`id`)
) ENGINE=InnoDB AUTO_INCREMENT=3 DEFAULT CHARSET=utf8mb3 COLLATE=utf8mb3_unicode_ci;
/*!40101 SET character_set_client = @saved_cs_client */;

--
-- Dumping data for table `tipofacturador`
--

LOCK TABLES `tipofacturador` WRITE;
/*!40000 ALTER TABLE `tipofacturador` DISABLE KEYS */;
INSERT INTO `tipofacturador` VALUES (1,'ELECTRONICA'),(2,'POS');
/*!40000 ALTER TABLE `tipofacturador` ENABLE KEYS */;
UNLOCK TABLES;

--
-- Table structure for table `traslado_inv`
--

DROP TABLE IF EXISTS `traslado_inv`;
/*!40101 SET @saved_cs_client     = @@character_set_client */;
/*!50503 SET character_set_client = utf8mb4 */;
CREATE TABLE `traslado_inv` (
  `id` int NOT NULL AUTO_INCREMENT,
  `id_sucursalorigen` int NOT NULL,
  `id_sucursaldestino` int NOT NULL,
  `fkusuario` int DEFAULT NULL,
  `tipo` varchar(45) CHARACTER SET utf8mb3 COLLATE utf8mb3_spanish_ci DEFAULT NULL,
  `observacion` varchar(512) COLLATE utf8mb3_unicode_ci DEFAULT NULL,
  `estado` enum('pendiente','rechazada','aprobada','entregada','entransito') COLLATE utf8mb3_unicode_ci DEFAULT 'pendiente',
  `created_at` timestamp NULL DEFAULT CURRENT_TIMESTAMP,
  PRIMARY KEY (`id`),
  KEY `id_sucursalorigen_idx` (`id_sucursalorigen`),
  KEY `id_sucursaldestino_idx` (`id_sucursaldestino`),
  KEY `fkusuario_idx` (`fkusuario`),
  CONSTRAINT `fkusuario` FOREIGN KEY (`fkusuario`) REFERENCES `usuarios` (`id`) ON DELETE SET NULL ON UPDATE CASCADE,
  CONSTRAINT `id_sucursaldestino` FOREIGN KEY (`id_sucursaldestino`) REFERENCES `sucursales` (`id`) ON DELETE CASCADE ON UPDATE CASCADE,
  CONSTRAINT `id_sucursalorigen` FOREIGN KEY (`id_sucursalorigen`) REFERENCES `sucursales` (`id`) ON DELETE CASCADE ON UPDATE CASCADE
) ENGINE=InnoDB AUTO_INCREMENT=14 DEFAULT CHARSET=utf8mb3 COLLATE=utf8mb3_unicode_ci;
/*!40101 SET character_set_client = @saved_cs_client */;

--
-- Dumping data for table `traslado_inv`
--

LOCK TABLES `traslado_inv` WRITE;
/*!40000 ALTER TABLE `traslado_inv` DISABLE KEYS */;
INSERT INTO `traslado_inv` VALUES (1,1,2,1,'Salida','0','entransito','2025-10-10 02:11:08'),(3,2,1,1,'Salida','0','entregada','2025-10-12 03:07:29'),(4,2,1,1,'Solicitud','0','entransito','2025-10-12 03:08:28'),(5,1,2,1,'Salida','0','entransito','2025-10-13 01:35:36'),(6,1,2,1,'Salida','0','entransito','2025-10-13 01:38:47'),(7,1,2,1,'Salida','0','pendiente','2025-10-19 06:30:53'),(8,1,2,1,'Solicitud','0','entransito','2025-10-19 06:38:29'),(9,1,2,1,'Solicitud','0','pendiente','2025-10-19 06:40:08'),(10,1,2,1,'Solicitud',NULL,'entregada','2025-10-19 18:29:22'),(11,1,2,1,'Solicitud',NULL,'entregada','2025-10-19 18:34:31'),(12,1,2,1,'Salida',NULL,'entregada','2025-10-19 20:01:02'),(13,1,2,1,'Salida',NULL,'entregada','2025-11-16 14:15:15');
/*!40000 ALTER TABLE `traslado_inv` ENABLE KEYS */;
UNLOCK TABLES;

--
-- Table structure for table `traslados`
--

DROP TABLE IF EXISTS `traslados`;
/*!40101 SET @saved_cs_client     = @@character_set_client */;
/*!50503 SET character_set_client = utf8mb4 */;
CREATE TABLE `traslados` (
  `id` int NOT NULL AUTO_INCREMENT,
  `fk_sucursal_id` int NOT NULL,
  `id_usuario_id` int DEFAULT NULL,
  `origen_tipo` enum('caja','banco') COLLATE utf8mb3_unicode_ci NOT NULL,
  `origen_idcaja` int DEFAULT NULL,
  `origen_idbanco` int DEFAULT NULL,
  `destino_tipo` enum('caja','banco') COLLATE utf8mb3_unicode_ci NOT NULL,
  `destino_idcaja` int DEFAULT NULL,
  `destino_idbanco` int DEFAULT NULL,
  `monto` decimal(12,2) NOT NULL,
  `observacion` varchar(512) COLLATE utf8mb3_unicode_ci DEFAULT NULL,
  `created_at` timestamp NULL DEFAULT CURRENT_TIMESTAMP,
  PRIMARY KEY (`id`),
  KEY `fk_sucursal_id_idx` (`fk_sucursal_id`),
  KEY `idusuario_id_idx` (`id_usuario_id`),
  KEY `origen_idcaja_idx` (`origen_idcaja`),
  KEY `origen_idbanco_idx` (`origen_idbanco`),
  KEY `destino_idcaja_idx` (`destino_idcaja`),
  KEY `destino_idbanco_idx` (`destino_idbanco`),
  CONSTRAINT `destino_idbanco` FOREIGN KEY (`destino_idbanco`) REFERENCES `bancos` (`id`) ON DELETE SET NULL ON UPDATE CASCADE,
  CONSTRAINT `destino_idcaja` FOREIGN KEY (`destino_idcaja`) REFERENCES `caja` (`id`) ON DELETE SET NULL ON UPDATE CASCADE,
  CONSTRAINT `fk_sucursal_id` FOREIGN KEY (`fk_sucursal_id`) REFERENCES `sucursales` (`id`) ON DELETE CASCADE ON UPDATE CASCADE,
  CONSTRAINT `id_usuario_id` FOREIGN KEY (`id_usuario_id`) REFERENCES `usuarios` (`id`) ON DELETE SET NULL ON UPDATE CASCADE,
  CONSTRAINT `origen_idbanco` FOREIGN KEY (`origen_idbanco`) REFERENCES `bancos` (`id`) ON DELETE SET NULL ON UPDATE CASCADE,
  CONSTRAINT `origen_idcaja` FOREIGN KEY (`origen_idcaja`) REFERENCES `caja` (`id`) ON DELETE SET NULL ON UPDATE CASCADE
) ENGINE=InnoDB DEFAULT CHARSET=utf8mb3 COLLATE=utf8mb3_unicode_ci;
/*!40101 SET character_set_client = @saved_cs_client */;

--
-- Dumping data for table `traslados`
--

LOCK TABLES `traslados` WRITE;
/*!40000 ALTER TABLE `traslados` DISABLE KEYS */;
/*!40000 ALTER TABLE `traslados` ENABLE KEYS */;
UNLOCK TABLES;

--
-- Table structure for table `unidadesmedida`
--

DROP TABLE IF EXISTS `unidadesmedida`;
/*!40101 SET @saved_cs_client     = @@character_set_client */;
/*!50503 SET character_set_client = utf8mb4 */;
CREATE TABLE `unidadesmedida` (
  `id` int NOT NULL AUTO_INCREMENT,
  `nombre` varchar(33) CHARACTER SET utf8mb3 COLLATE utf8mb3_spanish_ci NOT NULL,
  `simbolo` varchar(5) CHARACTER SET utf8mb3 COLLATE utf8mb3_spanish_ci DEFAULT NULL,
  `editable` tinyint(1) DEFAULT NULL,
  `fechacreacion` datetime DEFAULT NULL,
  `fechaupdate` datetime DEFAULT NULL,
  PRIMARY KEY (`id`)
) ENGINE=InnoDB AUTO_INCREMENT=12 DEFAULT CHARSET=utf8mb3 COLLATE=utf8mb3_unicode_ci;
/*!40101 SET character_set_client = @saved_cs_client */;

--
-- Dumping data for table `unidadesmedida`
--

LOCK TABLES `unidadesmedida` WRITE;
/*!40000 ALTER TABLE `unidadesmedida` DISABLE KEYS */;
INSERT INTO `unidadesmedida` VALUES (1,'Unidad','Und',0,'2025-02-07 00:00:00',NULL),(2,'Gramos','Gr',0,'2025-02-07 00:00:00',NULL),(3,'Libras','Lb',0,'2025-02-07 00:00:00',NULL),(4,'Kilogramos','Kg',0,'2025-02-07 00:00:00',NULL),(5,'Milimetros','Mn',0,'2025-02-07 00:00:00',NULL),(6,'Centimetros','Cm',0,'2025-02-07 00:00:00',NULL),(7,'Metros','Mt',0,'2025-02-07 00:00:00',NULL),(8,'Mililitros','Ml',0,'2025-02-07 00:00:00',NULL),(9,'Litros','Lt',0,'2025-02-07 00:00:00',NULL),(10,'Cajax',NULL,1,'2025-02-17 05:26:36',NULL);
/*!40000 ALTER TABLE `unidadesmedida` ENABLE KEYS */;
UNLOCK TABLES;

--
-- Table structure for table `usuarios`
--

DROP TABLE IF EXISTS `usuarios`;
/*!40101 SET @saved_cs_client     = @@character_set_client */;
/*!50503 SET character_set_client = utf8mb4 */;
CREATE TABLE `usuarios` (
  `id` int NOT NULL AUTO_INCREMENT,
  `idsucursal` int NOT NULL,
  `nombre` varchar(40) CHARACTER SET utf8mb3 NOT NULL,
  `apellido` varchar(40) CHARACTER SET utf8mb3 DEFAULT NULL,
  `cedula` varchar(10) CHARACTER SET utf8mb3 DEFAULT NULL,
  `nickname` varchar(12) CHARACTER SET utf8mb3 NOT NULL,
  `movil` varchar(13) CHARACTER SET utf8mb3 COLLATE utf8mb3_spanish_ci DEFAULT NULL,
  `email` varchar(40) CHARACTER SET utf8mb3 DEFAULT NULL,
  `ws` varchar(13) CHARACTER SET utf8mb3 DEFAULT NULL,
  `password` varchar(60) CHARACTER SET utf8mb3 NOT NULL,
  `confirmado` tinyint(1) DEFAULT NULL,
  `token` varchar(13) CHARACTER SET utf8mb3 DEFAULT NULL,
  `perfil` varchar(20) CHARACTER SET utf8mb3 NOT NULL,
  `ciudad` varchar(44) CHARACTER SET utf8mb3 DEFAULT NULL,
  `direccion` varchar(60) CHARACTER SET utf8mb3 DEFAULT NULL,
  `fecha_nacimiento` date DEFAULT NULL,
  `img` varchar(60) CHARACTER SET utf8mb3 DEFAULT NULL,
  `fechacreacion` date DEFAULT NULL,
  `ultimologin` datetime DEFAULT NULL,
  PRIMARY KEY (`id`),
  UNIQUE KEY `identificacion_UNIQUE` (`cedula`),
  UNIQUE KEY `email_UNIQUE` (`email`),
  KEY `idsucursal_idx` (`idsucursal`),
  CONSTRAINT `idsucursal` FOREIGN KEY (`idsucursal`) REFERENCES `sucursales` (`id`) ON DELETE CASCADE ON UPDATE CASCADE
) ENGINE=InnoDB AUTO_INCREMENT=11 DEFAULT CHARSET=utf8mb3 COLLATE=utf8mb3_unicode_ci;
/*!40101 SET character_set_client = @saved_cs_client */;

--
-- Dumping data for table `usuarios`
--

LOCK TABLES `usuarios` WRITE;
/*!40000 ALTER TABLE `usuarios` DISABLE KEYS */;
INSERT INTO `usuarios` VALUES (1,1,'Julian','Rodriguez','1094552023','soportej2','3042029683','julianlink123@hotmail.com',NULL,'$2y$10$TmSbBtfQLZZwrDZDNT9XN.l8MgkhGfkB2g89qocNSFew2Msb93era',1,NULL,'1','Armenia','Calle 26 # 50-21 Barrio primero',NULL,'avatar.png','2024-03-25','2024-03-25 15:03:02'),(2,2,'Christian Manuel','Ramirez Heano','43887625','usuario1','3223356020','chramirez80@gmail.com',NULL,'$2y$10$GmxqvuIoX9tx2hSgPjGzu.aapEe9kChA.CY3AsQnM6WRpgjUGBIu6',1,NULL,'2','4','1',NULL,'','2024-01-08','2024-01-08 13:36:48'),(3,1,'David',NULL,NULL,'davidd','3042029684',NULL,NULL,'$2y$10$DrgpIvO86ljunRO6tvuSje0rO/AxH7xdh1Vd8.uI9q8Ss5TQhaZC6',1,NULL,'4',NULL,NULL,NULL,'cliente1/avatar/68c372e2c39e7jdrrperfil2020.jpg',NULL,NULL),(4,1,'Erika S','Sandoval',NULL,'erica',NULL,NULL,NULL,'$2y$10$j4yzD/1U9JLGpS.ODVg1Uumdc4tZwj51YXjHJXg7bnqPZOG0Ri4IS',1,NULL,'4',NULL,NULL,NULL,'cliente1/avatar/68c39913171dbmodelperilshock.jpg',NULL,NULL),(5,2,'Alicia',NULL,NULL,'aliciaa',NULL,NULL,NULL,'1234',1,NULL,'4',NULL,NULL,NULL,'null',NULL,NULL),(7,1,'Erika',NULL,NULL,'Erika',NULL,NULL,NULL,'$2y$10$B61SaYax06NCjNOYVMSzjeLM0IS8Ze/LaFLzl8goFUvsdBv2yaB5y',1,NULL,'4',NULL,NULL,NULL,NULL,NULL,NULL),(10,2,'Erika',NULL,NULL,'erica',NULL,NULL,NULL,'$2y$10$1IP4Zb/7jO7IuDEYh3pD/eiJX8EXKJvyd29s1gsm.Q7BeZ5kN4RIG',1,NULL,'4',NULL,NULL,NULL,NULL,NULL,NULL);
/*!40000 ALTER TABLE `usuarios` ENABLE KEYS */;
UNLOCK TABLES;

--
-- Table structure for table `usuarios_permisos`
--

DROP TABLE IF EXISTS `usuarios_permisos`;
/*!40101 SET @saved_cs_client     = @@character_set_client */;
/*!50503 SET character_set_client = utf8mb4 */;
CREATE TABLE `usuarios_permisos` (
  `id` int NOT NULL AUTO_INCREMENT,
  `usuarioid` int NOT NULL,
  `permisoid` int NOT NULL,
  `created_at` timestamp NULL DEFAULT CURRENT_TIMESTAMP,
  PRIMARY KEY (`id`),
  KEY `usuario_id_idx` (`usuarioid`),
  KEY `permisoid_idx` (`permisoid`),
  CONSTRAINT `permisoid` FOREIGN KEY (`permisoid`) REFERENCES `permisos` (`id`) ON DELETE CASCADE ON UPDATE CASCADE,
  CONSTRAINT `usuarioid` FOREIGN KEY (`usuarioid`) REFERENCES `usuarios` (`id`) ON DELETE CASCADE ON UPDATE CASCADE
) ENGINE=InnoDB AUTO_INCREMENT=15 DEFAULT CHARSET=utf8mb3 COLLATE=utf8mb3_unicode_ci;
/*!40101 SET character_set_client = @saved_cs_client */;

--
-- Dumping data for table `usuarios_permisos`
--

LOCK TABLES `usuarios_permisos` WRITE;
/*!40000 ALTER TABLE `usuarios_permisos` DISABLE KEYS */;
INSERT INTO `usuarios_permisos` VALUES (1,3,1,'2025-09-12 03:42:45'),(2,3,2,'2025-09-12 03:42:45'),(3,3,4,'2025-09-12 03:42:45'),(5,4,1,'2025-09-12 03:52:51'),(6,4,2,'2025-09-12 03:52:51'),(7,5,9,'2025-09-12 04:32:24'),(8,3,6,'2025-09-22 01:22:50'),(9,3,9,'2025-09-22 01:23:06'),(10,4,5,'2025-10-14 02:07:02'),(11,7,1,'2025-10-19 22:21:49'),(12,7,5,'2025-10-19 22:21:49'),(13,10,1,'2025-10-19 22:46:02'),(14,10,5,'2025-10-19 22:46:02');
/*!40000 ALTER TABLE `usuarios_permisos` ENABLE KEYS */;
UNLOCK TABLES;

--
-- Table structure for table `ventas`
--

DROP TABLE IF EXISTS `ventas`;
/*!40101 SET @saved_cs_client     = @@character_set_client */;
/*!50503 SET character_set_client = utf8mb4 */;
CREATE TABLE `ventas` (
  `id` int NOT NULL AUTO_INCREMENT,
  `idfactura` int NOT NULL,
  `idproducto` int DEFAULT NULL,
  `tipoproducto` tinyint(1) DEFAULT NULL,
  `tipoproduccion` tinyint(1) DEFAULT NULL,
  `rendimientoestandar` decimal(11,2) DEFAULT NULL,
  `nombreproducto` varchar(124) CHARACTER SET utf8mb3 COLLATE utf8mb3_spanish_ci NOT NULL,
  `foto` varchar(99) CHARACTER SET utf8mb3 COLLATE utf8mb3_spanish_ci DEFAULT NULL,
  `costo` decimal(12,2) DEFAULT NULL,
  `valorunidad` decimal(12,2) DEFAULT NULL,
  `cantidad` decimal(10,2) NOT NULL,
  `subtotal` decimal(13,2) DEFAULT NULL,
  `base` decimal(12,3) DEFAULT NULL,
  `impuesto` varchar(11) CHARACTER SET utf8mb3 COLLATE utf8mb3_spanish_ci DEFAULT NULL,
  `valorimp` decimal(12,3) DEFAULT NULL,
  `descuento` decimal(12,2) DEFAULT NULL,
  `total` decimal(13,2) DEFAULT NULL,
  `dato1` varchar(45) CHARACTER SET utf8mb3 COLLATE utf8mb3_spanish_ci DEFAULT NULL,
  `dato2` varchar(45) CHARACTER SET utf8mb3 COLLATE utf8mb3_spanish_ci DEFAULT NULL,
  PRIMARY KEY (`id`),
  KEY `idproducto_idx` (`idproducto`),
  KEY `idfactura_idx` (`idfactura`),
  CONSTRAINT `idfactura` FOREIGN KEY (`idfactura`) REFERENCES `facturas` (`id`) ON DELETE CASCADE ON UPDATE CASCADE,
  CONSTRAINT `idproducto` FOREIGN KEY (`idproducto`) REFERENCES `productos` (`id`) ON DELETE SET NULL ON UPDATE CASCADE
) ENGINE=InnoDB AUTO_INCREMENT=262 DEFAULT CHARSET=utf8mb3 COLLATE=utf8mb3_unicode_ci;
/*!40101 SET character_set_client = @saved_cs_client */;

--
-- Dumping data for table `ventas`
--

LOCK TABLES `ventas` WRITE;
/*!40000 ALTER TABLE `ventas` DISABLE KEYS */;
INSERT INTO `ventas` VALUES (1,1,3,1,1,1.00,'Taladro percutor BLACK AND DECKER 550W 1/2','undefined',NULL,213900.00,2.00,427800.00,427800.000,'excluido',0.000,0.00,427800.00,'',''),(2,2,5,0,1,1.00,'Pistola de impacto ingersoll rand','null',NULL,922000.00,1.00,922000.00,922000.000,'excluido',0.000,0.00,922000.00,'',''),(3,3,7,0,0,1.00,'Remachadora','null',NULL,18500.00,1.00,18500.00,18500.000,'excluido',0.000,0.00,18500.00,'',''),(4,3,10,0,0,1.00,'Llave 1/2','null',NULL,10000.00,1.00,10000.00,10000.000,'excluido',0.000,0.00,10000.00,'',''),(5,10,6,0,1,1.00,'Vitamina women Blend','cliente1/productos/6742b5f92e199vitaminas5.jpg',NULL,180000.00,1.00,180000.00,180000.000,'0',0.000,0.00,180000.00,'',''),(6,10,NULL,0,0,1.00,'Llave 3/8','null',NULL,10000.00,2.00,20000.00,20000.000,'0',0.000,0.00,20000.00,'',''),(7,10,3,1,1,1.00,'Taladro percutor BLACK AND DECKER 550W 1/2','undefined',NULL,213900.00,1.00,213900.00,213900.000,'0',0.000,0.00,213900.00,'',''),(8,10,4,0,1,1.00,'Atornillador Inalambrico Dewalt 12W de 1/2','undefined',NULL,211000.00,1.00,211000.00,211000.000,'0',0.000,0.00,211000.00,'',''),(9,10,10,0,0,1.00,'Llave 1/2','null',NULL,10000.00,1.00,10000.00,10000.000,'excluido',0.000,0.00,10000.00,'',''),(10,10,13,0,0,1.00,'proteina 5kg','cliente1/productos/68854e852bf53proteina4.jpg',NULL,140000.00,1.00,140000.00,140000.000,'excluido',0.000,0.00,140000.00,'',''),(11,11,6,0,1,1.00,'Vitamina women Blend','cliente1/productos/6742b5f92e199vitaminas5.jpg',NULL,180000.00,1.00,180000.00,180000.000,'0',0.000,0.00,180000.00,'',''),(12,11,NULL,0,0,1.00,'Llave 3/8','null',NULL,10000.00,2.00,20000.00,20000.000,'0',0.000,0.00,20000.00,'',''),(13,11,3,1,1,1.00,'Taladro percutor BLACK AND DECKER 550W 1/2','undefined',NULL,213900.00,1.00,213900.00,213900.000,'0',0.000,0.00,213900.00,'',''),(14,11,4,0,1,1.00,'Atornillador Inalambrico Dewalt 12W de 1/2','undefined',NULL,211000.00,1.00,211000.00,211000.000,'0',0.000,0.00,211000.00,'',''),(15,11,10,0,0,1.00,'Llave 1/2','null',NULL,10000.00,1.00,10000.00,10000.000,'0',0.000,0.00,10000.00,'',''),(16,11,13,0,0,1.00,'proteina 5kg','cliente1/productos/68854e852bf53proteina4.jpg',NULL,140000.00,1.00,140000.00,140000.000,'0',0.000,0.00,140000.00,'',''),(17,12,NULL,0,0,1.00,'Llave 3/8','null',NULL,10000.00,1.00,10000.00,10000.000,'excluido',0.000,0.00,10000.00,'',''),(18,12,12,0,0,1.00,'Proteina 10kg','null',NULL,250000.00,1.00,250000.00,250000.000,'excluido',0.000,0.00,250000.00,'',''),(19,12,13,0,0,1.00,'proteina 5kg','cliente1/productos/68854e852bf53proteina4.jpg',NULL,140000.00,1.00,140000.00,140000.000,'excluido',0.000,0.00,140000.00,'',''),(20,13,8,0,0,1.00,'Taladro Rotomartillo dewalt 1/2 650w','null',NULL,284600.00,1.00,284600.00,284600.000,'excluido',0.000,0.00,284600.00,'',''),(21,13,5,0,1,1.00,'Pistola de impacto ingersoll rand','null',NULL,922000.00,1.00,922000.00,922000.000,'excluido',0.000,0.00,922000.00,'',''),(22,13,6,0,1,1.00,'Vitamina women Blend','cliente1/productos/6742b5f92e199vitaminas5.jpg',NULL,180000.00,1.00,180000.00,180000.000,'excluido',0.000,0.00,180000.00,'',''),(23,14,8,0,0,1.00,'Taladro Rotomartillo dewalt 1/2 650w','null',NULL,284600.00,1.00,284600.00,284600.000,'0',0.000,0.00,284600.00,'',''),(24,14,5,0,1,1.00,'Pistola de impacto ingersoll rand','null',NULL,922000.00,1.00,922000.00,922000.000,'0',0.000,0.00,922000.00,'',''),(25,14,6,0,1,1.00,'Vitamina women Blend','cliente1/productos/6742b5f92e199vitaminas5.jpg',NULL,180000.00,1.00,180000.00,180000.000,'0',0.000,0.00,180000.00,'',''),(26,15,7,0,0,1.00,'Remachadora','null',NULL,18500.00,1.00,18500.00,18500.000,'excluido',0.000,0.00,18500.00,'',''),(27,15,6,0,1,1.00,'Vitamina women Blend','cliente1/productos/6742b5f92e199vitaminas5.jpg',NULL,180000.00,3.00,540000.00,540000.000,'excluido',0.000,0.00,540000.00,'',''),(28,15,3,1,1,1.00,'Taladro percutor BLACK AND DECKER 550W 1/2','undefined',NULL,213900.00,1.00,213900.00,213900.000,'excluido',0.000,0.00,213900.00,'',''),(29,15,5,0,1,1.00,'Pistola de impacto ingersoll rand','null',NULL,922000.00,1.00,922000.00,922000.000,'excluido',0.000,0.00,922000.00,'',''),(30,15,2,1,0,3.00,'Pulidora DeWALT 8200rpm 1/2','cliente1/productos/671f1676979c8pulidora.jpg',NULL,598000.00,1.00,598000.00,598000.000,'excluido',0.000,0.00,598000.00,'',''),(31,16,6,0,1,1.00,'Vitamina women Blend','cliente1/productos/6742b5f92e199vitaminas5.jpg',NULL,180000.00,2.00,360000.00,360000.000,'excluido',0.000,0.00,360000.00,'',''),(32,16,NULL,0,0,1.00,'Llave 3/8','null',NULL,10000.00,1.00,10000.00,10000.000,'excluido',0.000,0.00,10000.00,'',''),(33,16,10,0,0,1.00,'Llave 1/2','null',NULL,10000.00,1.00,10000.00,10000.000,'excluido',0.000,0.00,10000.00,'',''),(34,17,14,0,0,1.00,'Soldador sm h143','null',NULL,487000.00,2.00,974000.00,974000.000,'excluido',0.000,0.00,974000.00,'',''),(35,17,17,1,0,1.00,'Mezcladorax','null',NULL,380000.00,1.00,380000.00,380000.000,'excluido',0.000,0.00,380000.00,'',''),(36,17,18,0,0,1.00,'Esmeril','null',NULL,285000.00,3.00,855000.00,855000.000,'excluido',0.000,0.00,855000.00,'',''),(37,18,NULL,0,0,1.00,'Llave 3/8','null',NULL,10000.00,1.00,10000.00,10000.000,'excluido',0.000,0.00,10000.00,'',''),(38,18,10,0,0,1.00,'Llave 1/2','null',NULL,10000.00,2.00,20000.00,20000.000,'excluido',0.000,0.00,20000.00,'',''),(39,22,7,0,0,1.00,'Remachadora','null',10000.00,18500.00,2.00,37000.00,37000.000,'excluido',0.000,0.00,37000.00,'',''),(40,22,6,0,1,1.00,'Vitamina women Blend','cliente1/productos/6742b5f92e199vitaminas5.jpg',83333.33,180000.00,1.00,180000.00,180000.000,'excluido',0.000,0.00,180000.00,'',''),(41,23,12,0,0,1.00,'Proteina 10kg','null',315000.00,250000.00,1.00,250000.00,250000.000,'excluido',0.000,0.00,250000.00,'',''),(42,23,15,1,0,1.00,'Arena','null',0.00,3000.00,1.00,3000.00,3000.000,'excluido',0.000,0.00,3000.00,'',''),(43,24,3,1,1,1.00,'Taladro percutor BLACK AND DECKER 550W 1/2','undefined',7698.00,213900.00,1.00,213900.00,213900.000,'excluido',0.000,0.00,213900.00,'',''),(44,24,6,0,1,1.00,'Vitamina women Blend','cliente1/productos/6742b5f92e199vitaminas5.jpg',83333.33,180000.00,1.00,180000.00,180000.000,'excluido',0.000,0.00,180000.00,'',''),(45,25,7,0,0,1.00,'Remachadora','null',10000.00,18500.00,1.00,18500.00,18500.000,'excluido',0.000,0.00,18500.00,'',''),(46,26,NULL,0,0,1.00,'Llave 3/8','null',21000.00,10000.00,1.00,10000.00,10000.000,'excluido',0.000,0.00,10000.00,'',''),(47,26,12,0,0,1.00,'Proteina 10kg','null',315000.00,250000.00,1.00,250000.00,250000.000,'excluido',0.000,0.00,250000.00,'',''),(48,27,3,1,1,1.00,'Taladro percutor BLACK AND DECKER 550W 1/2','undefined',7698.00,213900.00,1.00,213900.00,213900.000,'excluido',0.000,0.00,213900.00,'',''),(49,27,6,0,1,1.00,'Vitamina women Blend','cliente1/productos/6742b5f92e199vitaminas5.jpg',83333.33,180000.00,1.00,180000.00,180000.000,'excluido',0.000,0.00,180000.00,'',''),(50,28,5,0,1,1.00,'Pistola de impacto ingersoll rand','null',150000.00,922000.00,1.00,922000.00,922000.000,'excluido',0.000,0.00,922000.00,'',''),(51,29,6,0,1,1.00,'Vitamina women Blend','cliente1/productos/6742b5f92e199vitaminas5.jpg',83333.33,180000.00,1.00,180000.00,180000.000,'excluido',0.000,0.00,180000.00,'',''),(52,30,6,0,1,1.00,'Vitamina women Blend','cliente1/productos/6742b5f92e199vitaminas5.jpg',83333.33,180000.00,2.00,360000.00,360000.000,'excluido',0.000,0.00,360000.00,'',''),(53,31,6,0,1,1.00,'Vitamina women Blend','cliente1/productos/6742b5f92e199vitaminas5.jpg',83333.33,180000.00,1.00,180000.00,180000.000,'0',0.000,0.00,180000.00,'',''),(54,32,13,0,0,1.00,'proteina 5kg','cliente1/productos/68854e852bf53proteina4.jpg',0.00,140000.00,1.00,140000.00,117647.059,'19',22352.941,0.00,140000.00,'',''),(55,33,6,0,1,1.00,'Vitamina women Blend','cliente1/productos/6742b5f92e199vitaminas5.jpg',83333.33,180000.00,1.00,180000.00,151260.504,'19',28739.496,0.00,180000.00,'',''),(56,33,13,0,0,1.00,'proteina 5kg','cliente1/productos/68854e852bf53proteina4.jpg',0.00,140000.00,1.00,140000.00,117647.059,'19',22352.941,0.00,140000.00,'',''),(57,34,13,0,0,1.00,'proteina 5kg','cliente1/productos/68854e852bf53proteina4.jpg',0.00,140000.00,1.00,140000.00,117647.059,'19',22352.941,0.00,140000.00,'',''),(58,34,14,0,0,1.00,'Soldador sm h143','null',150000.00,487000.00,1.00,487000.00,409243.697,'19',77756.303,0.00,487000.00,'',''),(59,35,13,0,0,1.00,'proteina 5kg','cliente1/productos/68854e852bf53proteina4.jpg',0.00,140000.00,1.00,140000.00,117647.059,'19',22352.941,0.00,140000.00,'',''),(60,35,14,0,0,1.00,'Soldador sm h143','null',150000.00,487000.00,1.00,487000.00,409243.697,'19',77756.303,0.00,487000.00,'',''),(61,36,6,0,0,1.00,'Vitamina women Blend','cliente/productos/68e5db6d6772920220523_171313.jpg',83333.33,180000.00,1.00,180000.00,151260.504,'19',28739.496,0.00,180000.00,'',''),(62,37,16,0,0,1.00,'Bi-Pro Vainilla 5kg','null',201000.00,225000.00,2.00,450000.00,450000.000,'excluido',0.000,0.00,450000.00,'',''),(63,38,16,0,0,1.00,'Bi-Pro Vainilla 5kg','null',201000.00,225000.00,3.00,675000.00,675000.000,'excluido',0.000,0.00,675000.00,'',''),(64,31,11,0,0,1.00,'Aspiradorax','cliente1/productos/6724625f84d00aspiradora2.jpg',60000.00,120500.00,2.00,241000.00,202521.008,'19',38478.992,0.00,241000.00,'',''),(65,31,10,0,0,1.00,'Llave 1/2','null',10000.00,10000.00,1.00,10000.00,8403.361,'19',1596.639,0.00,10000.00,'',''),(66,39,4,0,1,1.00,'Atornillador Inalambrico Dewalt 12W de 1/2','undefined',25.00,211000.00,1.00,211000.00,211000.000,'excluido',0.000,0.00,211000.00,'',''),(67,39,7,0,0,1.00,'Remachadora','null',10000.00,18500.00,2.00,37000.00,31092.437,'19',5907.563,0.00,37000.00,'',''),(68,40,6,0,0,1.00,'Vitamina women Blend','cliente/productos/68e5db6d6772920220523_171313.jpg',83333.33,180000.00,1.00,180000.00,180000.000,'excluido',0.000,0.00,180000.00,'',''),(69,40,2,1,0,3.00,'Pulidora DeWALT 8200rpm 1/2','cliente1/productos/671f1676979c8pulidora.jpg',13865.33,598000.00,1.00,598000.00,502521.008,'19',95478.992,0.00,598000.00,'',''),(70,41,10,0,0,1.00,'Llave 1/2','null',10000.00,10000.00,2.00,20000.00,16806.723,'19',3193.277,0.00,20000.00,'',''),(71,41,11,0,0,1.00,'Aspiradorax','cliente1/productos/6724625f84d00aspiradora2.jpg',60000.00,120500.00,1.00,120500.00,101260.504,'19',19239.496,0.00,120500.00,'',''),(72,42,4,0,1,1.00,'Atornillador Inalambrico Dewalt 12W de 1/2','undefined',25.00,211000.00,1.00,211000.00,211000.000,'excluido',0.000,0.00,211000.00,'',''),(73,42,5,0,1,1.00,'Pistola de impacto ingersoll rand','null',150000.00,922000.00,1.00,922000.00,794827.586,'16',127172.414,0.00,922000.00,'',''),(74,43,6,0,0,1.00,'Vitamina women Blend','cliente/productos/68e5db6d6772920220523_171313.jpg',83333.33,180000.00,1.00,180000.00,180000.000,'0',0.000,0.00,180000.00,'',''),(75,43,7,0,0,1.00,'Remachadora','null',10000.00,18500.00,1.00,18500.00,15546.218,'19',2953.782,0.00,18500.00,'',''),(76,44,4,0,1,1.00,'Atornillador Inalambrico Dewalt 12W de 1/2','undefined',25.00,211000.00,1.00,211000.00,211000.000,'excluido',0.000,0.00,211000.00,'',''),(77,44,5,0,1,1.00,'Pistola de impacto ingersoll rand','null',150000.00,922000.00,1.00,922000.00,794827.586,'16',127172.414,0.00,922000.00,'',''),(96,53,2,1,0,3.00,'Pulidora DeWALT 8200rpm 1/2','cliente1/productos/671f1676979c8pulidora.jpg',6965.33,598000.00,1.00,598000.00,502521.008,'19',95478.992,0.00,598000.00,'',''),(97,53,3,1,1,1.00,'Taladro percutor BLACK AND DECKER 550W 1/2','undefined',798.00,213900.00,1.00,213900.00,213900.000,'0',0.000,0.00,213900.00,'',''),(98,54,6,0,0,1.00,'Vitamina women Blend','cliente/productos/68e5db6d6772920220523_171313.jpg',98000.00,180000.00,1.00,180000.00,151260.504,'19',28739.496,0.00,180000.00,'',''),(99,54,7,0,0,1.00,'Remachadora','null',10000.00,18500.00,1.00,18500.00,15546.218,'19',2953.782,0.00,18500.00,'',''),(100,54,11,0,0,1.00,'Aspiradorax','cliente1/productos/6724625f84d00aspiradora2.jpg',60000.00,120500.00,1.00,120500.00,101260.504,'19',19239.496,0.00,120500.00,'',''),(101,55,10,0,0,1.00,'Llave 1/2','null',9500.00,10000.00,5.00,50000.00,42016.807,'19',7983.193,0.00,50000.00,'',''),(102,55,7,0,0,1.00,'Remachadora','null',10000.00,18500.00,3.00,55500.00,46638.655,'19',8861.345,0.00,55500.00,'',''),(103,55,31,0,0,1.00,'Ceramica 40*40 m2','cliente/productos/68e5f698d8c49pexels-ahmetyuksek-34123162.jpg',0.00,23000.00,1.00,23000.00,19327.731,'19',3672.269,0.00,23000.00,'',''),(104,55,31,0,0,1.00,'Ceramica 40*40 m2','cliente/productos/68e5f698d8c49pexels-ahmetyuksek-34123162.jpg',0.00,0.00,1.00,0.00,0.000,'19',0.000,0.00,0.00,'',''),(105,56,31,0,0,1.00,'Ceramica 40*40 m2','cliente/productos/68e5f698d8c49pexels-ahmetyuksek-34123162.jpg',0.00,23000.00,3.00,69000.00,57983.193,'19',11016.807,0.00,69000.00,'',''),(106,57,31,0,0,1.00,'Ceramica 40*40 m2','cliente/productos/68e5f698d8c49pexels-ahmetyuksek-34123162.jpg',0.00,22000.00,1.00,22000.00,18487.395,'19',3512.605,0.00,22000.00,'',''),(107,58,31,0,0,1.00,'Ceramica 40*40 m2','cliente/productos/68e5f698d8c49pexels-ahmetyuksek-34123162.jpg',0.00,22000.00,3.00,66000.00,55462.185,'19',10537.815,0.00,66000.00,'',''),(108,59,31,0,0,1.00,'Ceramica 40*40 m2','cliente/productos/68e5f698d8c49pexels-ahmetyuksek-34123162.jpg',0.00,23000.00,1.00,23000.00,19327.731,'19',3672.269,0.00,23000.00,'',''),(109,59,31,0,0,1.00,'Ceramica 40*40 m2','cliente/productos/68e5f698d8c49pexels-ahmetyuksek-34123162.jpg',0.00,0.00,1.00,0.00,0.000,'19',0.000,0.00,0.00,'',''),(110,60,31,0,0,1.00,'Ceramica 40*40 m2','cliente/productos/68e5f698d8c49pexels-ahmetyuksek-34123162.jpg',0.00,20900.00,3.00,62700.00,52689.076,'19',10010.924,0.00,62700.00,'',''),(111,61,31,0,0,1.00,'Ceramica 40*40 m2','cliente/productos/68e5f698d8c49pexels-ahmetyuksek-34123162.jpg',0.00,20900.00,1.00,20900.00,17563.025,'19',3336.975,0.00,20900.00,'',''),(112,61,31,0,0,1.00,'Ceramica 40*40 m2','cliente/productos/68e5f698d8c49pexels-ahmetyuksek-34123162.jpg',0.00,23000.00,1.00,23000.00,19327.731,'19',3672.269,0.00,23000.00,'',''),(113,62,31,0,0,1.00,'Ceramica 40*40 m2','cliente/productos/68e5f698d8c49pexels-ahmetyuksek-34123162.jpg',0.00,20900.00,2.00,41800.00,35126.050,'19',6673.950,0.00,41800.00,'',''),(114,62,31,0,0,1.00,'Ceramica 40*40 m2','cliente/productos/68e5f698d8c49pexels-ahmetyuksek-34123162.jpg',0.00,23000.00,3.00,69000.00,57983.193,'19',11016.807,0.00,69000.00,'',''),(115,63,31,0,0,1.00,'Ceramica 40*40 m2','cliente/productos/68e5f698d8c49pexels-ahmetyuksek-34123162.jpg',0.00,20900.00,2.00,41800.00,35126.050,'19',6673.950,0.00,41800.00,'',''),(116,63,31,0,0,1.00,'Ceramica 40*40 m2','cliente/productos/68e5f698d8c49pexels-ahmetyuksek-34123162.jpg',0.00,23000.00,1.00,23000.00,19327.731,'19',3672.269,0.00,23000.00,'',''),(117,64,31,0,0,1.00,'Ceramica 40*40 m2','cliente/productos/68e5f698d8c49pexels-ahmetyuksek-34123162.jpg',0.00,23000.00,2.00,46000.00,38655.462,'19',7344.538,0.00,46000.00,'',''),(118,64,31,0,0,1.00,'Ceramica 40*40 m2','cliente/productos/68e5f698d8c49pexels-ahmetyuksek-34123162.jpg',0.00,20900.00,1.00,20900.00,17563.025,'19',3336.975,0.00,20900.00,'',''),(119,65,31,0,0,1.00,'Ceramica 40*40 m2','cliente/productos/68e5f698d8c49pexels-ahmetyuksek-34123162.jpg',0.00,23000.00,6.00,92000.00,77310.924,'19',14689.076,0.00,92000.00,'',''),(120,65,31,0,0,1.00,'Ceramica 40*40 m2','cliente/productos/68e5f698d8c49pexels-ahmetyuksek-34123162.jpg',0.00,20900.00,2.00,41800.00,35126.050,'19',6673.950,0.00,41800.00,'',''),(121,66,31,0,0,1.00,'Ceramica 40*40 m2','cliente/productos/68e5f698d8c49pexels-ahmetyuksek-34123162.jpg',0.00,23000.00,3.00,46000.00,38655.462,'19',7344.538,0.00,46000.00,'',''),(122,66,31,0,0,1.00,'Ceramica 40*40 m2','cliente/productos/68e5f698d8c49pexels-ahmetyuksek-34123162.jpg',0.00,20900.00,1.00,20900.00,17563.025,'19',3336.975,0.00,20900.00,'',''),(123,67,31,0,0,1.00,'Ceramica 40*40 m2','cliente/productos/68e5f698d8c49pexels-ahmetyuksek-34123162.jpg',0.00,23000.00,2.00,46000.00,38655.462,'19',7344.538,0.00,46000.00,'',''),(124,67,31,0,0,1.00,'Ceramica 40*40 m2','cliente/productos/68e5f698d8c49pexels-ahmetyuksek-34123162.jpg',0.00,20900.00,1.00,20900.00,17563.025,'19',3336.975,0.00,20900.00,'',''),(125,68,31,0,0,1.00,'Ceramica 40*40 m2','cliente/productos/68e5f698d8c49pexels-ahmetyuksek-34123162.jpg',0.00,23000.00,2.00,46000.00,38655.462,'19',7344.538,0.00,46000.00,'',''),(126,68,31,0,0,1.00,'Ceramica 40*40 m2','cliente/productos/68e5f698d8c49pexels-ahmetyuksek-34123162.jpg',0.00,20900.00,1.00,20900.00,17563.025,'19',3336.975,0.00,20900.00,'',''),(127,69,31,0,0,1.00,'Ceramica 40*40 m2','cliente/productos/68e5f698d8c49pexels-ahmetyuksek-34123162.jpg',0.00,23000.00,2.00,46000.00,38655.462,'19',7344.538,0.00,46000.00,'',''),(128,69,31,0,0,1.00,'Ceramica 40*40 m2','cliente/productos/68e5f698d8c49pexels-ahmetyuksek-34123162.jpg',0.00,20900.00,1.00,20900.00,17563.025,'19',3336.975,0.00,20900.00,'',''),(129,70,31,0,0,1.00,'Ceramica 40*40 m2','cliente/productos/68e5f698d8c49pexels-ahmetyuksek-34123162.jpg',0.00,20900.00,3.00,62700.00,52689.076,'19',10010.924,0.00,62700.00,'',''),(130,70,31,0,0,1.00,'Ceramica 40*40 m2','cliente/productos/68e5f698d8c49pexels-ahmetyuksek-34123162.jpg',0.00,23000.00,1.00,23000.00,19327.731,'19',3672.269,0.00,23000.00,'',''),(131,71,31,0,0,1.00,'Ceramica 40*40 m2','cliente/productos/68e5f698d8c49pexels-ahmetyuksek-34123162.jpg',0.00,20900.00,3.00,62700.00,52689.076,'19',10010.924,0.00,62700.00,'',''),(132,72,4,0,1,1.00,'Atornillador Inalambrico Dewalt 12W de 1/2','undefined',25.00,211000.00,1.00,211000.00,211000.000,'0',0.000,0.00,211000.00,'',''),(133,72,5,0,1,1.00,'Pistola de impacto ingersoll rand','null',150000.00,922000.00,1.00,922000.00,794827.586,'16',127172.414,0.00,922000.00,'',''),(134,72,12,0,0,1.00,'Proteina 10kg','cliente/productos/68e5dbd21a81320250821_200245.jpg',315000.00,250000.00,1.00,250000.00,210084.034,'19',39915.966,0.00,250000.00,'',''),(135,72,31,0,0,1.00,'Ceramica 40*40 m2','cliente/productos/68e5f698d8c49pexels-ahmetyuksek-34123162.jpg',0.00,23000.00,2.00,46000.00,38655.462,'19',7344.538,0.00,46000.00,'',''),(136,72,31,0,0,1.00,'Ceramica 40*40 m2','cliente/productos/68e5f698d8c49pexels-ahmetyuksek-34123162.jpg',0.00,20900.00,3.00,62700.00,52689.076,'19',10010.924,0.00,62700.00,'',''),(139,76,1,-1,-1,1.00,'servicio contable','na',0.00,200.00,1.00,200.00,200.000,'0',0.000,0.00,200.00,'',''),(140,76,1,-1,-1,1.00,'servicio contable','na',0.00,3500.00,2.00,7000.00,7000.000,'0',0.000,0.00,7000.00,'',''),(141,43,12,0,0,1.00,'Proteina 10kg','cliente/productos/68e5dbd21a81320250821_200245.jpg',315000.00,250000.00,1.00,250000.00,210084.034,'19',39915.966,0.00,250000.00,'',''),(152,93,3,1,1,1.00,'Taladro percutor BLACK AND DECKER 550W 1/2','undefined',798.00,213900.00,1.00,213900.00,213900.000,'excluido',0.000,0.00,213900.00,'',''),(153,94,3,1,1,1.00,'Taladro percutor BLACK AND DECKER 550W 1/2','undefined',798.00,213900.00,1.00,213900.00,213900.000,'excluido',0.000,0.00,213900.00,'',''),(154,95,3,1,1,1.00,'Taladro percutor BLACK AND DECKER 550W 1/2','undefined',798.00,213900.00,1.00,213900.00,213900.000,'excluido',0.000,0.00,213900.00,'',''),(155,98,5,0,0,1.00,'Pistola de impacto ingersoll rand','null',90000.00,922000.00,1.00,922000.00,922000.000,'excluido',0.000,0.00,922000.00,'',''),(156,102,3,1,1,1.00,'Taladro percutor BLACK AND DECKER 550W 1/2','undefined',798.00,213900.00,1.00,213900.00,213900.000,'excluido',0.000,0.00,213900.00,'',''),(157,103,5,0,0,1.00,'Pistola de impacto ingersoll rand','null',90000.00,922000.00,1.00,922000.00,922000.000,'excluido',0.000,0.00,922000.00,'',''),(158,104,7,0,0,1.00,'Remachadora','null',10000.00,18500.00,1.00,18500.00,18500.000,'excluido',0.000,0.00,18500.00,'',''),(159,107,3,1,1,1.00,'Taladro percutor BLACK AND DECKER 550W 1/2','undefined',798.00,213900.00,1.00,213900.00,213900.000,'excluido',0.000,0.00,213900.00,'',''),(160,109,10,0,0,1.00,'Llave 1/2','null',9500.00,10000.00,1.00,10000.00,10000.000,'excluido',0.000,0.00,10000.00,'',''),(161,110,7,0,0,1.00,'Remachadora','null',10000.00,18500.00,1.00,18500.00,18500.000,'excluido',0.000,0.00,18500.00,'',''),(162,116,7,0,0,1.00,'Remachadora','null',10000.00,18500.00,1.00,18500.00,18500.000,'excluido',0.000,0.00,18500.00,'',''),(163,117,5,0,0,1.00,'Pistola de impacto ingersoll rand','null',90000.00,922000.00,1.00,922000.00,922000.000,'excluido',0.000,0.00,922000.00,'',''),(164,118,2,1,0,3.00,'Pulidora DeWALT 8200rpm 1/2','cliente1/productos/671f1676979c8pulidora.jpg',6965.33,598000.00,1.00,598000.00,598000.000,'excluido',0.000,0.00,598000.00,'',''),(165,119,12,0,0,1.00,'Proteina 10kg','cliente/productos/68e5dbd21a81320250821_200245.jpg',315000.00,250000.00,1.00,250000.00,250000.000,'excluido',0.000,0.00,250000.00,'',''),(166,119,7,0,0,1.00,'Remachadora','null',10000.00,18500.00,1.00,18500.00,18500.000,'excluido',0.000,0.00,18500.00,'',''),(167,120,7,0,0,1.00,'Remachadora','null',10000.00,18500.00,1.00,18500.00,18500.000,'excluido',0.000,0.00,18500.00,'',''),(168,121,7,0,0,1.00,'Remachadora','null',10000.00,18500.00,1.00,18500.00,18500.000,'excluido',0.000,0.00,18500.00,'',''),(169,122,11,0,0,1.00,'Aspiradorax','cliente1/productos/6724625f84d00aspiradora2.jpg',60000.00,120500.00,1.00,120500.00,120500.000,'excluido',0.000,0.00,120500.00,'',''),(170,123,7,0,0,1.00,'Remachadora','null',10000.00,18500.00,1.00,18500.00,18500.000,'excluido',0.000,0.00,18500.00,'',''),(171,126,7,0,0,1.00,'Remachadora','null',10000.00,18500.00,1.00,18500.00,18500.000,'excluido',0.000,0.00,18500.00,'',''),(172,127,10,0,0,1.00,'Llave 1/2','null',9500.00,10000.00,1.00,10000.00,10000.000,'excluido',0.000,0.00,10000.00,'',''),(173,128,7,0,0,1.00,'Remachadora','null',10000.00,18500.00,1.00,18500.00,18500.000,'excluido',0.000,0.00,18500.00,'',''),(174,129,7,0,0,1.00,'Remachadora','null',10000.00,18500.00,1.00,18500.00,18500.000,'excluido',0.000,0.00,18500.00,'',''),(175,130,19,0,0,1.00,'Corta frio','null',5000.00,11500.00,1.00,11500.00,11500.000,'excluido',0.000,0.00,11500.00,'',''),(176,131,4,0,0,1.00,'Atornillador Inalambrico Dewalt 12W de 1/2','undefined',105000.00,211000.00,1.00,211000.00,211000.000,'excluido',0.000,0.00,211000.00,'',''),(177,132,6,0,0,1.00,'Vitamina women Blend','cliente/productos/690006fe87753burger-king-logo-default.jpg',45500.00,180000.00,2.00,360000.00,360000.000,'excluido',0.000,0.00,360000.00,'',''),(178,133,6,0,0,1.00,'Vitamina women Blend','cliente/productos/690006fe87753burger-king-logo-default.jpg',45500.00,180000.00,2.00,360000.00,360000.000,'excluido',0.000,0.00,360000.00,'',''),(179,134,6,0,0,1.00,'Vitamina women Blend','cliente/productos/690006fe87753burger-king-logo-default.jpg',45500.00,180000.00,1.00,180000.00,180000.000,'excluido',0.000,0.00,180000.00,'',''),(180,135,6,0,0,1.00,'Vitamina women Blend','cliente/productos/690006fe87753burger-king-logo-default.jpg',45500.00,180000.00,1.00,180000.00,180000.000,'excluido',0.000,0.00,180000.00,'',''),(181,136,6,0,0,1.00,'Vitamina women Blend','cliente/productos/690006fe87753burger-king-logo-default.jpg',45500.00,180000.00,3.00,540000.00,540000.000,'excluido',0.000,0.00,540000.00,'',''),(182,137,6,0,0,1.00,'Vitamina women Blend','cliente/productos/690006fe87753burger-king-logo-default.jpg',45500.00,180000.00,1.00,180000.00,180000.000,'excluido',0.000,0.00,180000.00,'',''),(183,137,7,0,0,1.00,'Remachadora','null',10000.00,18500.00,1.00,18500.00,18500.000,'excluido',0.000,0.00,18500.00,'',''),(184,138,6,0,0,1.00,'Vitamina women Blend','cliente/productos/690006fe87753burger-king-logo-default.jpg',45500.00,180000.00,1.00,180000.00,180000.000,'excluido',0.000,0.00,180000.00,'',''),(185,138,7,0,0,1.00,'Remachadora','null',10000.00,18500.00,1.00,18500.00,18500.000,'excluido',0.000,0.00,18500.00,'',''),(186,139,6,0,0,1.00,'Vitamina women Blend','cliente/productos/690006fe87753burger-king-logo-default.jpg',45500.00,180000.00,1.00,180000.00,180000.000,'excluido',0.000,0.00,180000.00,'',''),(187,140,6,0,0,1.00,'Vitamina women Blend','cliente/productos/690006fe87753burger-king-logo-default.jpg',45500.00,180000.00,1.00,180000.00,180000.000,'excluido',0.000,0.00,180000.00,'',''),(188,141,6,0,0,1.00,'Vitamina women Blend','cliente/productos/690006fe87753burger-king-logo-default.jpg',45500.00,180000.00,1.00,180000.00,180000.000,'excluido',0.000,0.00,180000.00,'',''),(189,142,6,0,0,1.00,'Vitamina women Blend','cliente/productos/690006fe87753burger-king-logo-default.jpg',45500.00,180000.00,1.00,180000.00,180000.000,'excluido',0.000,0.00,180000.00,'',''),(190,143,6,0,0,1.00,'Vitamina women Blend','cliente/productos/690006fe87753burger-king-logo-default.jpg',45500.00,180000.00,1.00,180000.00,180000.000,'excluido',0.000,0.00,180000.00,'',''),(191,144,6,0,0,1.00,'Vitamina women Blend','cliente/productos/690006fe87753burger-king-logo-default.jpg',45500.00,180000.00,1.00,180000.00,180000.000,'excluido',0.000,0.00,180000.00,'',''),(192,145,6,0,0,1.00,'Vitamina women Blend','cliente/productos/690006fe87753burger-king-logo-default.jpg',45500.00,180000.00,1.00,180000.00,180000.000,'excluido',0.000,0.00,180000.00,'',''),(193,146,6,0,0,1.00,'Vitamina women Blend','cliente/productos/690006fe87753burger-king-logo-default.jpg',45500.00,180000.00,1.00,180000.00,180000.000,'excluido',0.000,0.00,180000.00,'',''),(194,147,6,0,0,1.00,'Vitamina women Blend','cliente/productos/690006fe87753burger-king-logo-default.jpg',45500.00,180000.00,1.00,180000.00,180000.000,'excluido',0.000,0.00,180000.00,'',''),(195,148,6,0,0,1.00,'Vitamina women Blend','cliente/productos/690006fe87753burger-king-logo-default.jpg',45500.00,180000.00,1.00,180000.00,180000.000,'excluido',0.000,0.00,180000.00,'',''),(196,149,6,0,0,1.00,'Vitamina women Blend','cliente/productos/690006fe87753burger-king-logo-default.jpg',45500.00,180000.00,1.00,180000.00,180000.000,'excluido',0.000,0.00,180000.00,'',''),(197,150,6,0,0,1.00,'Vitamina women Blend','cliente/productos/690006fe87753burger-king-logo-default.jpg',45500.00,180000.00,1.00,180000.00,180000.000,'excluido',0.000,0.00,180000.00,'',''),(198,151,4,0,0,1.00,'Atornillador Inalambrico Dewalt 12W de 1/2','undefined',105000.00,211000.00,1.00,211000.00,211000.000,'excluido',0.000,0.00,211000.00,'',''),(199,152,4,0,0,1.00,'Atornillador Inalambrico Dewalt 12W de 1/2','undefined',105000.00,211000.00,1.00,211000.00,211000.000,'excluido',0.000,0.00,211000.00,'',''),(200,153,6,0,0,1.00,'Vitamina women Blend','cliente/productos/690006fe87753burger-king-logo-default.jpg',45500.00,180000.00,1.00,180000.00,180000.000,'excluido',0.000,0.00,180000.00,'',''),(201,154,6,0,0,1.00,'Vitamina women Blend','cliente/productos/690006fe87753burger-king-logo-default.jpg',45500.00,180000.00,1.00,180000.00,180000.000,'0',0.000,0.00,180000.00,'',''),(202,155,6,0,0,1.00,'Vitamina women Blend','cliente/productos/690006fe87753burger-king-logo-default.jpg',45500.00,180000.00,1.00,180000.00,180000.000,'excluido',0.000,0.00,180000.00,'',''),(203,156,31,0,0,1.00,'Ceramica 40*40 m2','cliente/productos/68e5f698d8c49pexels-ahmetyuksek-34123162.jpg',0.00,22000.00,1.00,22000.00,22000.000,'excluido',0.000,0.00,22000.00,'',''),(204,156,31,0,0,1.00,'Ceramica 40*40 m2','cliente/productos/68e5f698d8c49pexels-ahmetyuksek-34123162.jpg',0.00,20900.00,1.00,20900.00,20900.000,'excluido',0.000,0.00,20900.00,'',''),(205,156,31,0,0,1.00,'Ceramica 40*40 m2','cliente/productos/68e5f698d8c49pexels-ahmetyuksek-34123162.jpg',0.00,23000.00,2.00,46000.00,46000.000,'excluido',0.000,0.00,46000.00,'',''),(206,157,1,-1,-1,1.00,'servicio contable','na',0.00,3000000.00,2.00,6000000.00,6000000.000,'0',0.000,0.00,6000000.00,'',''),(207,158,46,0,0,1.00,'servicio1','',0.00,800.00,1.00,800.00,800.000,'0',0.000,0.00,800.00,'',''),(208,159,46,0,0,1.00,'servicio1','',0.00,800.00,1.00,800.00,800.000,'0',0.000,0.00,800.00,'',''),(209,160,46,0,0,1.00,'servicio1','',0.00,800.00,1.00,800.00,800.000,'0',0.000,0.00,800.00,'',''),(210,161,46,0,0,1.00,'servicio1','',0.00,800.00,1.00,800.00,800.000,'0',0.000,0.00,800.00,'',''),(211,162,46,0,0,1.00,'servicio1','',0.00,800.00,1.00,800.00,800.000,'0',0.000,0.00,800.00,'',''),(212,163,46,0,0,1.00,'servicio1','',0.00,800.00,1.00,800.00,800.000,'0',0.000,0.00,800.00,'',''),(213,164,46,0,0,1.00,'servicio1','',0.00,800.00,1.00,800.00,800.000,'0',0.000,0.00,800.00,'',''),(214,165,46,0,0,1.00,'servicio1','',0.00,800.00,1.00,800.00,800.000,'0',0.000,0.00,800.00,'',''),(215,166,46,0,0,1.00,'servicio1','',0.00,800.00,1.00,800.00,800.000,'0',0.000,0.00,800.00,'',''),(219,172,46,0,0,1.00,'servicio1','',0.00,800.00,1.00,800.00,800.000,'0',0.000,0.00,800.00,'',''),(220,173,2,1,0,3.00,'Pulidora DeWALT 8200rpm 1/2','cliente1/productos/671f1676979c8pulidora.jpg',13965.33,598000.00,1.00,598000.00,598000.000,'0',0.000,0.00,598000.00,'',''),(221,173,5,0,0,1.00,'Pistola de impacto ingersoll rand','null',90000.00,922000.00,1.00,922000.00,922000.000,'0',0.000,0.00,922000.00,'',''),(222,174,1,-1,-1,1.00,'servicio contable','na',0.00,300.00,2.00,600.00,600.000,'0',0.000,0.00,600.00,'',''),(223,174,46,0,0,1.00,'servicio1','',0.00,800.00,1.00,800.00,800.000,'0',0.000,0.00,800.00,'',''),(224,175,46,0,0,1.00,'servicio1','',0.00,800.00,2.00,1600.00,1600.000,'0',0.000,0.00,1600.00,'',''),(225,175,1,-1,-1,1.00,'servicio contable','na',0.00,600.00,1.00,600.00,600.000,'0',0.000,0.00,600.00,'',''),(226,176,46,0,0,1.00,'servicio1','',0.00,800.00,1.45,1160.00,1160.000,'0',0.000,0.00,1160.00,'',''),(227,177,46,0,0,1.00,'servicio1','',0.00,800.00,1.55,1240.00,1240.000,'0',0.000,0.00,1240.00,'',''),(228,178,46,0,0,1.00,'servicio1','',0.00,800.00,1.00,800.00,800.000,'0',0.000,0.00,800.00,'',''),(229,179,46,0,0,1.00,'servicio1','',0.00,800.00,1.00,800.00,800.000,'0',0.000,0.00,800.00,'',''),(230,180,46,0,0,1.00,'servicio1','',0.00,800.00,1.00,800.00,800.000,'0',0.000,0.00,800.00,'',''),(231,181,46,0,0,1.00,'servicio1','',0.00,800.00,1.00,800.00,800.000,'0',0.000,0.00,800.00,'',''),(232,182,46,0,0,1.00,'servicio1','',0.00,800.00,1.00,800.00,800.000,'0',0.000,0.00,800.00,'',''),(233,183,46,0,0,1.00,'servicio1','',0.00,800.00,2.00,1600.00,1600.000,'0',0.000,0.00,1600.00,'',''),(234,184,46,0,0,1.00,'servicio1','',0.00,800.00,1.00,800.00,800.000,'0',0.000,0.00,800.00,'',''),(235,185,46,0,0,1.00,'servicio1','',0.00,800.00,1.00,800.00,800.000,'0',0.000,0.00,800.00,'',''),(236,186,46,0,0,1.00,'servicio1','',0.00,800.00,1.00,800.00,800.000,'0',0.000,0.00,800.00,'',''),(237,187,46,0,0,1.00,'servicio1','',0.00,800.00,1.00,800.00,800.000,'0',0.000,0.00,800.00,'',''),(238,188,46,0,0,1.00,'servicio1','',0.00,800.00,1.00,800.00,800.000,'0',0.000,0.00,800.00,'',''),(239,189,46,0,0,1.00,'servicio1','',0.00,800.00,1.00,800.00,800.000,'0',0.000,0.00,800.00,'',''),(240,190,46,0,0,1.00,'servicio1','',0.00,800.00,1.00,800.00,800.000,'0',0.000,0.00,800.00,'',''),(241,191,1,-1,-1,1.00,'servicio contable','na',0.00,500.00,1.00,500.00,476.190,'5',23.810,0.00,500.00,'',''),(242,191,46,0,0,1.00,'servicio1','',0.00,800.00,1.00,800.00,800.000,'0',0.000,0.00,800.00,'',''),(245,192,46,0,0,1.00,'servicio1','',0.00,800.00,1.00,800.00,800.000,'0',0.000,0.00,800.00,'',''),(247,193,46,0,0,1.00,'servicio1','',0.00,800.00,1.00,800.00,800.000,'0',0.000,0.00,800.00,'',''),(248,194,46,0,0,1.00,'servicio1','',0.00,800.00,1.00,800.00,800.000,'0',0.000,0.00,800.00,'',''),(249,195,46,0,0,1.00,'servicio1','',0.00,800.00,1.00,800.00,800.000,'0',0.000,0.00,800.00,'',''),(250,196,46,0,0,1.00,'servicio1','',0.00,800.00,1.00,800.00,800.000,'0',0.000,0.00,800.00,'',''),(251,197,46,0,0,1.00,'servicio1','',0.00,800.00,1.00,800.00,800.000,'0',0.000,0.00,800.00,'',''),(252,198,46,0,0,1.00,'servicio1','',0.00,800.00,1.00,800.00,800.000,'0',0.000,0.00,800.00,'',''),(253,199,46,0,0,1.00,'servicio1','',0.00,800.00,1.00,800.00,800.000,'0',0.000,0.00,800.00,'',''),(254,200,46,0,0,1.00,'servicio1','',0.00,800.00,1.00,800.00,800.000,'0',0.000,0.00,800.00,'',''),(256,201,46,0,0,1.00,'servicio1','',0.00,800.00,1.00,800.00,800.000,'0',0.000,0.00,800.00,'',''),(257,202,46,0,0,1.00,'servicio1','',0.00,800.00,1.00,800.00,800.000,'0',0.000,0.00,800.00,'',''),(258,203,46,0,0,1.00,'servicio1','',0.00,800.00,1.00,800.00,800.000,'0',0.000,0.00,800.00,'',''),(259,204,1,-1,-1,1.00,'servicio contable','na',0.00,162.50,4.00,650.00,546.218,'19',103.782,0.00,650.00,'',''),(260,204,1,-1,-1,1.00,'Servicio de mantenimiento','na',0.00,187.50,6.00,1125.00,1071.429,'5',53.571,0.00,1125.00,'',''),(261,205,6,0,0,1.00,'Vitamina women Blend','cliente/productos/690006fe87753burger-king-logo-default.jpg',45500.00,180000.00,1.00,180000.00,180000.000,'0',0.000,0.00,180000.00,'','');
/*!40000 ALTER TABLE `ventas` ENABLE KEYS */;
UNLOCK TABLES;

--
-- Dumping routines for database 'contapos'
--
/*!40103 SET TIME_ZONE=@OLD_TIME_ZONE */;

/*!40101 SET SQL_MODE=@OLD_SQL_MODE */;
/*!40014 SET FOREIGN_KEY_CHECKS=@OLD_FOREIGN_KEY_CHECKS */;
/*!40014 SET UNIQUE_CHECKS=@OLD_UNIQUE_CHECKS */;
/*!40101 SET CHARACTER_SET_CLIENT=@OLD_CHARACTER_SET_CLIENT */;
/*!40101 SET CHARACTER_SET_RESULTS=@OLD_CHARACTER_SET_RESULTS */;
/*!40101 SET COLLATION_CONNECTION=@OLD_COLLATION_CONNECTION */;
/*!40111 SET SQL_NOTES=@OLD_SQL_NOTES */;

-- Dump completed on 2025-12-14 17:38:12
